ISO-10303-21;
HEADER;
FILE_DESCRIPTION(('ViewDefinition[DesignTransferView]'),'2;1');
FILE_NAME('s03-activity.ifc','2026-10-04T12:37:27+08:00',(''),(''),'IfcOpenShell 0.8.5-post1','Bonsai 0.8.5-post1','Nobody');
FILE_SCHEMA(('IFC4'));
ENDSEC;
DATA;
#1=IFCPROJECT('3GtIabeULE6x4hD7E_RmGV',$,'My Project',$,$,$,$,(#10,#22),#5);
#2=IFCSIUNIT(*,.LENGTHUNIT.,$,.METRE.);
#3=IFCSIUNIT(*,.AREAUNIT.,$,.SQUARE_METRE.);
#4=IFCSIUNIT(*,.VOLUMEUNIT.,$,.CUBIC_METRE.);
#5=IFCUNITASSIGNMENT((#4,#2,#3));
#6=IFCCARTESIANPOINT((0.,0.,0.));
#7=IFCDIRECTION((0.,0.,1.));
#8=IFCDIRECTION((1.,0.,0.));
#9=IFCAXIS2PLACEMENT3D(#6,#7,#8);
#10=IFCGEOMETRICREPRESENTATIONCONTEXT($,'Model',3,1.0000000000000001E-05,#9,$);
#11=IFCGEOMETRICREPRESENTATIONSUBCONTEXT('Body','Model',*,*,*,*,#10,$,.MODEL_VIEW.,$);
#12=IFCGEOMETRICREPRESENTATIONSUBCONTEXT('Axis','Model',*,*,*,*,#10,$,.GRAPH_VIEW.,$);
#13=IFCGEOMETRICREPRESENTATIONSUBCONTEXT('Box','Model',*,*,*,*,#10,$,.MODEL_VIEW.,$);
#14=IFCGEOMETRICREPRESENTATIONSUBCONTEXT('Annotation','Model',*,*,*,*,#10,$,.SECTION_VIEW.,$);
#15=IFCGEOMETRICREPRESENTATIONSUBCONTEXT('Annotation','Model',*,*,*,*,#10,$,.ELEVATION_VIEW.,$);
#16=IFCGEOMETRICREPRESENTATIONSUBCONTEXT('Annotation','Model',*,*,*,*,#10,$,.MODEL_VIEW.,$);
#17=IFCGEOMETRICREPRESENTATIONSUBCONTEXT('Annotation','Model',*,*,*,*,#10,$,.PLAN_VIEW.,$);
#18=IFCGEOMETRICREPRESENTATIONSUBCONTEXT('Profile','Model',*,*,*,*,#10,$,.ELEVATION_VIEW.,$);
#19=IFCCARTESIANPOINT((0.,0.));
#20=IFCDIRECTION((1.,0.));
#21=IFCAXIS2PLACEMENT2D(#19,#20);
#22=IFCGEOMETRICREPRESENTATIONCONTEXT($,'Plan',2,1.0000000000000001E-05,#21,$);
#23=IFCGEOMETRICREPRESENTATIONSUBCONTEXT('Axis','Plan',*,*,*,*,#22,$,.GRAPH_VIEW.,$);
#24=IFCGEOMETRICREPRESENTATIONSUBCONTEXT('Body','Plan',*,*,*,*,#22,$,.PLAN_VIEW.,$);
#25=IFCGEOMETRICREPRESENTATIONSUBCONTEXT('Annotation','Plan',*,*,*,*,#22,$,.PLAN_VIEW.,$);
#26=IFCGEOMETRICREPRESENTATIONSUBCONTEXT('Annotation','Plan',*,*,*,*,#22,$,.REFLECTED_PLAN_VIEW.,$);
#27=IFCSITE('3zffy67$r9guh3O_6dg5Ax',$,'My Site',$,$,#50,$,$,$,$,$,$,$,$);
#33=IFCBUILDING('2wo3GY1YHD$xv47l7qiOaW',$,'My Building',$,$,#56,$,$,$,$,$,$);
#39=IFCBUILDINGSTOREY('0$zX$74AXAWgSy9vfdXBiM',$,'2F',$,$,#9928,$,$,$,$);
#45=IFCRELAGGREGATES('0rcCKFsJDCGAUtLhGBmsee',$,$,$,#1,(#27));
#46=IFCCARTESIANPOINT((0.,0.,0.));
#47=IFCDIRECTION((0.,0.,1.));
#48=IFCDIRECTION((1.,0.,0.));
#49=IFCAXIS2PLACEMENT3D(#46,#47,#48);
#50=IFCLOCALPLACEMENT($,#49);
#51=IFCRELAGGREGATES('3tHiPZfO96sQC7vFMd4eiy',$,$,$,#27,(#33));
#52=IFCCARTESIANPOINT((0.,0.,0.));
#53=IFCDIRECTION((0.,0.,1.));
#54=IFCDIRECTION((1.,0.,0.));
#55=IFCAXIS2PLACEMENT3D(#52,#53,#54);
#56=IFCLOCALPLACEMENT(#50,#55);
#57=IFCRELAGGREGATES('1QgJ1cARf9vRf1DBrMPVp$',$,$,$,#33,(#9877,#39,#63));
#63=IFCBUILDINGSTOREY('1uGhnFQc5BivftmPrwK9NN',$,'GF',$,$,#79,$,$,$,$);
#75=IFCCARTESIANPOINT((0.,0.,0.));
#76=IFCDIRECTION((0.,0.,1.));
#77=IFCDIRECTION((1.,0.,0.));
#78=IFCAXIS2PLACEMENT3D(#75,#76,#77);
#79=IFCLOCALPLACEMENT(#56,#78);
#80=IFCWALLTYPE('0nw$58Sb11Iv4TNZ8wcEso',$,'Wall-2F',$,$,(#85),$,$,$,.SOLIDWALL.);
#81=IFCMATERIAL('Unknown',$,$);
#82=IFCMATERIALLAYERSET((#84),$,$);
#83=IFCRELASSOCIATESMATERIAL('2u57I8bl1AwBoxJTlPvI0g',$,$,$,(#80),#82);
#84=IFCMATERIALLAYER(#81,0.10000000000000001,$,$,$,$,$);
#85=IFCPROPERTYSET('1G5$SUlKj60P4RWa30z_HG',$,'EPset_Parametric',$,(#86));
#86=IFCPROPERTYSINGLEVALUE('LayerSetDirection',$,IFCLABEL('AXIS2'),$);
#167=IFCWALL('1eEPhN3Tv9JuTow0b4ogwO',$,'Wall',$,$,#1850,#175,$,$);
#168=IFCRELCONTAINEDINSPATIALSTRUCTURE('2WYnVQdCjAnwI_A$dpq4vl',$,$,$,(#710,#1118,#1884,#1393,#2629,#735,#167,#3782,#1143,#660,#3381,#1418,#760,#2322,#785,#685,#4784,#5069,#4273,#2015,#1323,#810),#63);
#169=IFCRELDEFINESBYTYPE('09Yl00AZX4qOrCHB44jTzQ',$,$,$,(#710,#1118,#1393,#6245,#735,#6345,#167,#6170,#6270,#6370,#1143,#660,#1418,#760,#785,#685,#6295,#6195,#6220,#6145,#6320,#1323,#810),#80);
#170=IFCMATERIALLAYERSETUSAGE(#82,.AXIS2.,.POSITIVE.,0.,$);
#171=IFCRELASSOCIATESMATERIAL('1BiDfSjg51sOE$49lDmWog',$,$,$,(#167),#170);
#175=IFCPRODUCTDEFINITIONSHAPE($,$,(#1877,#1874));
#191=IFCPROPERTYSET('22$HaOtznEae7Oqkxaq60L',$,'EPset_Parametric',$,(#193));
#192=IFCRELDEFINESBYPROPERTIES('1fZGpApAf0Kf593M0iVWX4',$,$,$,(#167),#191);
#193=IFCPROPERTYSINGLEVALUE('Engine',$,IFCLABEL('Bonsai.DumbLayer2'),$);
#660=IFCWALL('0HET5HJmL01uHvrVN4TPV0',$,'Wall',$,$,#671,#666,$,$);
#661=IFCMATERIALLAYERSETUSAGE(#82,.AXIS2.,.POSITIVE.,0.,$);
#662=IFCRELASSOCIATESMATERIAL('3dI9$$SYnF3hFzfNG7sDUA',$,$,$,(#660),#661);
#666=IFCPRODUCTDEFINITIONSHAPE($,$,(#1864,#1861));
#667=IFCCARTESIANPOINT((4.2266049385070801,-2.5901062488555908,0.));
#668=IFCDIRECTION((0.,0.,1.));
#669=IFCDIRECTION((7.5497901264043109E-08,0.99999999999999711,0.));
#670=IFCAXIS2PLACEMENT3D(#667,#668,#669);
#671=IFCLOCALPLACEMENT(#79,#670);
#682=IFCPROPERTYSET('2oqxF$aVb5K9hBAoWJyVyg',$,'EPset_Parametric',$,(#684));
#683=IFCRELDEFINESBYPROPERTIES('1h85G$h$51swKCul95JFFH',$,$,$,(#660),#682);
#684=IFCPROPERTYSINGLEVALUE('Engine',$,IFCLABEL('Bonsai.DumbLayer2'),$);
#685=IFCWALL('3bd5m4nJ98Mhs7QjdYUSht',$,'Wall',$,$,#944,#691,$,$);
#686=IFCMATERIALLAYERSETUSAGE(#82,.AXIS2.,.POSITIVE.,0.,$);
#687=IFCRELASSOCIATESMATERIAL('2VaXHLJxP1A8zVAy_8kU4n',$,$,$,(#685),#686);
#691=IFCPRODUCTDEFINITIONSHAPE($,$,(#989,#986));
#707=IFCPROPERTYSET('3d90UXpHL3vQsxRdLNhEGQ',$,'EPset_Parametric',$,(#709));
#708=IFCRELDEFINESBYPROPERTIES('1O0WQtvlv1w8NDP0NXpS93',$,$,$,(#685),#707);
#709=IFCPROPERTYSINGLEVALUE('Engine',$,IFCLABEL('Bonsai.DumbLayer2'),$);
#710=IFCWALL('1ESTOLtdX43wHMYZHfIvKN',$,'Wall',$,$,#976,#716,$,$);
#711=IFCMATERIALLAYERSETUSAGE(#82,.AXIS2.,.POSITIVE.,0.,$);
#712=IFCRELASSOCIATESMATERIAL('0ETdFGn79F7f3lYRoEdO2H',$,$,$,(#710),#711);
#716=IFCPRODUCTDEFINITIONSHAPE($,$,(#1818,#1815));
#732=IFCPROPERTYSET('0WKNeVqCL9Vx6fQhgr904T',$,'EPset_Parametric',$,(#734));
#733=IFCRELDEFINESBYPROPERTIES('19gN1g0e5AAQUgaY_nGQES',$,$,$,(#710),#732);
#734=IFCPROPERTYSINGLEVALUE('Engine',$,IFCLABEL('Bonsai.DumbLayer2'),$);
#735=IFCWALL('3Gw$dzVWT4lQPv5NdlVw4n',$,'Wall',$,$,#1805,#741,$,$);
#736=IFCMATERIALLAYERSETUSAGE(#82,.AXIS2.,.POSITIVE.,0.,$);
#737=IFCRELASSOCIATESMATERIAL('21XO0mKNf6t9DXrMEeUt_w',$,$,$,(#735),#736);
#741=IFCPRODUCTDEFINITIONSHAPE($,$,(#1800,#1797));
#757=IFCPROPERTYSET('0gU7MIT3L97Q7WrtBoHjxk',$,'EPset_Parametric',$,(#759));
#758=IFCRELDEFINESBYPROPERTIES('0iy$frckv8MvzRJXgBWvmH',$,$,$,(#735),#757);
#759=IFCPROPERTYSINGLEVALUE('Engine',$,IFCLABEL('Bonsai.DumbLayer2'),$);
#760=IFCWALL('3TrdOgygDDSO$t8K066oUl',$,'Wall',$,$,#1040,#766,$,$);
#761=IFCMATERIALLAYERSETUSAGE(#82,.AXIS2.,.POSITIVE.,0.,$);
#762=IFCRELASSOCIATESMATERIAL('1uTKxD751BAedm1qgurt7a',$,$,$,(#760),#761);
#766=IFCPRODUCTDEFINITIONSHAPE($,$,(#1252,#1249));
#782=IFCPROPERTYSET('0kC7f9Z_b4jfxKCMx4eBRq',$,'EPset_Parametric',$,(#784));
#783=IFCRELDEFINESBYPROPERTIES('1Y47kcDDPEl98GCia3SXPo',$,$,$,(#760),#782);
#784=IFCPROPERTYSINGLEVALUE('Engine',$,IFCLABEL('Bonsai.DumbLayer2'),$);
#785=IFCWALL('3j18d3Ukj5$v0wTOOYckMe',$,'Wall',$,$,#1072,#791,$,$);
#786=IFCMATERIALLAYERSETUSAGE(#82,.AXIS2.,.POSITIVE.,0.,$);
#787=IFCRELASSOCIATESMATERIAL('0gKs$_lu50z8dvrj8hFOol',$,$,$,(#785),#786);
#791=IFCPRODUCTDEFINITIONSHAPE($,$,(#1117,#1114));
#807=IFCPROPERTYSET('3vl9VJEtzDWB1OWJPocNRt',$,'EPset_Parametric',$,(#809));
#808=IFCRELDEFINESBYPROPERTIES('3XVjldiX1CM9Ax77tx8EmS',$,$,$,(#785),#807);
#809=IFCPROPERTYSINGLEVALUE('Engine',$,IFCLABEL('Bonsai.DumbLayer2'),$);
#810=IFCWALL('0QHb$Oxx1AcB5kuGXzL5DF',$,'Wall',$,$,#1104,#816,$,$);
#811=IFCMATERIALLAYERSETUSAGE(#82,.AXIS2.,.POSITIVE.,0.,$);
#812=IFCRELASSOCIATESMATERIAL('3HNPi2ve1Bdf0mx8lOMA8m',$,$,$,(#810),#811);
#816=IFCPRODUCTDEFINITIONSHAPE($,$,(#1832,#1829));
#832=IFCPROPERTYSET('3jUPtJwdr3dBbLC1nyKFs8',$,'EPset_Parametric',$,(#834));
#833=IFCRELDEFINESBYPROPERTIES('2D79NoZfP2hRMmzTvedejt',$,$,$,(#810),#832);
#834=IFCPROPERTYSINGLEVALUE('Engine',$,IFCLABEL('Bonsai.DumbLayer2'),$);
#926=IFCRELCONNECTSPATHELEMENTS('3K0SrThDbAwwMkWQK1rK6U',$,$,$,$,#685,#660,(),(),.ATEND.,.ATSTART.);
#940=IFCCARTESIANPOINT((4.2266056217631194,6.4598941802978826,0.));
#941=IFCDIRECTION((0.,0.,1.));
#942=IFCDIRECTION((-0.99999999999998868,-1.5099580252808492E-07,0.));
#943=IFCAXIS2PLACEMENT3D(#940,#941,#942);
#944=IFCLOCALPLACEMENT(#79,#943);
#958=IFCRELCONNECTSPATHELEMENTS('0j5w7dAkH6KgZicKXKvpes',$,$,$,$,#710,#685,(),(),.ATEND.,.ATSTART.);
#972=IFCCARTESIANPOINT((0.77660536766052579,6.4598936593623257,0.));
#973=IFCDIRECTION((0.,0.,1.));
#974=IFCDIRECTION((7.5497901264043123E-08,-0.99999999999999722,0.));
#975=IFCAXIS2PLACEMENT3D(#972,#973,#974);
#976=IFCLOCALPLACEMENT(#79,#975);
#977=IFCCARTESIANPOINTLIST2D(((0.,0.),(0.10000002264937295,0.10000000000000001),(3.3500002616524229,0.10000000000000001),(3.4500002541026329,0.)));
#978=IFCINDEXEDPOLYCURVE(#977,(IFCLINEINDEX((1,2,3,4,1))),$);
#979=IFCARBITRARYCLOSEDPROFILEDEF(.AREA.,$,#978);
#980=IFCCARTESIANPOINT((0.,0.,0.));
#981=IFCDIRECTION((0.,0.,1.));
#982=IFCDIRECTION((1.,0.,0.));
#983=IFCAXIS2PLACEMENT3D(#980,#981,#982);
#984=IFCDIRECTION((0.,0.,1.));
#985=IFCEXTRUDEDAREASOLID(#979,#983,#984,3.);
#986=IFCSHAPEREPRESENTATION(#11,'Body','SweptSolid',(#985));
#987=IFCCARTESIANPOINTLIST2D(((0.,0.),(3.4500002541026329,0.)));
#988=IFCINDEXEDPOLYCURVE(#987,$,$);
#989=IFCSHAPEREPRESENTATION(#23,'Axis','Curve2D',(#988));
#1022=IFCRELCONNECTSPATHELEMENTS('3pjT8$85z9GeL9vRVHi2p4',$,$,$,$,#760,#735,(),(),.ATEND.,.ATSTART.);
#1036=IFCCARTESIANPOINT((-2.7733945846558301,5.0598949905142945,0.));
#1037=IFCDIRECTION((0.,0.,1.));
#1038=IFCDIRECTION((7.5497901264043123E-08,-0.99999999999999722,0.));
#1039=IFCAXIS2PLACEMENT3D(#1036,#1037,#1038);
#1040=IFCLOCALPLACEMENT(#79,#1039);
#1054=IFCRELCONNECTSPATHELEMENTS('1VqyAbZ1j6MxJ35fNYWD1k',$,$,$,$,#785,#760,(),(),.ATEND.,.ATSTART.);
#1068=IFCCARTESIANPOINT((-2.7733941958415631,-0.090106010437011719,0.));
#1069=IFCDIRECTION((0.,0.,1.));
#1070=IFCDIRECTION((1.,0.,0.));
#1071=IFCAXIS2PLACEMENT3D(#1068,#1069,#1070);
#1072=IFCLOCALPLACEMENT(#79,#1071);
#1086=IFCRELCONNECTSPATHELEMENTS('3W35oRrKH51Qv$i6IU4iTB',$,$,$,$,#810,#785,(),(),.ATEND.,.ATSTART.);
#1100=IFCCARTESIANPOINT((0.22660589218133342,-0.090106010437011719,0.));
#1101=IFCDIRECTION((0.,0.,1.));
#1102=IFCDIRECTION((-2.8212997449371656E-07,-0.99999999999996025,0.));
#1103=IFCAXIS2PLACEMENT3D(#1100,#1101,#1102);
#1104=IFCLOCALPLACEMENT(#79,#1103);
#1105=IFCCARTESIANPOINTLIST2D(((0.,0.),(0.099999992450210171,0.10000000000000001),(3.1000001162358979,0.10000000000000001),(3.0000000880228965,0.)));
#1106=IFCINDEXEDPOLYCURVE(#1105,(IFCLINEINDEX((1,2,3,4,1))),$);
#1107=IFCARBITRARYCLOSEDPROFILEDEF(.AREA.,$,#1106);
#1108=IFCCARTESIANPOINT((0.,0.,0.));
#1109=IFCDIRECTION((0.,0.,1.));
#1110=IFCDIRECTION((1.,0.,0.));
#1111=IFCAXIS2PLACEMENT3D(#1108,#1109,#1110);
#1112=IFCDIRECTION((0.,0.,1.));
#1113=IFCEXTRUDEDAREASOLID(#1107,#1111,#1112,3.);
#1114=IFCSHAPEREPRESENTATION(#11,'Body','SweptSolid',(#1113));
#1115=IFCCARTESIANPOINTLIST2D(((0.,0.),(3.0000000880228965,0.)));
#1116=IFCINDEXEDPOLYCURVE(#1115,$,$);
#1117=IFCSHAPEREPRESENTATION(#23,'Axis','Curve2D',(#1116));
#1118=IFCWALL('1DI3JRmY51wwz0mF5ISE0u',$,'Wall',$,$,#1129,#1124,$,$);
#1119=IFCMATERIALLAYERSETUSAGE(#82,.AXIS2.,.POSITIVE.,0.,$);
#1120=IFCRELASSOCIATESMATERIAL('3fLzKaOlr159QuogvgQFPs',$,$,$,(#1118),#1119);
#1124=IFCPRODUCTDEFINITIONSHAPE($,$,(#1225,#1222));
#1125=IFCCARTESIANPOINT((0.32660591602325439,0.0098939929157495499,0.));
#1126=IFCDIRECTION((0.,0.,1.));
#1127=IFCDIRECTION((7.5497901264043109E-08,0.99999999999999711,0.));
#1128=IFCAXIS2PLACEMENT3D(#1125,#1126,#1127);
#1129=IFCLOCALPLACEMENT(#79,#1128);
#1140=IFCPROPERTYSET('26WL1FobH7qwgUQNNMzjQK',$,'EPset_Parametric',$,(#1142));
#1141=IFCRELDEFINESBYPROPERTIES('0EtP0$f5H9YAqLUTmab3AE',$,$,$,(#1118),#1140);
#1142=IFCPROPERTYSINGLEVALUE('Engine',$,IFCLABEL('Bonsai.DumbLayer2'),$);
#1143=IFCWALL('3vPGhW675FzxHZzpSHTbya',$,'Wall',$,$,#1212,#1149,$,$);
#1144=IFCMATERIALLAYERSETUSAGE(#82,.AXIS2.,.POSITIVE.,0.,$);
#1145=IFCRELASSOCIATESMATERIAL('2ekAFtbYz29uwMCNo$3Rml',$,$,$,(#1143),#1144);
#1149=IFCPRODUCTDEFINITIONSHAPE($,$,(#1239,#1236));
#1165=IFCPROPERTYSET('0wMxRhDu95aBMV911DMiYC',$,'EPset_Parametric',$,(#1167));
#1166=IFCRELDEFINESBYPROPERTIES('1o6CZ4eB98gwO$R4jge44o',$,$,$,(#1143),#1165);
#1167=IFCPROPERTYSINGLEVALUE('Engine',$,IFCLABEL('Bonsai.DumbLayer2'),$);
#1194=IFCRELCONNECTSPATHELEMENTS('3o6C7MuzP6l9VPLgo6wOv9',$,$,$,$,#1143,#1118,(),(),.ATEND.,.ATSTART.);
#1208=IFCCARTESIANPOINT((0.32660611231778303,2.6098937988281232,0.));
#1209=IFCDIRECTION((0.,0.,1.));
#1210=IFCDIRECTION((-0.99999999999998868,-1.5099580252808492E-07,0.));
#1211=IFCAXIS2PLACEMENT3D(#1208,#1209,#1210);
#1212=IFCLOCALPLACEMENT(#79,#1211);
#1213=IFCCARTESIANPOINTLIST2D(((0.,0.),(0.,0.10000000000000001),(2.4999997832630076,0.10000000000000001),(2.5999998059123808,0.)));
#1214=IFCINDEXEDPOLYCURVE(#1213,(IFCLINEINDEX((1,2,3,4,1))),$);
#1215=IFCARBITRARYCLOSEDPROFILEDEF(.AREA.,$,#1214);
#1216=IFCCARTESIANPOINT((0.,0.,0.));
#1217=IFCDIRECTION((0.,0.,1.));
#1218=IFCDIRECTION((1.,0.,0.));
#1219=IFCAXIS2PLACEMENT3D(#1216,#1217,#1218);
#1220=IFCDIRECTION((0.,0.,1.));
#1221=IFCEXTRUDEDAREASOLID(#1215,#1219,#1220,3.);
#1222=IFCSHAPEREPRESENTATION(#11,'Body','SweptSolid',(#1221));
#1223=IFCCARTESIANPOINTLIST2D(((0.,0.),(2.5999998059123808,0.)));
#1224=IFCINDEXEDPOLYCURVE(#1223,$,$);
#1225=IFCSHAPEREPRESENTATION(#23,'Axis','Curve2D',(#1224));
#1226=IFCRELCONNECTSPATHELEMENTS('1H8ho2Pu99EQ4_4mWD__VA',$,$,$,$,#1143,#760,(),(),.ATPATH.,.ATEND.);
#1227=IFCCARTESIANPOINTLIST2D(((0.,0.),(0.10000002264937295,0.10000000000000001),(3.0000005195534549,0.10000000000000001),(3.0000005120036648,0.)));
#1228=IFCINDEXEDPOLYCURVE(#1227,(IFCLINEINDEX((1,2,3,4,1))),$);
#1229=IFCARBITRARYCLOSEDPROFILEDEF(.AREA.,$,#1228);
#1230=IFCCARTESIANPOINT((0.,0.,0.));
#1231=IFCDIRECTION((0.,0.,1.));
#1232=IFCDIRECTION((1.,0.,0.));
#1233=IFCAXIS2PLACEMENT3D(#1230,#1231,#1232);
#1234=IFCDIRECTION((0.,0.,1.));
#1235=IFCEXTRUDEDAREASOLID(#1229,#1233,#1234,3.);
#1236=IFCSHAPEREPRESENTATION(#11,'Body','SweptSolid',(#1235));
#1237=IFCCARTESIANPOINTLIST2D(((0.,0.),(3.1000005120036649,0.)));
#1238=IFCINDEXEDPOLYCURVE(#1237,$,$);
#1239=IFCSHAPEREPRESENTATION(#23,'Axis','Curve2D',(#1238));
#1240=IFCCARTESIANPOINTLIST2D(((0.,0.),(0.10000004649123768,0.10000000000000001),(5.05000100850111,0.10000000000000001),(5.1500010009513204,0.)));
#1241=IFCINDEXEDPOLYCURVE(#1240,(IFCLINEINDEX((1,2,3,4,1))),$);
#1242=IFCARBITRARYCLOSEDPROFILEDEF(.AREA.,$,#1241);
#1243=IFCCARTESIANPOINT((0.,0.,0.));
#1244=IFCDIRECTION((0.,0.,1.));
#1245=IFCDIRECTION((1.,0.,0.));
#1246=IFCAXIS2PLACEMENT3D(#1243,#1244,#1245);
#1247=IFCDIRECTION((0.,0.,1.));
#1248=IFCEXTRUDEDAREASOLID(#1242,#1246,#1247,3.);
#1249=IFCSHAPEREPRESENTATION(#11,'Body','SweptSolid',(#1248));
#1250=IFCCARTESIANPOINTLIST2D(((0.,0.),(5.1500010009513204,0.)));
#1251=IFCINDEXEDPOLYCURVE(#1250,$,$);
#1252=IFCSHAPEREPRESENTATION(#23,'Axis','Curve2D',(#1251));
#1323=IFCWALL('1RPq7mgKfFZextkAoyXwoh',$,'Wall',$,$,#1365,#1329,$,$);
#1324=IFCMATERIALLAYERSETUSAGE(#82,.AXIS2.,.POSITIVE.,0.,$);
#1325=IFCRELASSOCIATESMATERIAL('1BNRch5srCefuvnJbywLws',$,$,$,(#1323),#1324);
#1329=IFCPRODUCTDEFINITIONSHAPE($,$,(#1609,#1606));
#1345=IFCPROPERTYSET('1ip3hi6YPBjeuW0NJWPmd3',$,'EPset_Parametric',$,(#1347));
#1346=IFCRELDEFINESBYPROPERTIES('1a5iUFFdz4TvBT$8tZRvPt',$,$,$,(#1323),#1345);
#1347=IFCPROPERTYSINGLEVALUE('Engine',$,IFCLABEL('Bonsai.DumbLayer2'),$);
#1361=IFCCARTESIANPOINT((-1.1723418235778809,2.609893798828125,0.));
#1362=IFCDIRECTION((0.,0.,1.));
#1363=IFCDIRECTION((1.9470718370939353E-07,0.99999999999998113,0.));
#1364=IFCAXIS2PLACEMENT3D(#1361,#1362,#1363);
#1365=IFCLOCALPLACEMENT(#79,#1364);
#1366=IFCRELCONNECTSPATHELEMENTS('3zzSesb0fFKQLyCgbZED9R',$,$,$,$,#1323,#735,(),(),.ATPATH.,.ATEND.);
#1393=IFCWALL('1gM04bPaL88wDaOsv7JSep',$,'Wall',$,$,#1614,#1399,$,$);
#1394=IFCMATERIALLAYERSETUSAGE(#82,.AXIS2.,.POSITIVE.,0.,$);
#1395=IFCRELASSOCIATESMATERIAL('0NsBZZqDT1SOs7yDbdZtrT',$,$,$,(#1393),#1394);
#1399=IFCPRODUCTDEFINITIONSHAPE($,$,(#1768,#1765));
#1415=IFCPROPERTYSET('2pZSdViRX2t8JZ9yaJSQEo',$,'EPset_Parametric',$,(#1417));
#1416=IFCRELDEFINESBYPROPERTIES('2mDeM$czX70hAmMeKr5a0v',$,$,$,(#1393),#1415);
#1417=IFCPROPERTYSINGLEVALUE('Engine',$,IFCLABEL('Bonsai.DumbLayer2'),$);
#1418=IFCWALL('15hynP5Kj3vxwSsZQi19iT',$,'Wall',$,$,#1786,#1424,$,$);
#1419=IFCMATERIALLAYERSETUSAGE(#82,.AXIS2.,.POSITIVE.,0.,$);
#1420=IFCRELASSOCIATESMATERIAL('2YrM8ncif4QA4OMKeq6yWf',$,$,$,(#1418),#1419);
#1424=IFCPRODUCTDEFINITIONSHAPE($,$,(#1781,#1778));
#1440=IFCPROPERTYSET('3nzmpLt754Pv0S$QpjaoR5',$,'EPset_Parametric',$,(#1442));
#1441=IFCRELDEFINESBYPROPERTIES('3118IpNwD9S9YP4BKrrl3k',$,$,$,(#1418),#1440);
#1442=IFCPROPERTYSINGLEVALUE('Engine',$,IFCLABEL('Bonsai.DumbLayer2'),$);
#1578=IFCRELCONNECTSPATHELEMENTS('0atEYklaP8fvk6UvENG1MW',$,$,$,$,#1418,#1323,(),(),.ATPATH.,.ATEND.);
#1597=IFCCARTESIANPOINTLIST2D(((0.,0.),(0.,0.10000000000000001),(2.3500005876837982,0.10000000000000001),(2.3500005682130798,0.)));
#1598=IFCINDEXEDPOLYCURVE(#1597,(IFCLINEINDEX((1,2,3,4,1))),$);
#1599=IFCARBITRARYCLOSEDPROFILEDEF(.AREA.,$,#1598);
#1600=IFCCARTESIANPOINT((0.,0.,0.));
#1601=IFCDIRECTION((0.,0.,1.));
#1602=IFCDIRECTION((1.,0.,0.));
#1603=IFCAXIS2PLACEMENT3D(#1600,#1601,#1602);
#1604=IFCDIRECTION((0.,0.,1.));
#1605=IFCEXTRUDEDAREASOLID(#1599,#1603,#1604,3.);
#1606=IFCSHAPEREPRESENTATION(#11,'Body','SweptSolid',(#1605));
#1607=IFCCARTESIANPOINTLIST2D(((0.,0.),(2.4500005682130817,0.)));
#1608=IFCINDEXEDPOLYCURVE(#1607,$,$);
#1609=IFCSHAPEREPRESENTATION(#23,'Axis','Curve2D',(#1608));
#1610=IFCCARTESIANPOINT((0.77660566568374634,5.0598936080932617,0.));
#1611=IFCDIRECTION((0.,0.,1.));
#1612=IFCDIRECTION((1.9470718370939353E-07,-0.99999999999998113,0.));
#1613=IFCAXIS2PLACEMENT3D(#1610,#1611,#1612);
#1614=IFCLOCALPLACEMENT(#79,#1613);
#1755=IFCRELCONNECTSPATHELEMENTS('1Q5KLEPX92HPeu9oStWpMs',$,$,$,$,#1393,#1418,(),(),.ATSTART.,.ATEND.);
#1756=IFCCARTESIANPOINTLIST2D(((0.,0.),(0.,0.10000000000000001),(1.600000058412268,0.10000000000000001),(1.5000000000000959,0.)));
#1757=IFCINDEXEDPOLYCURVE(#1756,(IFCLINEINDEX((1,2,3,4,1))),$);
#1758=IFCARBITRARYCLOSEDPROFILEDEF(.AREA.,$,#1757);
#1759=IFCCARTESIANPOINT((0.,0.,0.));
#1760=IFCDIRECTION((0.,0.,1.));
#1761=IFCDIRECTION((1.,0.,0.));
#1762=IFCAXIS2PLACEMENT3D(#1759,#1760,#1761);
#1763=IFCDIRECTION((0.,0.,1.));
#1764=IFCEXTRUDEDAREASOLID(#1758,#1762,#1763,3.);
#1765=IFCSHAPEREPRESENTATION(#11,'Body','SweptSolid',(#1764));
#1766=IFCCARTESIANPOINTLIST2D(((0.,0.),(1.5000000000000959,0.)));
#1767=IFCINDEXEDPOLYCURVE(#1766,$,$);
#1768=IFCSHAPEREPRESENTATION(#23,'Axis','Curve2D',(#1767));
#1769=IFCCARTESIANPOINTLIST2D(((0.,0.),(-0.10000005841217217,0.10000000000000001),(1.9489475768798967,0.10000000000000001),(1.9489475963506151,0.)));
#1770=IFCINDEXEDPOLYCURVE(#1769,(IFCLINEINDEX((1,2,3,4,1))),$);
#1771=IFCARBITRARYCLOSEDPROFILEDEF(.AREA.,$,#1770);
#1772=IFCCARTESIANPOINT((0.,0.,0.));
#1773=IFCDIRECTION((0.,0.,1.));
#1774=IFCDIRECTION((1.,0.,0.));
#1775=IFCAXIS2PLACEMENT3D(#1772,#1773,#1774);
#1776=IFCDIRECTION((0.,0.,1.));
#1777=IFCEXTRUDEDAREASOLID(#1771,#1775,#1776,3.);
#1778=IFCSHAPEREPRESENTATION(#11,'Body','SweptSolid',(#1777));
#1779=IFCCARTESIANPOINTLIST2D(((0.,0.),(1.9489475963506151,0.)));
#1780=IFCINDEXEDPOLYCURVE(#1779,$,$);
#1781=IFCSHAPEREPRESENTATION(#23,'Axis','Curve2D',(#1780));
#1782=IFCCARTESIANPOINT((0.7766059577445219,3.5598936080931942,0.));
#1783=IFCDIRECTION((0.,0.,1.));
#1784=IFCDIRECTION((-0.99999999999992428,3.8941436741876494E-07,0.));
#1785=IFCAXIS2PLACEMENT3D(#1782,#1783,#1784);
#1786=IFCLOCALPLACEMENT(#79,#1785);
#1787=IFCRELCONNECTSPATHELEMENTS('26GMnJYCHCtentwfK4cmTI',$,$,$,$,#735,#710,(),(),.ATPATH.,.ATSTART.);
#1788=IFCCARTESIANPOINTLIST2D(((0.,0.),(-4.6491226868285257E-08,0.10000000000000001),(3.4500000115224529,0.10000000000000001),(3.5500000580136906,0.)));
#1789=IFCINDEXEDPOLYCURVE(#1788,(IFCLINEINDEX((1,2,3,4,1))),$);
#1790=IFCARBITRARYCLOSEDPROFILEDEF(.AREA.,$,#1789);
#1791=IFCCARTESIANPOINT((0.,0.,0.));
#1792=IFCDIRECTION((0.,0.,1.));
#1793=IFCDIRECTION((1.,0.,0.));
#1794=IFCAXIS2PLACEMENT3D(#1791,#1792,#1793);
#1795=IFCDIRECTION((0.,0.,1.));
#1796=IFCEXTRUDEDAREASOLID(#1790,#1794,#1795,3.);
#1797=IFCSHAPEREPRESENTATION(#11,'Body','SweptSolid',(#1796));
#1798=IFCCARTESIANPOINTLIST2D(((0.,0.),(3.5500000580136906,0.)));
#1799=IFCINDEXEDPOLYCURVE(#1798,$,$);
#1800=IFCSHAPEREPRESENTATION(#23,'Axis','Curve2D',(#1799));
#1801=IFCCARTESIANPOINT((0.77660547335759145,5.059893608093267,0.));
#1802=IFCDIRECTION((0.,0.,1.));
#1803=IFCDIRECTION((-0.99999999999992428,3.8941436741876494E-07,0.));
#1804=IFCAXIS2PLACEMENT3D(#1801,#1802,#1803);
#1805=IFCLOCALPLACEMENT(#79,#1804);
#1806=IFCCARTESIANPOINTLIST2D(((0.,0.),(0.099999992450210171,0.10000000000000001),(1.4000000512690622,0.10000000000000001),(1.4000000512690622,0.)));
#1807=IFCINDEXEDPOLYCURVE(#1806,(IFCLINEINDEX((1,2,3,4,1))),$);
#1808=IFCARBITRARYCLOSEDPROFILEDEF(.AREA.,$,#1807);
#1809=IFCCARTESIANPOINT((0.,0.,0.));
#1810=IFCDIRECTION((0.,0.,1.));
#1811=IFCDIRECTION((1.,0.,0.));
#1812=IFCAXIS2PLACEMENT3D(#1809,#1810,#1811);
#1813=IFCDIRECTION((0.,0.,1.));
#1814=IFCEXTRUDEDAREASOLID(#1808,#1812,#1813,3.);
#1815=IFCSHAPEREPRESENTATION(#11,'Body','SweptSolid',(#1814));
#1816=IFCCARTESIANPOINTLIST2D(((0.,0.),(1.4000000512690622,0.)));
#1817=IFCINDEXEDPOLYCURVE(#1816,$,$);
#1818=IFCSHAPEREPRESENTATION(#23,'Axis','Curve2D',(#1817));
#1819=IFCRELCONNECTSPATHELEMENTS('1QhliZjnzE69yMeJNLtSpz',$,$,$,$,#810,#167,(),(),.ATSTART.,.ATEND.);
#1820=IFCCARTESIANPOINTLIST2D(((0.,0.),(-0.10000002821300143,0.10000000000000001),(2.4000002102056772,0.10000000000000001),(2.5000002384186786,0.)));
#1821=IFCINDEXEDPOLYCURVE(#1820,(IFCLINEINDEX((1,2,3,4,1))),$);
#1822=IFCARBITRARYCLOSEDPROFILEDEF(.AREA.,$,#1821);
#1823=IFCCARTESIANPOINT((0.,0.,0.));
#1824=IFCDIRECTION((0.,0.,1.));
#1825=IFCDIRECTION((1.,0.,0.));
#1826=IFCAXIS2PLACEMENT3D(#1823,#1824,#1825);
#1827=IFCDIRECTION((0.,0.,1.));
#1828=IFCEXTRUDEDAREASOLID(#1822,#1826,#1827,3.);
#1829=IFCSHAPEREPRESENTATION(#11,'Body','SweptSolid',(#1828));
#1830=IFCCARTESIANPOINTLIST2D(((0.,0.),(2.5000002384186786,0.)));
#1831=IFCINDEXEDPOLYCURVE(#1830,$,$);
#1832=IFCSHAPEREPRESENTATION(#23,'Axis','Curve2D',(#1831));
#1846=IFCCARTESIANPOINT((0.22660518685632994,-2.5901062488555908,0.));
#1847=IFCDIRECTION((0.,0.,1.));
#1848=IFCDIRECTION((1.,0.,0.));
#1849=IFCAXIS2PLACEMENT3D(#1846,#1847,#1848);
#1850=IFCLOCALPLACEMENT(#79,#1849);
#1851=IFCRELCONNECTSPATHELEMENTS('3Q0rinXiDDYhp_z_v05g6$',$,$,$,$,#660,#167,(),(),.ATEND.,.ATSTART.);
#1852=IFCCARTESIANPOINTLIST2D(((0.,0.),(0.099999992450210157,0.10000000000000001),(8.9500004065041256,0.10000000000000001),(9.0500004291534992,0.)));
#1853=IFCINDEXEDPOLYCURVE(#1852,(IFCLINEINDEX((1,2,3,4,1))),$);
#1854=IFCARBITRARYCLOSEDPROFILEDEF(.AREA.,$,#1853);
#1855=IFCCARTESIANPOINT((0.,0.,0.));
#1856=IFCDIRECTION((0.,0.,1.));
#1857=IFCDIRECTION((1.,0.,0.));
#1858=IFCAXIS2PLACEMENT3D(#1855,#1856,#1857);
#1859=IFCDIRECTION((0.,0.,1.));
#1860=IFCEXTRUDEDAREASOLID(#1854,#1858,#1859,3.);
#1861=IFCSHAPEREPRESENTATION(#11,'Body','SweptSolid',(#1860));
#1862=IFCCARTESIANPOINTLIST2D(((0.,0.),(9.0500004291534992,0.)));
#1863=IFCINDEXEDPOLYCURVE(#1862,$,$);
#1864=IFCSHAPEREPRESENTATION(#23,'Axis','Curve2D',(#1863));
#1865=IFCCARTESIANPOINTLIST2D(((0.,0.),(0.10000002821300144,0.10000000000000001),(3.89999975920054,0.10000000000000001),(3.9999997516507499,0.)));
#1866=IFCINDEXEDPOLYCURVE(#1865,(IFCLINEINDEX((1,2,3,4,1))),$);
#1867=IFCARBITRARYCLOSEDPROFILEDEF(.AREA.,$,#1866);
#1868=IFCCARTESIANPOINT((0.,0.,0.));
#1869=IFCDIRECTION((0.,0.,1.));
#1870=IFCDIRECTION((1.,0.,0.));
#1871=IFCAXIS2PLACEMENT3D(#1868,#1869,#1870);
#1872=IFCDIRECTION((0.,0.,1.));
#1873=IFCEXTRUDEDAREASOLID(#1867,#1871,#1872,3.);
#1874=IFCSHAPEREPRESENTATION(#11,'Body','SweptSolid',(#1873));
#1875=IFCCARTESIANPOINTLIST2D(((0.,0.),(3.9999997516507499,0.)));
#1876=IFCINDEXEDPOLYCURVE(#1875,$,$);
#1877=IFCSHAPEREPRESENTATION(#23,'Axis','Curve2D',(#1876));
#1878=IFCSLABTYPE('2_Ao02GOnBYh8l15X6aGuK',$,'Slab',$,$,(#1882),$,$,$,.FLOOR.);
#1879=IFCMATERIALLAYERSET((#1881),$,$);
#1880=IFCRELASSOCIATESMATERIAL('0Vf7Ajnvz1qQf33vUOHadz',$,$,$,(#1878),#1879);
#1881=IFCMATERIALLAYER(#81,0.10000000000000001,$,$,$,$,$);
#1882=IFCPROPERTYSET('1puIb0I_jE1Aja1dV3XeOJ',$,'EPset_Parametric',$,(#1883));
#1883=IFCPROPERTYSINGLEVALUE('LayerSetDirection',$,IFCLABEL('AXIS3'),$);
#1884=IFCSLAB('2EomL4FNP5WwOneFmip2Dw',$,'Slab',$,$,#1892,#1899,$,$);
#1885=IFCRELDEFINESBYTYPE('1EJliyfVH3o8eX0f6OCocS',$,$,$,(#1884,#5278),#1878);
#1886=IFCMATERIALLAYERSETUSAGE(#1879,.AXIS3.,.POSITIVE.,-0.10000000149011612,$);
#1887=IFCRELASSOCIATESMATERIAL('2NQv2bm7f50AwTvWNBKzve',$,$,$,(#1884),#1886);
#1888=IFCCARTESIANPOINT((4.2266049385070801,-2.5901062488555908,0.));
#1889=IFCDIRECTION((0.,0.,1.));
#1890=IFCDIRECTION((1.,0.,0.));
#1891=IFCAXIS2PLACEMENT3D(#1888,#1889,#1890);
#1892=IFCLOCALPLACEMENT(#79,#1891);
#1893=IFCCARTESIANPOINTLIST2D(((0.,0.),(4.76837158203125E-07,9.0500001907348633),(-3.4499995708465576,9.0500001907348633),(-3.4499993324279785,7.6499996185302734),(-6.9999995231628418,7.6500015258789062),(-6.9999990463256836,2.5000002384185791),(-3.9999990463256836,2.5000002384185791),(-3.9999997615814209,0.),(0.,0.)));
#1894=IFCINDEXEDPOLYCURVE(#1893,$,$);
#1895=IFCDIRECTION((0.,0.,1.));
#1896=IFCARBITRARYCLOSEDPROFILEDEF(.AREA.,$,#1894);
#1897=IFCEXTRUDEDAREASOLID(#1896,#1906,#1895,0.10000000000000001);
#1898=IFCSHAPEREPRESENTATION(#11,'Body','SweptSolid',(#1897));
#1899=IFCPRODUCTDEFINITIONSHAPE($,$,(#1898));
#1900=IFCPROPERTYSET('1lV6NRvmT8ZQ2p$X0vTnT9',$,'EPset_Parametric',$,(#1902));
#1901=IFCRELDEFINESBYPROPERTIES('09PeKVoa50Y9ROKFpgOfMA',$,$,$,(#1884),#1900);
#1902=IFCPROPERTYSINGLEVALUE('Engine',$,IFCLABEL('Bonsai.DumbLayer3'),$);
#1903=IFCCARTESIANPOINT((-0.,-0.,-0.10000000149011612));
#1904=IFCDIRECTION((0.,0.,1.));
#1905=IFCDIRECTION((1.,0.,0.));
#1906=IFCAXIS2PLACEMENT3D(#1903,#1904,#1905);
#1907=IFCDOORTYPE('0wpNupuAz9_8j_47ioVXyr',$,'Main-GF',$,$,(#1908),(#1917,#1995,#2014),$,$,.DOOR.,.SINGLE_SWING_LEFT.,$,$);
#1908=IFCPROPERTYSET('0EsMmgfa14gx$z1uH0eDxS',$,'BBIM_Door',$,(#1909));
#1909=IFCPROPERTYSINGLEVALUE('Data',$,IFCTEXT('{"door_type": "SINGLE_SWING_LEFT", "overall_height": 2.0, "overall_width": 0.8999999761581421, "lining_properties": {"lining_depth": 0.05000000074505806, "lining_thickness": 0.05000000074505806, "lining_offset": 0.0, "lining_to_panel_offset_x": 0.02500000037252903, "lining_to_panel_offset_y": 0.02500000037252903, "transom_thickness": 0.0, "casing_thickness": 0.07500000298023224, "casing_depth": 0.004999999888241291, "threshold_thickness": 0.02500000037252903, "threshold_depth": 0.10000000149011612, "threshold_offset": 0.0}, "panel_properties": {"panel_depth": 0.03500000014901161, "panel_width_ratio": 1.0}}'),$);
#1913=IFCCARTESIANPOINT((0.,0.,0.));
#1914=IFCDIRECTION((1.,0.,0.));
#1915=IFCDIRECTION((0.,0.,1.));
#1916=IFCAXIS2PLACEMENT3D(#1913,#1915,#1914);
#1917=IFCREPRESENTATIONMAP(#1916,#2097);
#1991=IFCCARTESIANPOINT((0.,0.,0.));
#1992=IFCDIRECTION((1.,0.,0.));
#1993=IFCDIRECTION((0.,0.,1.));
#1994=IFCAXIS2PLACEMENT3D(#1991,#1993,#1992);
#1995=IFCREPRESENTATIONMAP(#1994,#2170);
#2010=IFCCARTESIANPOINT((0.,0.,0.));
#2011=IFCDIRECTION((1.,0.,0.));
#2012=IFCDIRECTION((0.,0.,1.));
#2013=IFCAXIS2PLACEMENT3D(#2010,#2012,#2011);
#2014=IFCREPRESENTATIONMAP(#2013,#2188);
#2015=IFCDOOR('1B4koZDIzFKA22kSpbPf5f',$,'Door',$,$,#2213,#2024,$,2.,0.89999997615814209,$,.SINGLE_SWING_LEFT.,$);
#2016=IFCRELDEFINESBYTYPE('1j9$fLq15CAPtU9gdkfLbE',$,$,$,(#2015),#1907);
#2017=IFCCARTESIANPOINT((0.,0.,0.));
#2018=IFCDIRECTION((1.,0.,0.));
#2019=IFCDIRECTION((0.,1.,0.));
#2020=IFCDIRECTION((0.,0.,1.));
#2021=IFCCARTESIANTRANSFORMATIONOPERATOR3D(#2018,#2019,#2017,1.,#2020);
#2022=IFCMAPPEDITEM(#1917,#2021);
#2023=IFCSHAPEREPRESENTATION(#18,'Profile','MappedRepresentation',(#2022));
#2024=IFCPRODUCTDEFINITIONSHAPE($,$,(#2023,#2031,#2038));
#2025=IFCCARTESIANPOINT((0.,0.,0.));
#2026=IFCDIRECTION((1.,0.,0.));
#2027=IFCDIRECTION((0.,1.,0.));
#2028=IFCDIRECTION((0.,0.,1.));
#2029=IFCCARTESIANTRANSFORMATIONOPERATOR3D(#2026,#2027,#2025,1.,#2028);
#2030=IFCMAPPEDITEM(#1995,#2029);
#2031=IFCSHAPEREPRESENTATION(#11,'Body','MappedRepresentation',(#2030));
#2032=IFCCARTESIANPOINT((0.,0.,0.));
#2033=IFCDIRECTION((1.,0.,0.));
#2034=IFCDIRECTION((0.,1.,0.));
#2035=IFCDIRECTION((0.,0.,1.));
#2036=IFCCARTESIANTRANSFORMATIONOPERATOR3D(#2033,#2034,#2032,1.,#2035);
#2037=IFCMAPPEDITEM(#2014,#2036);
#2038=IFCSHAPEREPRESENTATION(#24,'Body','MappedRepresentation',(#2037));
#2039=IFCOPENINGELEMENT('1fonjXKN50Jxy1i89k_GO1',$,'Opening',$,$,#2208,#2067,$,.OPENING.);
#2055=IFCCARTESIANPOINT((0.,0.,0.));
#2056=IFCDIRECTION((1.,0.,0.));
#2057=IFCDIRECTION((0.,0.,1.));
#2058=IFCAXIS2PLACEMENT3D(#2055,#2057,#2056);
#2059=IFCREPRESENTATIONMAP(#2058,#2198);
#2060=IFCCARTESIANPOINT((0.,0.,0.));
#2061=IFCDIRECTION((1.,0.,0.));
#2062=IFCDIRECTION((0.,1.,0.));
#2063=IFCDIRECTION((0.,0.,1.));
#2064=IFCCARTESIANTRANSFORMATIONOPERATOR3D(#2061,#2062,#2060,1.,#2063);
#2065=IFCMAPPEDITEM(#2059,#2064);
#2066=IFCSHAPEREPRESENTATION(#11,'Body','MappedRepresentation',(#2065));
#2067=IFCPRODUCTDEFINITIONSHAPE($,$,(#2066));
#2068=IFCRELVOIDSELEMENT('3ovdD9yhH0$B54JaYYtYXo',$,$,$,#167,#2039);
#2074=IFCRELFILLSELEMENT('2mxZMbYB1A4O_M4Gm2BVss',$,$,$,#2039,#2015);
#2095=IFCCARTESIANPOINTLIST3D(((0.,0.,0.),(0.89999997615814209,0.,0.),(0.89999997615814209,0.,2.),(0.,0.,2.)));
#2096=IFCINDEXEDPOLYCURVE(#2095,(IFCLINEINDEX((1,2,3,4,1))),$);
#2097=IFCSHAPEREPRESENTATION(#18,'Profile','Curve3D',(#2096));
#2098=IFCCARTESIANPOINTLIST2D(((0.,0.),(0.,2.),(0.89999997615814209,2.),(0.89999997615814209,0.),(0.87499997578561306,0.),(0.87499997578561306,1.974999999627471),(0.02500000037252903,1.974999999627471),(0.02500000037252903,0.)));
#2099=IFCINDEXEDPOLYCURVE(#2098,(IFCLINEINDEX((1,2,3,4,5,6,7,8,1))),$);
#2100=IFCARBITRARYCLOSEDPROFILEDEF(.AREA.,$,#2099);
#2101=IFCCARTESIANPOINT((0.,0.02500000037252903,0.));
#2102=IFCDIRECTION((0.,-1.,0.));
#2103=IFCDIRECTION((1.,0.,0.));
#2104=IFCAXIS2PLACEMENT3D(#2101,#2102,#2103);
#2105=IFCDIRECTION((0.,0.,-1.));
#2106=IFCEXTRUDEDAREASOLID(#2100,#2104,#2105,0.02500000037252903);
#2107=IFCCARTESIANPOINTLIST2D(((0.,0.),(0.,2.),(0.89999997615814209,2.),(0.89999997615814209,0.),(0.84999997541308403,0.),(0.84999997541308403,1.9499999992549419),(0.05000000074505806,1.9499999992549419),(0.05000000074505806,0.)));
#2108=IFCINDEXEDPOLYCURVE(#2107,(IFCLINEINDEX((1,2,3,4,5,6,7,8,1))),$);
#2109=IFCARBITRARYCLOSEDPROFILEDEF(.AREA.,$,#2108);
#2110=IFCCARTESIANPOINT((0.,0.,0.));
#2111=IFCDIRECTION((0.,-1.,0.));
#2112=IFCDIRECTION((1.,0.,0.));
#2113=IFCAXIS2PLACEMENT3D(#2110,#2111,#2112);
#2114=IFCDIRECTION((0.,0.,-1.));
#2115=IFCEXTRUDEDAREASOLID(#2109,#2113,#2114,0.02500000037252903);
#2116=IFCCARTESIANPOINTLIST2D(((0.,0.),(0.79999997466802597,0.),(0.79999997466802597,0.10000000149011612),(0.,0.10000000149011612)));
#2117=IFCINDEXEDPOLYCURVE(#2116,(IFCLINEINDEX((1,2,3,4,1))),$);
#2118=IFCARBITRARYCLOSEDPROFILEDEF(.AREA.,$,#2117);
#2119=IFCCARTESIANPOINT((0.05000000074505806,0.,0.));
#2120=IFCDIRECTION((0.,0.,1.));
#2121=IFCDIRECTION((1.,0.,0.));
#2122=IFCAXIS2PLACEMENT3D(#2119,#2120,#2121);
#2123=IFCDIRECTION((0.,0.,1.));
#2124=IFCEXTRUDEDAREASOLID(#2118,#2122,#2123,0.02500000037252903);
#2125=IFCCARTESIANPOINTLIST2D(((0.,0.),(0.,2.0250000022351742),(0.94999998062849045,2.0250000022351742),(0.94999998062849045,0.),(0.87499997764825821,0.),(0.87499997764825821,1.9499999992549419),(0.075000002980232239,1.9499999992549419),(0.075000002980232239,0.)));
#2126=IFCINDEXEDPOLYCURVE(#2125,(IFCLINEINDEX((1,2,3,4,5,6,7,8,1))),$);
#2127=IFCARBITRARYCLOSEDPROFILEDEF(.AREA.,$,#2126);
#2128=IFCCARTESIANPOINT((-0.025000002235174179,-0.004999999888241291,0.));
#2129=IFCDIRECTION((0.,-1.,0.));
#2130=IFCDIRECTION((1.,0.,0.));
#2131=IFCAXIS2PLACEMENT3D(#2128,#2129,#2130);
#2132=IFCDIRECTION((0.,0.,-1.));
#2133=IFCEXTRUDEDAREASOLID(#2127,#2131,#2132,0.004999999888241291);
#2134=IFCCARTESIANPOINTLIST2D(((0.,0.),(0.,2.0250000022351742),(0.94999998062849045,2.0250000022351742),(0.94999998062849045,0.),(0.89999997802078724,0.),(0.89999997802078724,1.974999999627471),(0.050000002607703209,1.974999999627471),(0.050000002607703209,0.)));
#2135=IFCINDEXEDPOLYCURVE(#2134,(IFCLINEINDEX((1,2,3,4,5,6,7,8,1))),$);
#2136=IFCARBITRARYCLOSEDPROFILEDEF(.AREA.,$,#2135);
#2137=IFCCARTESIANPOINT((-0.025000002235174179,0.05000000074505806,0.));
#2138=IFCDIRECTION((0.,-1.,0.));
#2139=IFCDIRECTION((1.,0.,0.));
#2140=IFCAXIS2PLACEMENT3D(#2137,#2138,#2139);
#2141=IFCDIRECTION((0.,0.,-1.));
#2142=IFCEXTRUDEDAREASOLID(#2136,#2140,#2141,0.004999999888241291);
#2143=IFCCARTESIANPOINTLIST2D(((0.,0.),(0.84999997541308403,0.),(0.84999997541308403,0.035000000149011612),(0.,0.035000000149011612)));
#2144=IFCINDEXEDPOLYCURVE(#2143,(IFCLINEINDEX((1,2,3,4,1))),$);
#2145=IFCARBITRARYCLOSEDPROFILEDEF(.AREA.,$,#2144);
#2146=IFCCARTESIANPOINT((0.02500000037252903,0.02500000037252903,0.02500000037252903));
#2147=IFCDIRECTION((0.,0.,1.));
#2148=IFCDIRECTION((1.,0.,0.));
#2149=IFCAXIS2PLACEMENT3D(#2146,#2147,#2148);
#2150=IFCDIRECTION((0.,0.,1.));
#2151=IFCEXTRUDEDAREASOLID(#2145,#2149,#2150,1.9499999992549419);
#2152=IFCCARTESIANPOINTLIST2D(((0.,0.),(0.,-0.040000000000000001),(-0.11999999999999988,-0.040000000000000001),(-0.11999999999999988,-0.02),(-0.020000000000000018,-0.02),(-0.020000000000000018,0.)));
#2153=IFCINDEXEDPOLYCURVE(#2152,(IFCLINEINDEX((1,2,3,4,5,6,1))),$);
#2154=IFCARBITRARYCLOSEDPROFILEDEF(.AREA.,$,#2153);
#2155=IFCCARTESIANPOINT((0.82499997578561302,0.02500000037252903,1.015000000372529));
#2156=IFCDIRECTION((0.,0.,1.));
#2157=IFCDIRECTION((1.,0.,0.));
#2158=IFCAXIS2PLACEMENT3D(#2155,#2156,#2157);
#2159=IFCDIRECTION((0.,0.,1.));
#2160=IFCEXTRUDEDAREASOLID(#2154,#2158,#2159,0.02);
#2161=IFCEXTRUDEDAREASOLID(#2162,#2165,#2169,0.02);
#2162=IFCARBITRARYCLOSEDPROFILEDEF(.AREA.,$,#2163);
#2163=IFCINDEXEDPOLYCURVE(#2164,(IFCLINEINDEX((1,2,3,4,5,6,1))),$);
#2164=IFCCARTESIANPOINTLIST2D(((0.,0.),(0.,0.040000000000000008),(-0.11999999999999988,0.040000000000000008),(-0.11999999999999988,0.020000000000000004),(-0.020000000000000018,0.020000000000000004),(-0.020000000000000018,0.)));
#2165=IFCAXIS2PLACEMENT3D(#2166,#2167,#2168);
#2166=IFCCARTESIANPOINT((0.82499997578561302,0.060000000521540642,1.015000000372529));
#2167=IFCDIRECTION((0.,0.,1.));
#2168=IFCDIRECTION((1.,0.,0.));
#2169=IFCDIRECTION((0.,0.,1.));
#2170=IFCSHAPEREPRESENTATION(#11,'Body','SweptSolid',(#2106,#2115,#2151,#2160,#2161,#2124,#2133,#2142));
#2171=IFCSHAPEREPRESENTATION(#11,'Body','SweptSolid',(#2106,#2115,#2124,#2133,#2142));
#2172=IFCSHAPEASPECT((#2171),'Lining',$,.T.,#2024);
#2173=IFCSHAPEREPRESENTATION(#11,'Body','SweptSolid',(#2151,#2160,#2161));
#2174=IFCSHAPEASPECT((#2173),'Framing',$,.T.,#2024);
#2175=IFCCARTESIANPOINTLIST2D(((0.,0.),(0.,0.05000000074505806),(0.02500000037252903,0.05000000074505806),(0.02500000037252903,0.02500000037252903),(0.05000000074505806,0.02500000037252903),(0.05000000074505806,0.)));
#2176=IFCINDEXEDPOLYCURVE(#2175,(IFCLINEINDEX((1,2,3,4,5,6,1))),$);
#2177=IFCINDEXEDPOLYCURVE(#2178,(IFCLINEINDEX((1,2,3,4,5,6,1))),$);
#2178=IFCCARTESIANPOINTLIST2D(((0.89999997615814209,0.),(0.89999997615814209,0.05000000074505806),(0.87499997578561306,0.05000000074505806),(0.87499997578561306,0.02500000037252903),(0.84999997541308403,0.02500000037252903),(0.84999997541308403,0.)));
#2179=IFCDIRECTION((1.,0.));
#2180=IFCCARTESIANPOINT((0.060000000521540642,0.05000000074505806));
#2181=IFCAXIS2PLACEMENT2D(#2180,#2179);
#2182=IFCELLIPSE(#2181,0.81499997526407242,0.84999997541308403);
#2183=IFCCARTESIANPOINT((0.87499997578561306,0.05000000074505806));
#2184=IFCCARTESIANPOINT((0.060000000521540642,0.89999997615814209));
#2185=IFCTRIMMEDCURVE(#2182,(#2183),(#2184),.T.,.CARTESIAN.);
#2186=IFCCARTESIANPOINTLIST2D(((0.02500000037252903,0.05000000074505806),(0.060000000521540642,0.05000000074505806),(0.060000000521540642,0.89999997615814209),(0.02500000037252903,0.89999997615814209)));
#2187=IFCINDEXEDPOLYCURVE(#2186,(IFCLINEINDEX((1,2,3,4,1))),$);
#2188=IFCSHAPEREPRESENTATION(#24,'Body','Curve2D',(#2176,#2177,#2185,#2187));
#2189=IFCCARTESIANPOINTLIST2D(((0.,0.),(0.89999997615814209,0.),(0.89999997615814209,2.),(0.,2.)));
#2190=IFCINDEXEDPOLYCURVE(#2189,(IFCLINEINDEX((1,2,3,4,1))),$);
#2191=IFCARBITRARYCLOSEDPROFILEDEF(.AREA.,$,#2190);
#2192=IFCCARTESIANPOINT((0.,-0.60000002384185791,0.));
#2193=IFCDIRECTION((0.,-1.,0.));
#2194=IFCDIRECTION((1.,0.,0.));
#2195=IFCAXIS2PLACEMENT3D(#2192,#2193,#2194);
#2196=IFCDIRECTION((0.,0.,-1.));
#2197=IFCEXTRUDEDAREASOLID(#2191,#2195,#2196,1.2);
#2198=IFCSHAPEREPRESENTATION(#11,'Body','SweptSolid',(#2197));
#2204=IFCCARTESIANPOINT((0.38477574785894109,4.76837158203125E-07,0.));
#2205=IFCDIRECTION((0.,0.,1.));
#2206=IFCDIRECTION((0.99999999999997158,-2.3841857910155572E-07,0.));
#2207=IFCAXIS2PLACEMENT3D(#2204,#2205,#2206);
#2208=IFCLOCALPLACEMENT(#1850,#2207);
#2209=IFCCARTESIANPOINT((-2.2204460492503131E-16,0.,0.));
#2210=IFCDIRECTION((0.,0.,1.));
#2211=IFCDIRECTION((1.,0.,0.));
#2212=IFCAXIS2PLACEMENT3D(#2209,#2210,#2211);
#2213=IFCLOCALPLACEMENT(#2208,#2212);
#2214=IFCDOORTYPE('0pQZ4GgwP3zgkuk45JesI1',$,'Guest-GF',$,$,(#2215),(#2217,#2225,#2303),$,$,.DOOR.,.SINGLE_SWING_LEFT.,$,$);
#2215=IFCPROPERTYSET('1Z$TS1Q5TE$eesPb85mNo5',$,'BBIM_Door',$,(#2216));
#2216=IFCPROPERTYSINGLEVALUE('Data',$,IFCTEXT('{"door_type": "SINGLE_SWING_RIGHT", "overall_height": 2.0, "overall_width": 0.8999999761581421, "lining_properties": {"lining_depth": 0.05000000074505806, "lining_thickness": 0.05000000074505806, "lining_offset": 0.0, "lining_to_panel_offset_x": 0.02500000037252903, "lining_to_panel_offset_y": 0.02500000037252903, "transom_thickness": 0.0, "casing_thickness": 0.07500000298023224, "casing_depth": 0.004999999888241291, "threshold_thickness": 0.02500000037252903, "threshold_depth": 0.10000000149011612, "threshold_offset": 0.0}, "panel_properties": {"panel_depth": 0.03500000014901161, "panel_width_ratio": 1.0}}'),$);
#2217=IFCREPRESENTATIONMAP(#2218,#2404);
#2218=IFCAXIS2PLACEMENT3D(#2219,#2220,#2221);
#2219=IFCCARTESIANPOINT((0.,0.,0.));
#2220=IFCDIRECTION((0.,0.,1.));
#2221=IFCDIRECTION((1.,0.,0.));
#2225=IFCREPRESENTATIONMAP(#2226,#2477);
#2226=IFCAXIS2PLACEMENT3D(#2227,#2228,#2229);
#2227=IFCCARTESIANPOINT((0.,0.,0.));
#2228=IFCDIRECTION((0.,0.,1.));
#2229=IFCDIRECTION((1.,0.,0.));
#2303=IFCREPRESENTATIONMAP(#2304,#2495);
#2304=IFCAXIS2PLACEMENT3D(#2305,#2306,#2307);
#2305=IFCCARTESIANPOINT((0.,0.,0.));
#2306=IFCDIRECTION((0.,0.,1.));
#2307=IFCDIRECTION((1.,0.,0.));
#2322=IFCDOOR('3pNDH6YWHDV8HICim$sJJv',$,'Door',$,$,#2520,#2331,$,2.,0.89999997615814209,$,.SINGLE_SWING_RIGHT.,$);
#2323=IFCRELDEFINESBYTYPE('1ozBT2Qa12nAriPtlBT2LO',$,$,$,(#2322),#2214);
#2324=IFCCARTESIANPOINT((0.,0.,0.));
#2325=IFCDIRECTION((1.,0.,0.));
#2326=IFCDIRECTION((0.,1.,0.));
#2327=IFCDIRECTION((0.,0.,1.));
#2328=IFCCARTESIANTRANSFORMATIONOPERATOR3D(#2325,#2326,#2324,1.,#2327);
#2329=IFCMAPPEDITEM(#2217,#2328);
#2330=IFCSHAPEREPRESENTATION(#18,'Profile','MappedRepresentation',(#2329));
#2331=IFCPRODUCTDEFINITIONSHAPE($,$,(#2330,#2338,#2345));
#2332=IFCCARTESIANPOINT((0.,0.,0.));
#2333=IFCDIRECTION((1.,0.,0.));
#2334=IFCDIRECTION((0.,1.,0.));
#2335=IFCDIRECTION((0.,0.,1.));
#2336=IFCCARTESIANTRANSFORMATIONOPERATOR3D(#2333,#2334,#2332,1.,#2335);
#2337=IFCMAPPEDITEM(#2225,#2336);
#2338=IFCSHAPEREPRESENTATION(#11,'Body','MappedRepresentation',(#2337));
#2339=IFCCARTESIANPOINT((0.,0.,0.));
#2340=IFCDIRECTION((1.,0.,0.));
#2341=IFCDIRECTION((0.,1.,0.));
#2342=IFCDIRECTION((0.,0.,1.));
#2343=IFCCARTESIANTRANSFORMATIONOPERATOR3D(#2340,#2341,#2339,1.,#2342);
#2344=IFCMAPPEDITEM(#2303,#2343);
#2345=IFCSHAPEREPRESENTATION(#24,'Body','MappedRepresentation',(#2344));
#2346=IFCOPENINGELEMENT('3Bf2KEkbfBdP3PgVjyaVqx',$,'Opening',$,$,#2515,#2374,$,.OPENING.);
#2362=IFCCARTESIANPOINT((0.,0.,0.));
#2363=IFCDIRECTION((1.,0.,0.));
#2364=IFCDIRECTION((0.,0.,1.));
#2365=IFCAXIS2PLACEMENT3D(#2362,#2364,#2363);
#2366=IFCREPRESENTATIONMAP(#2365,#2505);
#2367=IFCCARTESIANPOINT((0.,0.,0.));
#2368=IFCDIRECTION((1.,0.,0.));
#2369=IFCDIRECTION((0.,1.,0.));
#2370=IFCDIRECTION((0.,0.,1.));
#2371=IFCCARTESIANTRANSFORMATIONOPERATOR3D(#2368,#2369,#2367,1.,#2370);
#2372=IFCMAPPEDITEM(#2366,#2371);
#2373=IFCSHAPEREPRESENTATION(#11,'Body','MappedRepresentation',(#2372));
#2374=IFCPRODUCTDEFINITIONSHAPE($,$,(#2373));
#2375=IFCRELVOIDSELEMENT('17kn8xTNLAhA6e_FpsuAbD',$,$,$,#1118,#2346);
#2381=IFCRELFILLSELEMENT('3oS4olQjbC_85FQezDmk3I',$,$,$,#2346,#2322);
#2402=IFCCARTESIANPOINTLIST3D(((0.,0.,0.),(0.89999997615814209,0.,0.),(0.89999997615814209,0.,2.),(0.,0.,2.)));
#2403=IFCINDEXEDPOLYCURVE(#2402,(IFCLINEINDEX((1,2,3,4,1))),$);
#2404=IFCSHAPEREPRESENTATION(#18,'Profile','Curve3D',(#2403));
#2405=IFCCARTESIANPOINTLIST2D(((0.,0.),(0.,2.),(0.89999997615814209,2.),(0.89999997615814209,0.),(0.87499997578561306,0.),(0.87499997578561306,1.974999999627471),(0.02500000037252903,1.974999999627471),(0.02500000037252903,0.)));
#2406=IFCINDEXEDPOLYCURVE(#2405,(IFCLINEINDEX((1,2,3,4,5,6,7,8,1))),$);
#2407=IFCARBITRARYCLOSEDPROFILEDEF(.AREA.,$,#2406);
#2408=IFCCARTESIANPOINT((0.,0.02500000037252903,0.));
#2409=IFCDIRECTION((0.,-1.,0.));
#2410=IFCDIRECTION((1.,0.,0.));
#2411=IFCAXIS2PLACEMENT3D(#2408,#2409,#2410);
#2412=IFCDIRECTION((0.,0.,-1.));
#2413=IFCEXTRUDEDAREASOLID(#2407,#2411,#2412,0.02500000037252903);
#2414=IFCCARTESIANPOINTLIST2D(((0.,0.),(0.,2.),(0.89999997615814209,2.),(0.89999997615814209,0.),(0.84999997541308403,0.),(0.84999997541308403,1.9499999992549419),(0.05000000074505806,1.9499999992549419),(0.05000000074505806,0.)));
#2415=IFCINDEXEDPOLYCURVE(#2414,(IFCLINEINDEX((1,2,3,4,5,6,7,8,1))),$);
#2416=IFCARBITRARYCLOSEDPROFILEDEF(.AREA.,$,#2415);
#2417=IFCCARTESIANPOINT((0.,0.,0.));
#2418=IFCDIRECTION((0.,-1.,0.));
#2419=IFCDIRECTION((1.,0.,0.));
#2420=IFCAXIS2PLACEMENT3D(#2417,#2418,#2419);
#2421=IFCDIRECTION((0.,0.,-1.));
#2422=IFCEXTRUDEDAREASOLID(#2416,#2420,#2421,0.02500000037252903);
#2423=IFCCARTESIANPOINTLIST2D(((0.,0.),(0.79999997466802597,0.),(0.79999997466802597,0.10000000149011612),(0.,0.10000000149011612)));
#2424=IFCINDEXEDPOLYCURVE(#2423,(IFCLINEINDEX((1,2,3,4,1))),$);
#2425=IFCARBITRARYCLOSEDPROFILEDEF(.AREA.,$,#2424);
#2426=IFCCARTESIANPOINT((0.05000000074505806,0.,0.));
#2427=IFCDIRECTION((0.,0.,1.));
#2428=IFCDIRECTION((1.,0.,0.));
#2429=IFCAXIS2PLACEMENT3D(#2426,#2427,#2428);
#2430=IFCDIRECTION((0.,0.,1.));
#2431=IFCEXTRUDEDAREASOLID(#2425,#2429,#2430,0.02500000037252903);
#2432=IFCCARTESIANPOINTLIST2D(((0.,0.),(0.,2.0250000022351742),(0.94999998062849045,2.0250000022351742),(0.94999998062849045,0.),(0.87499997764825821,0.),(0.87499997764825821,1.9499999992549419),(0.075000002980232239,1.9499999992549419),(0.075000002980232239,0.)));
#2433=IFCINDEXEDPOLYCURVE(#2432,(IFCLINEINDEX((1,2,3,4,5,6,7,8,1))),$);
#2434=IFCARBITRARYCLOSEDPROFILEDEF(.AREA.,$,#2433);
#2435=IFCCARTESIANPOINT((-0.025000002235174179,-0.004999999888241291,0.));
#2436=IFCDIRECTION((0.,-1.,0.));
#2437=IFCDIRECTION((1.,0.,0.));
#2438=IFCAXIS2PLACEMENT3D(#2435,#2436,#2437);
#2439=IFCDIRECTION((0.,0.,-1.));
#2440=IFCEXTRUDEDAREASOLID(#2434,#2438,#2439,0.004999999888241291);
#2441=IFCCARTESIANPOINTLIST2D(((0.,0.),(0.,2.0250000022351742),(0.94999998062849045,2.0250000022351742),(0.94999998062849045,0.),(0.89999997802078724,0.),(0.89999997802078724,1.974999999627471),(0.050000002607703209,1.974999999627471),(0.050000002607703209,0.)));
#2442=IFCINDEXEDPOLYCURVE(#2441,(IFCLINEINDEX((1,2,3,4,5,6,7,8,1))),$);
#2443=IFCARBITRARYCLOSEDPROFILEDEF(.AREA.,$,#2442);
#2444=IFCCARTESIANPOINT((-0.025000002235174179,0.05000000074505806,0.));
#2445=IFCDIRECTION((0.,-1.,0.));
#2446=IFCDIRECTION((1.,0.,0.));
#2447=IFCAXIS2PLACEMENT3D(#2444,#2445,#2446);
#2448=IFCDIRECTION((0.,0.,-1.));
#2449=IFCEXTRUDEDAREASOLID(#2443,#2447,#2448,0.004999999888241291);
#2450=IFCCARTESIANPOINTLIST2D(((0.,0.),(0.84999997541308403,0.),(0.84999997541308403,0.035000000149011612),(0.,0.035000000149011612)));
#2451=IFCINDEXEDPOLYCURVE(#2450,(IFCLINEINDEX((1,2,3,4,1))),$);
#2452=IFCARBITRARYCLOSEDPROFILEDEF(.AREA.,$,#2451);
#2453=IFCCARTESIANPOINT((0.02500000037252903,0.02500000037252903,0.02500000037252903));
#2454=IFCDIRECTION((0.,0.,1.));
#2455=IFCDIRECTION((1.,0.,0.));
#2456=IFCAXIS2PLACEMENT3D(#2453,#2454,#2455);
#2457=IFCDIRECTION((0.,0.,1.));
#2458=IFCEXTRUDEDAREASOLID(#2452,#2456,#2457,1.9499999992549419);
#2459=IFCCARTESIANPOINTLIST2D(((0.,0.),(0.,-0.040000000000000001),(0.12,-0.040000000000000001),(0.12,-0.02),(0.02,-0.02),(0.02,0.)));
#2460=IFCINDEXEDPOLYCURVE(#2459,(IFCLINEINDEX((1,2,3,4,5,6,1))),$);
#2461=IFCARBITRARYCLOSEDPROFILEDEF(.AREA.,$,#2460);
#2462=IFCCARTESIANPOINT((0.075000000372529033,0.02500000037252903,1.015000000372529));
#2463=IFCDIRECTION((0.,0.,1.));
#2464=IFCDIRECTION((1.,0.,0.));
#2465=IFCAXIS2PLACEMENT3D(#2462,#2463,#2464);
#2466=IFCDIRECTION((0.,0.,1.));
#2467=IFCEXTRUDEDAREASOLID(#2461,#2465,#2466,0.02);
#2468=IFCEXTRUDEDAREASOLID(#2469,#2472,#2476,0.02);
#2469=IFCARBITRARYCLOSEDPROFILEDEF(.AREA.,$,#2470);
#2470=IFCINDEXEDPOLYCURVE(#2471,(IFCLINEINDEX((1,2,3,4,5,6,1))),$);
#2471=IFCCARTESIANPOINTLIST2D(((0.,0.),(0.,0.040000000000000008),(0.11999999999999998,0.040000000000000008),(0.11999999999999998,0.020000000000000004),(0.020000000000000004,0.020000000000000004),(0.020000000000000004,0.)));
#2472=IFCAXIS2PLACEMENT3D(#2473,#2474,#2475);
#2473=IFCCARTESIANPOINT((0.075000000372529033,0.060000000521540642,1.015000000372529));
#2474=IFCDIRECTION((0.,0.,1.));
#2475=IFCDIRECTION((1.,0.,0.));
#2476=IFCDIRECTION((0.,0.,1.));
#2477=IFCSHAPEREPRESENTATION(#11,'Body','SweptSolid',(#2413,#2422,#2458,#2467,#2468,#2431,#2440,#2449));
#2478=IFCSHAPEREPRESENTATION(#11,'Body','SweptSolid',(#2413,#2422,#2431,#2440,#2449));
#2479=IFCSHAPEASPECT((#2478),'Lining',$,.T.,#2331);
#2480=IFCSHAPEREPRESENTATION(#11,'Body','SweptSolid',(#2458,#2467,#2468));
#2481=IFCSHAPEASPECT((#2480),'Framing',$,.T.,#2331);
#2482=IFCCARTESIANPOINTLIST2D(((0.,0.),(0.,0.05000000074505806),(0.02500000037252903,0.05000000074505806),(0.02500000037252903,0.02500000037252903),(0.05000000074505806,0.02500000037252903),(0.05000000074505806,0.)));
#2483=IFCINDEXEDPOLYCURVE(#2482,(IFCLINEINDEX((1,2,3,4,5,6,1))),$);
#2484=IFCINDEXEDPOLYCURVE(#2485,(IFCLINEINDEX((1,2,3,4,5,6,1))),$);
#2485=IFCCARTESIANPOINTLIST2D(((0.89999997615814209,0.),(0.89999997615814209,0.05000000074505806),(0.87499997578561306,0.05000000074505806),(0.87499997578561306,0.02500000037252903),(0.84999997541308403,0.02500000037252903),(0.84999997541308403,0.)));
#2486=IFCDIRECTION((1.,0.));
#2487=IFCCARTESIANPOINT((0.83999997563660145,0.05000000074505806));
#2488=IFCAXIS2PLACEMENT2D(#2487,#2486);
#2489=IFCELLIPSE(#2488,0.81499997526407242,0.84999997541308403);
#2490=IFCCARTESIANPOINT((0.83999997563660145,0.89999997615814209));
#2491=IFCCARTESIANPOINT((0.02500000037252903,0.05000000074505806));
#2492=IFCTRIMMEDCURVE(#2489,(#2490),(#2491),.T.,.CARTESIAN.);
#2493=IFCCARTESIANPOINTLIST2D(((0.87499997578561306,0.05000000074505806),(0.83999997563660145,0.05000000074505806),(0.83999997563660145,0.89999997615814209),(0.87499997578561306,0.89999997615814209)));
#2494=IFCINDEXEDPOLYCURVE(#2493,(IFCLINEINDEX((1,2,3,4,1))),$);
#2495=IFCSHAPEREPRESENTATION(#24,'Body','Curve2D',(#2483,#2484,#2492,#2494));
#2496=IFCCARTESIANPOINTLIST2D(((0.,0.),(0.89999997615814209,0.),(0.89999997615814209,2.),(0.,2.)));
#2497=IFCINDEXEDPOLYCURVE(#2496,(IFCLINEINDEX((1,2,3,4,1))),$);
#2498=IFCARBITRARYCLOSEDPROFILEDEF(.AREA.,$,#2497);
#2499=IFCCARTESIANPOINT((0.,-0.60000002384185791,0.));
#2500=IFCDIRECTION((0.,-1.,0.));
#2501=IFCDIRECTION((1.,0.,0.));
#2502=IFCAXIS2PLACEMENT3D(#2499,#2500,#2501);
#2503=IFCDIRECTION((0.,0.,-1.));
#2504=IFCEXTRUDEDAREASOLID(#2498,#2502,#2503,1.2);
#2505=IFCSHAPEREPRESENTATION(#11,'Body','SweptSolid',(#2504));
#2511=IFCCARTESIANPOINT((1.5424927677959273,-3.2556645268577711E-08,0.));
#2512=IFCDIRECTION((0.,0.,1.));
#2513=IFCDIRECTION((0.99999999999997147,-2.384185719961227E-07,0.));
#2514=IFCAXIS2PLACEMENT3D(#2511,#2512,#2513);
#2515=IFCLOCALPLACEMENT(#1129,#2514);
#2516=IFCCARTESIANPOINT((-2.2204460492503131E-16,0.,0.));
#2517=IFCDIRECTION((0.,0.,1.));
#2518=IFCDIRECTION((1.,5.2939559203393771E-23,0.));
#2519=IFCAXIS2PLACEMENT3D(#2516,#2517,#2518);
#2520=IFCLOCALPLACEMENT(#2515,#2519);
#2521=IFCDOORTYPE('0568Q8bp101x37DL5W2XOy',$,'Bathroom-GF',$,$,(#2522),(#2524,#2532,#2610),$,$,.DOOR.,.SINGLE_SWING_LEFT.,$,$);
#2522=IFCPROPERTYSET('10T5VFWVv4wgeKFKmnuYMw',$,'BBIM_Door',$,(#2523));
#2523=IFCPROPERTYSINGLEVALUE('Data',$,IFCTEXT('{"door_type": "SINGLE_SWING_LEFT", "overall_height": 2.0, "overall_width": 0.7794984579086304, "lining_properties": {"lining_depth": 0.05000000074505806, "lining_thickness": 0.05000000074505806, "lining_offset": 0.0, "lining_to_panel_offset_x": 0.02500000037252903, "lining_to_panel_offset_y": 0.02500000037252903, "transom_thickness": 0.0, "casing_thickness": 0.07500000298023224, "casing_depth": 0.004999999888241291, "threshold_thickness": 0.02500000037252903, "threshold_depth": 0.10000000149011612, "threshold_offset": 0.0}, "panel_properties": {"panel_depth": 0.03500000014901161, "panel_width_ratio": 1.0}}'),$);
#2524=IFCREPRESENTATIONMAP(#2525,#3160);
#2525=IFCAXIS2PLACEMENT3D(#2526,#2527,#2528);
#2526=IFCCARTESIANPOINT((0.,0.,0.));
#2527=IFCDIRECTION((0.,0.,1.));
#2528=IFCDIRECTION((1.,0.,0.));
#2532=IFCREPRESENTATIONMAP(#2533,#3233);
#2533=IFCAXIS2PLACEMENT3D(#2534,#2535,#2536);
#2534=IFCCARTESIANPOINT((0.,0.,0.));
#2535=IFCDIRECTION((0.,0.,1.));
#2536=IFCDIRECTION((1.,0.,0.));
#2610=IFCREPRESENTATIONMAP(#2611,#3247);
#2611=IFCAXIS2PLACEMENT3D(#2612,#2613,#2614);
#2612=IFCCARTESIANPOINT((0.,0.,0.));
#2613=IFCDIRECTION((0.,0.,1.));
#2614=IFCDIRECTION((1.,0.,0.));
#2629=IFCDOOR('2U4hZOBbz35PK7gjF$lGv_',$,'Door',$,$,#3272,#2638,$,2.,0.77949845790863037,$,.SINGLE_SWING_LEFT.,$);
#2630=IFCRELDEFINESBYTYPE('34khpNUJ5EVeSjNJbwlehJ',$,$,$,(#2629),#2521);
#2631=IFCCARTESIANPOINT((0.,0.,0.));
#2632=IFCDIRECTION((1.,0.,0.));
#2633=IFCDIRECTION((0.,1.,0.));
#2634=IFCDIRECTION((0.,0.,1.));
#2635=IFCCARTESIANTRANSFORMATIONOPERATOR3D(#2632,#2633,#2631,1.,#2634);
#2636=IFCMAPPEDITEM(#2524,#2635);
#2637=IFCSHAPEREPRESENTATION(#18,'Profile','MappedRepresentation',(#2636));
#2638=IFCPRODUCTDEFINITIONSHAPE($,$,(#2637,#2645,#2652));
#2639=IFCCARTESIANPOINT((0.,0.,0.));
#2640=IFCDIRECTION((1.,0.,0.));
#2641=IFCDIRECTION((0.,1.,0.));
#2642=IFCDIRECTION((0.,0.,1.));
#2643=IFCCARTESIANTRANSFORMATIONOPERATOR3D(#2640,#2641,#2639,1.,#2642);
#2644=IFCMAPPEDITEM(#2532,#2643);
#2645=IFCSHAPEREPRESENTATION(#11,'Body','MappedRepresentation',(#2644));
#2646=IFCCARTESIANPOINT((0.,0.,0.));
#2647=IFCDIRECTION((1.,0.,0.));
#2648=IFCDIRECTION((0.,1.,0.));
#2649=IFCDIRECTION((0.,0.,1.));
#2650=IFCCARTESIANTRANSFORMATIONOPERATOR3D(#2647,#2648,#2646,1.,#2649);
#2651=IFCMAPPEDITEM(#2610,#2650);
#2652=IFCSHAPEREPRESENTATION(#24,'Body','MappedRepresentation',(#2651));
#2653=IFCOPENINGELEMENT('3C14RbaNrFPgQ1j_6rgxFg',$,'Opening',$,$,#3267,#2681,$,.OPENING.);
#2669=IFCCARTESIANPOINT((0.,0.,0.));
#2670=IFCDIRECTION((1.,0.,0.));
#2671=IFCDIRECTION((0.,0.,1.));
#2672=IFCAXIS2PLACEMENT3D(#2669,#2671,#2670);
#2673=IFCREPRESENTATIONMAP(#2672,#3257);
#2674=IFCCARTESIANPOINT((0.,0.,0.));
#2675=IFCDIRECTION((1.,0.,0.));
#2676=IFCDIRECTION((0.,1.,0.));
#2677=IFCDIRECTION((0.,0.,1.));
#2678=IFCCARTESIANTRANSFORMATIONOPERATOR3D(#2675,#2676,#2674,1.,#2677);
#2679=IFCMAPPEDITEM(#2673,#2678);
#2680=IFCSHAPEREPRESENTATION(#11,'Body','MappedRepresentation',(#2679));
#2681=IFCPRODUCTDEFINITIONSHAPE($,$,(#2680));
#2682=IFCRELVOIDSELEMENT('1K5Ok64QbDoxdklEoMH5to',$,$,$,#1323,#2653);
#2688=IFCRELFILLSELEMENT('3lg$hkjZjFRgwNVOJ$DCdc',$,$,$,#2653,#2629);
#2697=IFCCARTESIANPOINTLIST2D(((0.,0.),(0.,2.),(0.89999997615814209,2.),(0.89999997615814209,0.),(0.87499997578561306,0.),(0.87499997578561306,1.974999999627471),(0.02500000037252903,1.974999999627471),(0.02500000037252903,0.)));
#2698=IFCINDEXEDPOLYCURVE(#2697,(IFCLINEINDEX((1,2,3,4,5,6,7,8,1))),$);
#2699=IFCARBITRARYCLOSEDPROFILEDEF(.AREA.,$,#2698);
#2700=IFCCARTESIANPOINT((0.,0.02500000037252903,0.));
#2701=IFCDIRECTION((0.,-1.,0.));
#2702=IFCDIRECTION((1.,0.,0.));
#2703=IFCAXIS2PLACEMENT3D(#2700,#2701,#2702);
#2704=IFCDIRECTION((0.,0.,-1.));
#2705=IFCEXTRUDEDAREASOLID(#2699,#2703,#2704,0.02500000037252903);
#2706=IFCCARTESIANPOINTLIST2D(((0.,0.),(0.,2.),(0.89999997615814209,2.),(0.89999997615814209,0.),(0.84999997541308403,0.),(0.84999997541308403,1.9499999992549419),(0.05000000074505806,1.9499999992549419),(0.05000000074505806,0.)));
#2707=IFCINDEXEDPOLYCURVE(#2706,(IFCLINEINDEX((1,2,3,4,5,6,7,8,1))),$);
#2708=IFCARBITRARYCLOSEDPROFILEDEF(.AREA.,$,#2707);
#2709=IFCCARTESIANPOINT((0.,0.,0.));
#2710=IFCDIRECTION((0.,-1.,0.));
#2711=IFCDIRECTION((1.,0.,0.));
#2712=IFCAXIS2PLACEMENT3D(#2709,#2710,#2711);
#2713=IFCDIRECTION((0.,0.,-1.));
#2714=IFCEXTRUDEDAREASOLID(#2708,#2712,#2713,0.02500000037252903);
#2715=IFCCARTESIANPOINTLIST2D(((0.,0.),(0.79999997466802597,0.),(0.79999997466802597,0.10000000149011612),(0.,0.10000000149011612)));
#2716=IFCINDEXEDPOLYCURVE(#2715,(IFCLINEINDEX((1,2,3,4,1))),$);
#2717=IFCARBITRARYCLOSEDPROFILEDEF(.AREA.,$,#2716);
#2718=IFCCARTESIANPOINT((0.05000000074505806,0.,0.));
#2719=IFCDIRECTION((0.,0.,1.));
#2720=IFCDIRECTION((1.,0.,0.));
#2721=IFCAXIS2PLACEMENT3D(#2718,#2719,#2720);
#2722=IFCDIRECTION((0.,0.,1.));
#2723=IFCEXTRUDEDAREASOLID(#2717,#2721,#2722,0.02500000037252903);
#2724=IFCCARTESIANPOINTLIST2D(((0.,0.),(0.,2.0250000022351742),(0.94999998062849045,2.0250000022351742),(0.94999998062849045,0.),(0.87499997764825821,0.),(0.87499997764825821,1.9499999992549419),(0.075000002980232239,1.9499999992549419),(0.075000002980232239,0.)));
#2725=IFCINDEXEDPOLYCURVE(#2724,(IFCLINEINDEX((1,2,3,4,5,6,7,8,1))),$);
#2726=IFCARBITRARYCLOSEDPROFILEDEF(.AREA.,$,#2725);
#2727=IFCCARTESIANPOINT((-0.025000002235174179,-0.004999999888241291,0.));
#2728=IFCDIRECTION((0.,-1.,0.));
#2729=IFCDIRECTION((1.,0.,0.));
#2730=IFCAXIS2PLACEMENT3D(#2727,#2728,#2729);
#2731=IFCDIRECTION((0.,0.,-1.));
#2732=IFCEXTRUDEDAREASOLID(#2726,#2730,#2731,0.004999999888241291);
#2733=IFCCARTESIANPOINTLIST2D(((0.,0.),(0.,2.0250000022351742),(0.94999998062849045,2.0250000022351742),(0.94999998062849045,0.),(0.89999997802078724,0.),(0.89999997802078724,1.974999999627471),(0.050000002607703209,1.974999999627471),(0.050000002607703209,0.)));
#2734=IFCINDEXEDPOLYCURVE(#2733,(IFCLINEINDEX((1,2,3,4,5,6,7,8,1))),$);
#2735=IFCARBITRARYCLOSEDPROFILEDEF(.AREA.,$,#2734);
#2736=IFCCARTESIANPOINT((-0.025000002235174179,0.05000000074505806,0.));
#2737=IFCDIRECTION((0.,-1.,0.));
#2738=IFCDIRECTION((1.,0.,0.));
#2739=IFCAXIS2PLACEMENT3D(#2736,#2737,#2738);
#2740=IFCDIRECTION((0.,0.,-1.));
#2741=IFCEXTRUDEDAREASOLID(#2735,#2739,#2740,0.004999999888241291);
#2742=IFCCARTESIANPOINTLIST2D(((0.,0.),(0.84999997541308403,0.),(0.84999997541308403,0.035000000149011612),(0.,0.035000000149011612)));
#2743=IFCINDEXEDPOLYCURVE(#2742,(IFCLINEINDEX((1,2,3,4,1))),$);
#2744=IFCARBITRARYCLOSEDPROFILEDEF(.AREA.,$,#2743);
#2745=IFCCARTESIANPOINT((0.02500000037252903,0.02500000037252903,0.02500000037252903));
#2746=IFCDIRECTION((0.,0.,1.));
#2747=IFCDIRECTION((1.,0.,0.));
#2748=IFCAXIS2PLACEMENT3D(#2745,#2746,#2747);
#2749=IFCDIRECTION((0.,0.,1.));
#2750=IFCEXTRUDEDAREASOLID(#2744,#2748,#2749,1.9499999992549419);
#2751=IFCCARTESIANPOINTLIST2D(((0.,0.),(0.,-0.040000000000000001),(-0.11999999999999988,-0.040000000000000001),(-0.11999999999999988,-0.02),(-0.020000000000000018,-0.02),(-0.020000000000000018,0.)));
#2752=IFCINDEXEDPOLYCURVE(#2751,(IFCLINEINDEX((1,2,3,4,5,6,1))),$);
#2753=IFCARBITRARYCLOSEDPROFILEDEF(.AREA.,$,#2752);
#2754=IFCCARTESIANPOINT((0.82499997578561302,0.02500000037252903,1.015000000372529));
#2755=IFCDIRECTION((0.,0.,1.));
#2756=IFCDIRECTION((1.,0.,0.));
#2757=IFCAXIS2PLACEMENT3D(#2754,#2755,#2756);
#2758=IFCDIRECTION((0.,0.,1.));
#2759=IFCEXTRUDEDAREASOLID(#2753,#2757,#2758,0.02);
#2760=IFCEXTRUDEDAREASOLID(#2761,#2764,#2768,0.02);
#2761=IFCARBITRARYCLOSEDPROFILEDEF(.AREA.,$,#2762);
#2762=IFCINDEXEDPOLYCURVE(#2763,(IFCLINEINDEX((1,2,3,4,5,6,1))),$);
#2763=IFCCARTESIANPOINTLIST2D(((0.,0.),(0.,0.040000000000000008),(-0.11999999999999988,0.040000000000000008),(-0.11999999999999988,0.020000000000000004),(-0.020000000000000018,0.020000000000000004),(-0.020000000000000018,0.)));
#2764=IFCAXIS2PLACEMENT3D(#2765,#2766,#2767);
#2765=IFCCARTESIANPOINT((0.82499997578561302,0.060000000521540642,1.015000000372529));
#2766=IFCDIRECTION((0.,0.,1.));
#2767=IFCDIRECTION((1.,0.,0.));
#2768=IFCDIRECTION((0.,0.,1.));
#2770=IFCSHAPEREPRESENTATION(#11,'Body','SweptSolid',(#2741,#2732,#3178,#2948,#3081,#2851,#3090,#3169,#2939,#3072,#2842,#3063,#2833,#3205,#2975,#3054,#2824,#3196,#2966,#2723,#2714,#3187,#2957,#2705,#2860));
#2771=IFCSHAPEASPECT((#2770),'Lining',$,.T.,#2638);
#2772=IFCSHAPEREPRESENTATION(#11,'Body','SweptSolid',(#2760,#3108,#2878,#2879,#2994,#3224,#3214,#3109,#3223,#2993,#3099,#2869,#2750,#2984,#2759));
#2773=IFCSHAPEASPECT((#2772),'Framing',$,.T.,#2638);
#2816=IFCCARTESIANPOINTLIST2D(((0.,0.),(0.,2.),(0.77949845790863037,2.),(0.77949845790863037,0.),(0.75449845753610134,0.),(0.75449845753610134,1.974999999627471),(0.02500000037252903,1.974999999627471),(0.02500000037252903,0.)));
#2817=IFCINDEXEDPOLYCURVE(#2816,(IFCLINEINDEX((1,2,3,4,5,6,7,8,1))),$);
#2818=IFCARBITRARYCLOSEDPROFILEDEF(.AREA.,$,#2817);
#2819=IFCCARTESIANPOINT((0.,0.02500000037252903,0.));
#2820=IFCDIRECTION((0.,-1.,0.));
#2821=IFCDIRECTION((1.,0.,0.));
#2822=IFCAXIS2PLACEMENT3D(#2819,#2820,#2821);
#2823=IFCDIRECTION((0.,0.,-1.));
#2824=IFCEXTRUDEDAREASOLID(#2818,#2822,#2823,0.02500000037252903);
#2825=IFCCARTESIANPOINTLIST2D(((0.,0.),(0.,2.),(0.77949845790863037,2.),(0.77949845790863037,0.),(0.72949845716357231,0.),(0.72949845716357231,1.9499999992549419),(0.05000000074505806,1.9499999992549419),(0.05000000074505806,0.)));
#2826=IFCINDEXEDPOLYCURVE(#2825,(IFCLINEINDEX((1,2,3,4,5,6,7,8,1))),$);
#2827=IFCARBITRARYCLOSEDPROFILEDEF(.AREA.,$,#2826);
#2828=IFCCARTESIANPOINT((0.,0.,0.));
#2829=IFCDIRECTION((0.,-1.,0.));
#2830=IFCDIRECTION((1.,0.,0.));
#2831=IFCAXIS2PLACEMENT3D(#2828,#2829,#2830);
#2832=IFCDIRECTION((0.,0.,-1.));
#2833=IFCEXTRUDEDAREASOLID(#2827,#2831,#2832,0.02500000037252903);
#2834=IFCCARTESIANPOINTLIST2D(((0.,0.),(0.67949845641851425,0.),(0.67949845641851425,0.10000000149011612),(0.,0.10000000149011612)));
#2835=IFCINDEXEDPOLYCURVE(#2834,(IFCLINEINDEX((1,2,3,4,1))),$);
#2836=IFCARBITRARYCLOSEDPROFILEDEF(.AREA.,$,#2835);
#2837=IFCCARTESIANPOINT((0.05000000074505806,0.,0.));
#2838=IFCDIRECTION((0.,0.,1.));
#2839=IFCDIRECTION((1.,0.,0.));
#2840=IFCAXIS2PLACEMENT3D(#2837,#2838,#2839);
#2841=IFCDIRECTION((0.,0.,1.));
#2842=IFCEXTRUDEDAREASOLID(#2836,#2840,#2841,0.02500000037252903);
#2843=IFCCARTESIANPOINTLIST2D(((0.,0.),(0.,2.0250000022351742),(0.82949846237897873,2.0250000022351742),(0.82949846237897873,0.),(0.75449845939874649,0.),(0.75449845939874649,1.9499999992549419),(0.075000002980232239,1.9499999992549419),(0.075000002980232239,0.)));
#2844=IFCINDEXEDPOLYCURVE(#2843,(IFCLINEINDEX((1,2,3,4,5,6,7,8,1))),$);
#2845=IFCARBITRARYCLOSEDPROFILEDEF(.AREA.,$,#2844);
#2846=IFCCARTESIANPOINT((-0.025000002235174179,-0.004999999888241291,0.));
#2847=IFCDIRECTION((0.,-1.,0.));
#2848=IFCDIRECTION((1.,0.,0.));
#2849=IFCAXIS2PLACEMENT3D(#2846,#2847,#2848);
#2850=IFCDIRECTION((0.,0.,-1.));
#2851=IFCEXTRUDEDAREASOLID(#2845,#2849,#2850,0.004999999888241291);
#2852=IFCCARTESIANPOINTLIST2D(((0.,0.),(0.,2.0250000022351742),(0.82949846237897873,2.0250000022351742),(0.82949846237897873,0.),(0.77949845977127552,0.),(0.77949845977127552,1.974999999627471),(0.050000002607703209,1.974999999627471),(0.050000002607703209,0.)));
#2853=IFCINDEXEDPOLYCURVE(#2852,(IFCLINEINDEX((1,2,3,4,5,6,7,8,1))),$);
#2854=IFCARBITRARYCLOSEDPROFILEDEF(.AREA.,$,#2853);
#2855=IFCCARTESIANPOINT((-0.025000002235174179,0.05000000074505806,0.));
#2856=IFCDIRECTION((0.,-1.,0.));
#2857=IFCDIRECTION((1.,0.,0.));
#2858=IFCAXIS2PLACEMENT3D(#2855,#2856,#2857);
#2859=IFCDIRECTION((0.,0.,-1.));
#2860=IFCEXTRUDEDAREASOLID(#2854,#2858,#2859,0.004999999888241291);
#2861=IFCCARTESIANPOINTLIST2D(((0.,0.),(0.72949845716357231,0.),(0.72949845716357231,0.035000000149011612),(0.,0.035000000149011612)));
#2862=IFCINDEXEDPOLYCURVE(#2861,(IFCLINEINDEX((1,2,3,4,1))),$);
#2863=IFCARBITRARYCLOSEDPROFILEDEF(.AREA.,$,#2862);
#2864=IFCCARTESIANPOINT((0.02500000037252903,0.02500000037252903,0.02500000037252903));
#2865=IFCDIRECTION((0.,0.,1.));
#2866=IFCDIRECTION((1.,0.,0.));
#2867=IFCAXIS2PLACEMENT3D(#2864,#2865,#2866);
#2868=IFCDIRECTION((0.,0.,1.));
#2869=IFCEXTRUDEDAREASOLID(#2863,#2867,#2868,1.9499999992549419);
#2870=IFCCARTESIANPOINTLIST2D(((0.,0.),(0.,-0.040000000000000001),(0.12,-0.040000000000000001),(0.12,-0.02),(0.02,-0.02),(0.02,0.)));
#2871=IFCINDEXEDPOLYCURVE(#2870,(IFCLINEINDEX((1,2,3,4,5,6,1))),$);
#2872=IFCARBITRARYCLOSEDPROFILEDEF(.AREA.,$,#2871);
#2873=IFCCARTESIANPOINT((0.075000000372529033,0.02500000037252903,1.015000000372529));
#2874=IFCDIRECTION((0.,0.,1.));
#2875=IFCDIRECTION((1.,0.,0.));
#2876=IFCAXIS2PLACEMENT3D(#2873,#2874,#2875);
#2877=IFCDIRECTION((0.,0.,1.));
#2878=IFCEXTRUDEDAREASOLID(#2872,#2876,#2877,0.02);
#2879=IFCEXTRUDEDAREASOLID(#2880,#2883,#2887,0.02);
#2880=IFCARBITRARYCLOSEDPROFILEDEF(.AREA.,$,#2881);
#2881=IFCINDEXEDPOLYCURVE(#2882,(IFCLINEINDEX((1,2,3,4,5,6,1))),$);
#2882=IFCCARTESIANPOINTLIST2D(((0.,0.),(0.,0.040000000000000008),(0.11999999999999998,0.040000000000000008),(0.11999999999999998,0.020000000000000004),(0.020000000000000004,0.020000000000000004),(0.020000000000000004,0.)));
#2883=IFCAXIS2PLACEMENT3D(#2884,#2885,#2886);
#2884=IFCCARTESIANPOINT((0.075000000372529033,0.060000000521540642,1.015000000372529));
#2885=IFCDIRECTION((0.,0.,1.));
#2886=IFCDIRECTION((1.,0.,0.));
#2887=IFCDIRECTION((0.,0.,1.));
#2931=IFCCARTESIANPOINTLIST2D(((0.,0.),(0.,2.),(0.77949845790863037,2.),(0.77949845790863037,0.),(0.75449845753610134,0.),(0.75449845753610134,1.974999999627471),(0.02500000037252903,1.974999999627471),(0.02500000037252903,0.)));
#2932=IFCINDEXEDPOLYCURVE(#2931,(IFCLINEINDEX((1,2,3,4,5,6,7,8,1))),$);
#2933=IFCARBITRARYCLOSEDPROFILEDEF(.AREA.,$,#2932);
#2934=IFCCARTESIANPOINT((0.,0.02500000037252903,0.));
#2935=IFCDIRECTION((0.,-1.,0.));
#2936=IFCDIRECTION((1.,0.,0.));
#2937=IFCAXIS2PLACEMENT3D(#2934,#2935,#2936);
#2938=IFCDIRECTION((0.,0.,-1.));
#2939=IFCEXTRUDEDAREASOLID(#2933,#2937,#2938,0.02500000037252903);
#2940=IFCCARTESIANPOINTLIST2D(((0.,0.),(0.,2.),(0.77949845790863037,2.),(0.77949845790863037,0.),(0.72949845716357231,0.),(0.72949845716357231,1.9499999992549419),(0.05000000074505806,1.9499999992549419),(0.05000000074505806,0.)));
#2941=IFCINDEXEDPOLYCURVE(#2940,(IFCLINEINDEX((1,2,3,4,5,6,7,8,1))),$);
#2942=IFCARBITRARYCLOSEDPROFILEDEF(.AREA.,$,#2941);
#2943=IFCCARTESIANPOINT((0.,0.,0.));
#2944=IFCDIRECTION((0.,-1.,0.));
#2945=IFCDIRECTION((1.,0.,0.));
#2946=IFCAXIS2PLACEMENT3D(#2943,#2944,#2945);
#2947=IFCDIRECTION((0.,0.,-1.));
#2948=IFCEXTRUDEDAREASOLID(#2942,#2946,#2947,0.02500000037252903);
#2949=IFCCARTESIANPOINTLIST2D(((0.,0.),(0.67949845641851425,0.),(0.67949845641851425,0.10000000149011612),(0.,0.10000000149011612)));
#2950=IFCINDEXEDPOLYCURVE(#2949,(IFCLINEINDEX((1,2,3,4,1))),$);
#2951=IFCARBITRARYCLOSEDPROFILEDEF(.AREA.,$,#2950);
#2952=IFCCARTESIANPOINT((0.05000000074505806,0.,0.));
#2953=IFCDIRECTION((0.,0.,1.));
#2954=IFCDIRECTION((1.,0.,0.));
#2955=IFCAXIS2PLACEMENT3D(#2952,#2953,#2954);
#2956=IFCDIRECTION((0.,0.,1.));
#2957=IFCEXTRUDEDAREASOLID(#2951,#2955,#2956,0.02500000037252903);
#2958=IFCCARTESIANPOINTLIST2D(((0.,0.),(0.,2.0250000022351742),(0.82949846237897873,2.0250000022351742),(0.82949846237897873,0.),(0.75449845939874649,0.),(0.75449845939874649,1.9499999992549419),(0.075000002980232239,1.9499999992549419),(0.075000002980232239,0.)));
#2959=IFCINDEXEDPOLYCURVE(#2958,(IFCLINEINDEX((1,2,3,4,5,6,7,8,1))),$);
#2960=IFCARBITRARYCLOSEDPROFILEDEF(.AREA.,$,#2959);
#2961=IFCCARTESIANPOINT((-0.025000002235174179,-0.004999999888241291,0.));
#2962=IFCDIRECTION((0.,-1.,0.));
#2963=IFCDIRECTION((1.,0.,0.));
#2964=IFCAXIS2PLACEMENT3D(#2961,#2962,#2963);
#2965=IFCDIRECTION((0.,0.,-1.));
#2966=IFCEXTRUDEDAREASOLID(#2960,#2964,#2965,0.004999999888241291);
#2967=IFCCARTESIANPOINTLIST2D(((0.,0.),(0.,2.0250000022351742),(0.82949846237897873,2.0250000022351742),(0.82949846237897873,0.),(0.77949845977127552,0.),(0.77949845977127552,1.974999999627471),(0.050000002607703209,1.974999999627471),(0.050000002607703209,0.)));
#2968=IFCINDEXEDPOLYCURVE(#2967,(IFCLINEINDEX((1,2,3,4,5,6,7,8,1))),$);
#2969=IFCARBITRARYCLOSEDPROFILEDEF(.AREA.,$,#2968);
#2970=IFCCARTESIANPOINT((-0.025000002235174179,0.05000000074505806,0.));
#2971=IFCDIRECTION((0.,-1.,0.));
#2972=IFCDIRECTION((1.,0.,0.));
#2973=IFCAXIS2PLACEMENT3D(#2970,#2971,#2972);
#2974=IFCDIRECTION((0.,0.,-1.));
#2975=IFCEXTRUDEDAREASOLID(#2969,#2973,#2974,0.004999999888241291);
#2976=IFCCARTESIANPOINTLIST2D(((0.,0.),(0.72949845716357231,0.),(0.72949845716357231,0.035000000149011612),(0.,0.035000000149011612)));
#2977=IFCINDEXEDPOLYCURVE(#2976,(IFCLINEINDEX((1,2,3,4,1))),$);
#2978=IFCARBITRARYCLOSEDPROFILEDEF(.AREA.,$,#2977);
#2979=IFCCARTESIANPOINT((0.02500000037252903,0.02500000037252903,0.02500000037252903));
#2980=IFCDIRECTION((0.,0.,1.));
#2981=IFCDIRECTION((1.,0.,0.));
#2982=IFCAXIS2PLACEMENT3D(#2979,#2980,#2981);
#2983=IFCDIRECTION((0.,0.,1.));
#2984=IFCEXTRUDEDAREASOLID(#2978,#2982,#2983,1.9499999992549419);
#2985=IFCCARTESIANPOINTLIST2D(((0.,0.),(0.,-0.040000000000000001),(-0.11999999999999988,-0.040000000000000001),(-0.11999999999999988,-0.02),(-0.020000000000000018,-0.02),(-0.020000000000000018,0.)));
#2986=IFCINDEXEDPOLYCURVE(#2985,(IFCLINEINDEX((1,2,3,4,5,6,1))),$);
#2987=IFCARBITRARYCLOSEDPROFILEDEF(.AREA.,$,#2986);
#2988=IFCCARTESIANPOINT((0.7044984575361013,0.02500000037252903,1.015000000372529));
#2989=IFCDIRECTION((0.,0.,1.));
#2990=IFCDIRECTION((1.,0.,0.));
#2991=IFCAXIS2PLACEMENT3D(#2988,#2989,#2990);
#2992=IFCDIRECTION((0.,0.,1.));
#2993=IFCEXTRUDEDAREASOLID(#2987,#2991,#2992,0.02);
#2994=IFCEXTRUDEDAREASOLID(#2995,#2998,#3002,0.02);
#2995=IFCARBITRARYCLOSEDPROFILEDEF(.AREA.,$,#2996);
#2996=IFCINDEXEDPOLYCURVE(#2997,(IFCLINEINDEX((1,2,3,4,5,6,1))),$);
#2997=IFCCARTESIANPOINTLIST2D(((0.,0.),(0.,0.040000000000000008),(-0.11999999999999988,0.040000000000000008),(-0.11999999999999988,0.020000000000000004),(-0.020000000000000018,0.020000000000000004),(-0.020000000000000018,0.)));
#2998=IFCAXIS2PLACEMENT3D(#2999,#3000,#3001);
#2999=IFCCARTESIANPOINT((0.7044984575361013,0.060000000521540642,1.015000000372529));
#3000=IFCDIRECTION((0.,0.,1.));
#3001=IFCDIRECTION((1.,0.,0.));
#3002=IFCDIRECTION((0.,0.,1.));
#3046=IFCCARTESIANPOINTLIST2D(((0.,0.),(0.,2.),(0.77949845790863037,2.),(0.77949845790863037,0.),(0.75449845753610134,0.),(0.75449845753610134,1.974999999627471),(0.02500000037252903,1.974999999627471),(0.02500000037252903,0.)));
#3047=IFCINDEXEDPOLYCURVE(#3046,(IFCLINEINDEX((1,2,3,4,5,6,7,8,1))),$);
#3048=IFCARBITRARYCLOSEDPROFILEDEF(.AREA.,$,#3047);
#3049=IFCCARTESIANPOINT((0.,0.02500000037252903,0.));
#3050=IFCDIRECTION((0.,-1.,0.));
#3051=IFCDIRECTION((1.,0.,0.));
#3052=IFCAXIS2PLACEMENT3D(#3049,#3050,#3051);
#3053=IFCDIRECTION((0.,0.,-1.));
#3054=IFCEXTRUDEDAREASOLID(#3048,#3052,#3053,0.02500000037252903);
#3055=IFCCARTESIANPOINTLIST2D(((0.,0.),(0.,2.),(0.77949845790863037,2.),(0.77949845790863037,0.),(0.72949845716357231,0.),(0.72949845716357231,1.9499999992549419),(0.05000000074505806,1.9499999992549419),(0.05000000074505806,0.)));
#3056=IFCINDEXEDPOLYCURVE(#3055,(IFCLINEINDEX((1,2,3,4,5,6,7,8,1))),$);
#3057=IFCARBITRARYCLOSEDPROFILEDEF(.AREA.,$,#3056);
#3058=IFCCARTESIANPOINT((0.,0.,0.));
#3059=IFCDIRECTION((0.,-1.,0.));
#3060=IFCDIRECTION((1.,0.,0.));
#3061=IFCAXIS2PLACEMENT3D(#3058,#3059,#3060);
#3062=IFCDIRECTION((0.,0.,-1.));
#3063=IFCEXTRUDEDAREASOLID(#3057,#3061,#3062,0.02500000037252903);
#3064=IFCCARTESIANPOINTLIST2D(((0.,0.),(0.67949845641851425,0.),(0.67949845641851425,0.10000000149011612),(0.,0.10000000149011612)));
#3065=IFCINDEXEDPOLYCURVE(#3064,(IFCLINEINDEX((1,2,3,4,1))),$);
#3066=IFCARBITRARYCLOSEDPROFILEDEF(.AREA.,$,#3065);
#3067=IFCCARTESIANPOINT((0.05000000074505806,0.,0.));
#3068=IFCDIRECTION((0.,0.,1.));
#3069=IFCDIRECTION((1.,0.,0.));
#3070=IFCAXIS2PLACEMENT3D(#3067,#3068,#3069);
#3071=IFCDIRECTION((0.,0.,1.));
#3072=IFCEXTRUDEDAREASOLID(#3066,#3070,#3071,0.02500000037252903);
#3073=IFCCARTESIANPOINTLIST2D(((0.,0.),(0.,2.0250000022351742),(0.82949846237897873,2.0250000022351742),(0.82949846237897873,0.),(0.75449845939874649,0.),(0.75449845939874649,1.9499999992549419),(0.075000002980232239,1.9499999992549419),(0.075000002980232239,0.)));
#3074=IFCINDEXEDPOLYCURVE(#3073,(IFCLINEINDEX((1,2,3,4,5,6,7,8,1))),$);
#3075=IFCARBITRARYCLOSEDPROFILEDEF(.AREA.,$,#3074);
#3076=IFCCARTESIANPOINT((-0.025000002235174179,-0.004999999888241291,0.));
#3077=IFCDIRECTION((0.,-1.,0.));
#3078=IFCDIRECTION((1.,0.,0.));
#3079=IFCAXIS2PLACEMENT3D(#3076,#3077,#3078);
#3080=IFCDIRECTION((0.,0.,-1.));
#3081=IFCEXTRUDEDAREASOLID(#3075,#3079,#3080,0.004999999888241291);
#3082=IFCCARTESIANPOINTLIST2D(((0.,0.),(0.,2.0250000022351742),(0.82949846237897873,2.0250000022351742),(0.82949846237897873,0.),(0.77949845977127552,0.),(0.77949845977127552,1.974999999627471),(0.050000002607703209,1.974999999627471),(0.050000002607703209,0.)));
#3083=IFCINDEXEDPOLYCURVE(#3082,(IFCLINEINDEX((1,2,3,4,5,6,7,8,1))),$);
#3084=IFCARBITRARYCLOSEDPROFILEDEF(.AREA.,$,#3083);
#3085=IFCCARTESIANPOINT((-0.025000002235174179,0.05000000074505806,0.));
#3086=IFCDIRECTION((0.,-1.,0.));
#3087=IFCDIRECTION((1.,0.,0.));
#3088=IFCAXIS2PLACEMENT3D(#3085,#3086,#3087);
#3089=IFCDIRECTION((0.,0.,-1.));
#3090=IFCEXTRUDEDAREASOLID(#3084,#3088,#3089,0.004999999888241291);
#3091=IFCCARTESIANPOINTLIST2D(((0.,0.),(0.72949845716357231,0.),(0.72949845716357231,0.035000000149011612),(0.,0.035000000149011612)));
#3092=IFCINDEXEDPOLYCURVE(#3091,(IFCLINEINDEX((1,2,3,4,1))),$);
#3093=IFCARBITRARYCLOSEDPROFILEDEF(.AREA.,$,#3092);
#3094=IFCCARTESIANPOINT((0.02500000037252903,0.02500000037252903,0.02500000037252903));
#3095=IFCDIRECTION((0.,0.,1.));
#3096=IFCDIRECTION((1.,0.,0.));
#3097=IFCAXIS2PLACEMENT3D(#3094,#3095,#3096);
#3098=IFCDIRECTION((0.,0.,1.));
#3099=IFCEXTRUDEDAREASOLID(#3093,#3097,#3098,1.9499999992549419);
#3100=IFCCARTESIANPOINTLIST2D(((0.,0.),(0.,-0.040000000000000001),(0.12,-0.040000000000000001),(0.12,-0.02),(0.02,-0.02),(0.02,0.)));
#3101=IFCINDEXEDPOLYCURVE(#3100,(IFCLINEINDEX((1,2,3,4,5,6,1))),$);
#3102=IFCARBITRARYCLOSEDPROFILEDEF(.AREA.,$,#3101);
#3103=IFCCARTESIANPOINT((0.075000000372529033,0.02500000037252903,1.015000000372529));
#3104=IFCDIRECTION((0.,0.,1.));
#3105=IFCDIRECTION((1.,0.,0.));
#3106=IFCAXIS2PLACEMENT3D(#3103,#3104,#3105);
#3107=IFCDIRECTION((0.,0.,1.));
#3108=IFCEXTRUDEDAREASOLID(#3102,#3106,#3107,0.02);
#3109=IFCEXTRUDEDAREASOLID(#3110,#3113,#3117,0.02);
#3110=IFCARBITRARYCLOSEDPROFILEDEF(.AREA.,$,#3111);
#3111=IFCINDEXEDPOLYCURVE(#3112,(IFCLINEINDEX((1,2,3,4,5,6,1))),$);
#3112=IFCCARTESIANPOINTLIST2D(((0.,0.),(0.,0.040000000000000008),(0.11999999999999998,0.040000000000000008),(0.11999999999999998,0.020000000000000004),(0.020000000000000004,0.020000000000000004),(0.020000000000000004,0.)));
#3113=IFCAXIS2PLACEMENT3D(#3114,#3115,#3116);
#3114=IFCCARTESIANPOINT((0.075000000372529033,0.060000000521540642,1.015000000372529));
#3115=IFCDIRECTION((0.,0.,1.));
#3116=IFCDIRECTION((1.,0.,0.));
#3117=IFCDIRECTION((0.,0.,1.));
#3158=IFCCARTESIANPOINTLIST3D(((0.,0.,0.),(0.77949845790863037,0.,0.),(0.77949845790863037,0.,2.),(0.,0.,2.)));
#3159=IFCINDEXEDPOLYCURVE(#3158,(IFCLINEINDEX((1,2,3,4,1))),$);
#3160=IFCSHAPEREPRESENTATION(#18,'Profile','Curve3D',(#3159));
#3161=IFCCARTESIANPOINTLIST2D(((0.,0.),(0.,2.),(0.77949845790863037,2.),(0.77949845790863037,0.),(0.75449845753610134,0.),(0.75449845753610134,1.974999999627471),(0.02500000037252903,1.974999999627471),(0.02500000037252903,0.)));
#3162=IFCINDEXEDPOLYCURVE(#3161,(IFCLINEINDEX((1,2,3,4,5,6,7,8,1))),$);
#3163=IFCARBITRARYCLOSEDPROFILEDEF(.AREA.,$,#3162);
#3164=IFCCARTESIANPOINT((0.,0.02500000037252903,0.));
#3165=IFCDIRECTION((0.,-1.,0.));
#3166=IFCDIRECTION((1.,0.,0.));
#3167=IFCAXIS2PLACEMENT3D(#3164,#3165,#3166);
#3168=IFCDIRECTION((0.,0.,-1.));
#3169=IFCEXTRUDEDAREASOLID(#3163,#3167,#3168,0.02500000037252903);
#3170=IFCCARTESIANPOINTLIST2D(((0.,0.),(0.,2.),(0.77949845790863037,2.),(0.77949845790863037,0.),(0.72949845716357231,0.),(0.72949845716357231,1.9499999992549419),(0.05000000074505806,1.9499999992549419),(0.05000000074505806,0.)));
#3171=IFCINDEXEDPOLYCURVE(#3170,(IFCLINEINDEX((1,2,3,4,5,6,7,8,1))),$);
#3172=IFCARBITRARYCLOSEDPROFILEDEF(.AREA.,$,#3171);
#3173=IFCCARTESIANPOINT((0.,0.,0.));
#3174=IFCDIRECTION((0.,-1.,0.));
#3175=IFCDIRECTION((1.,0.,0.));
#3176=IFCAXIS2PLACEMENT3D(#3173,#3174,#3175);
#3177=IFCDIRECTION((0.,0.,-1.));
#3178=IFCEXTRUDEDAREASOLID(#3172,#3176,#3177,0.02500000037252903);
#3179=IFCCARTESIANPOINTLIST2D(((0.,0.),(0.67949845641851425,0.),(0.67949845641851425,0.10000000149011612),(0.,0.10000000149011612)));
#3180=IFCINDEXEDPOLYCURVE(#3179,(IFCLINEINDEX((1,2,3,4,1))),$);
#3181=IFCARBITRARYCLOSEDPROFILEDEF(.AREA.,$,#3180);
#3182=IFCCARTESIANPOINT((0.05000000074505806,0.,0.));
#3183=IFCDIRECTION((0.,0.,1.));
#3184=IFCDIRECTION((1.,0.,0.));
#3185=IFCAXIS2PLACEMENT3D(#3182,#3183,#3184);
#3186=IFCDIRECTION((0.,0.,1.));
#3187=IFCEXTRUDEDAREASOLID(#3181,#3185,#3186,0.02500000037252903);
#3188=IFCCARTESIANPOINTLIST2D(((0.,0.),(0.,2.0250000022351742),(0.82949846237897873,2.0250000022351742),(0.82949846237897873,0.),(0.75449845939874649,0.),(0.75449845939874649,1.9499999992549419),(0.075000002980232239,1.9499999992549419),(0.075000002980232239,0.)));
#3189=IFCINDEXEDPOLYCURVE(#3188,(IFCLINEINDEX((1,2,3,4,5,6,7,8,1))),$);
#3190=IFCARBITRARYCLOSEDPROFILEDEF(.AREA.,$,#3189);
#3191=IFCCARTESIANPOINT((-0.025000002235174179,-0.004999999888241291,0.));
#3192=IFCDIRECTION((0.,-1.,0.));
#3193=IFCDIRECTION((1.,0.,0.));
#3194=IFCAXIS2PLACEMENT3D(#3191,#3192,#3193);
#3195=IFCDIRECTION((0.,0.,-1.));
#3196=IFCEXTRUDEDAREASOLID(#3190,#3194,#3195,0.004999999888241291);
#3197=IFCCARTESIANPOINTLIST2D(((0.,0.),(0.,2.0250000022351742),(0.82949846237897873,2.0250000022351742),(0.82949846237897873,0.),(0.77949845977127552,0.),(0.77949845977127552,1.974999999627471),(0.050000002607703209,1.974999999627471),(0.050000002607703209,0.)));
#3198=IFCINDEXEDPOLYCURVE(#3197,(IFCLINEINDEX((1,2,3,4,5,6,7,8,1))),$);
#3199=IFCARBITRARYCLOSEDPROFILEDEF(.AREA.,$,#3198);
#3200=IFCCARTESIANPOINT((-0.025000002235174179,0.05000000074505806,0.));
#3201=IFCDIRECTION((0.,-1.,0.));
#3202=IFCDIRECTION((1.,0.,0.));
#3203=IFCAXIS2PLACEMENT3D(#3200,#3201,#3202);
#3204=IFCDIRECTION((0.,0.,-1.));
#3205=IFCEXTRUDEDAREASOLID(#3199,#3203,#3204,0.004999999888241291);
#3206=IFCCARTESIANPOINTLIST2D(((0.,0.),(0.72949845716357231,0.),(0.72949845716357231,0.035000000149011612),(0.,0.035000000149011612)));
#3207=IFCINDEXEDPOLYCURVE(#3206,(IFCLINEINDEX((1,2,3,4,1))),$);
#3208=IFCARBITRARYCLOSEDPROFILEDEF(.AREA.,$,#3207);
#3209=IFCCARTESIANPOINT((0.02500000037252903,0.02500000037252903,0.02500000037252903));
#3210=IFCDIRECTION((0.,0.,1.));
#3211=IFCDIRECTION((1.,0.,0.));
#3212=IFCAXIS2PLACEMENT3D(#3209,#3210,#3211);
#3213=IFCDIRECTION((0.,0.,1.));
#3214=IFCEXTRUDEDAREASOLID(#3208,#3212,#3213,1.9499999992549419);
#3215=IFCCARTESIANPOINTLIST2D(((0.,0.),(0.,-0.040000000000000001),(-0.11999999999999988,-0.040000000000000001),(-0.11999999999999988,-0.02),(-0.020000000000000018,-0.02),(-0.020000000000000018,0.)));
#3216=IFCINDEXEDPOLYCURVE(#3215,(IFCLINEINDEX((1,2,3,4,5,6,1))),$);
#3217=IFCARBITRARYCLOSEDPROFILEDEF(.AREA.,$,#3216);
#3218=IFCCARTESIANPOINT((0.7044984575361013,0.02500000037252903,1.015000000372529));
#3219=IFCDIRECTION((0.,0.,1.));
#3220=IFCDIRECTION((1.,0.,0.));
#3221=IFCAXIS2PLACEMENT3D(#3218,#3219,#3220);
#3222=IFCDIRECTION((0.,0.,1.));
#3223=IFCEXTRUDEDAREASOLID(#3217,#3221,#3222,0.02);
#3224=IFCEXTRUDEDAREASOLID(#3225,#3228,#3232,0.02);
#3225=IFCARBITRARYCLOSEDPROFILEDEF(.AREA.,$,#3226);
#3226=IFCINDEXEDPOLYCURVE(#3227,(IFCLINEINDEX((1,2,3,4,5,6,1))),$);
#3227=IFCCARTESIANPOINTLIST2D(((0.,0.),(0.,0.040000000000000008),(-0.11999999999999988,0.040000000000000008),(-0.11999999999999988,0.020000000000000004),(-0.020000000000000018,0.020000000000000004),(-0.020000000000000018,0.)));
#3228=IFCAXIS2PLACEMENT3D(#3229,#3230,#3231);
#3229=IFCCARTESIANPOINT((0.7044984575361013,0.060000000521540642,1.015000000372529));
#3230=IFCDIRECTION((0.,0.,1.));
#3231=IFCDIRECTION((1.,0.,0.));
#3232=IFCDIRECTION((0.,0.,1.));
#3233=IFCSHAPEREPRESENTATION(#11,'Body','SweptSolid',(#3169,#3178,#3214,#3223,#3224,#3187,#3196,#3205));
#3234=IFCCARTESIANPOINTLIST2D(((0.,0.),(0.,0.05000000074505806),(0.02500000037252903,0.05000000074505806),(0.02500000037252903,0.02500000037252903),(0.05000000074505806,0.02500000037252903),(0.05000000074505806,0.)));
#3235=IFCINDEXEDPOLYCURVE(#3234,(IFCLINEINDEX((1,2,3,4,5,6,1))),$);
#3236=IFCINDEXEDPOLYCURVE(#3237,(IFCLINEINDEX((1,2,3,4,5,6,1))),$);
#3237=IFCCARTESIANPOINTLIST2D(((0.77949845790863037,0.),(0.77949845790863037,0.05000000074505806),(0.75449845753610134,0.05000000074505806),(0.75449845753610134,0.02500000037252903),(0.72949845716357231,0.02500000037252903),(0.72949845716357231,0.)));
#3238=IFCDIRECTION((1.,0.));
#3239=IFCCARTESIANPOINT((0.060000000521540642,0.05000000074505806));
#3240=IFCAXIS2PLACEMENT2D(#3239,#3238);
#3241=IFCELLIPSE(#3240,0.6944984570145607,0.72949845716357231);
#3242=IFCCARTESIANPOINT((0.75449845753610134,0.05000000074505806));
#3243=IFCCARTESIANPOINT((0.060000000521540642,0.77949845790863037));
#3244=IFCTRIMMEDCURVE(#3241,(#3242),(#3243),.T.,.CARTESIAN.);
#3245=IFCCARTESIANPOINTLIST2D(((0.02500000037252903,0.05000000074505806),(0.060000000521540642,0.05000000074505806),(0.060000000521540642,0.77949845790863037),(0.02500000037252903,0.77949845790863037)));
#3246=IFCINDEXEDPOLYCURVE(#3245,(IFCLINEINDEX((1,2,3,4,1))),$);
#3247=IFCSHAPEREPRESENTATION(#24,'Body','Curve2D',(#3235,#3236,#3244,#3246));
#3248=IFCCARTESIANPOINTLIST2D(((0.,0.),(0.77949845790863037,0.),(0.77949845790863037,2.),(0.,2.)));
#3249=IFCINDEXEDPOLYCURVE(#3248,(IFCLINEINDEX((1,2,3,4,1))),$);
#3250=IFCARBITRARYCLOSEDPROFILEDEF(.AREA.,$,#3249);
#3251=IFCCARTESIANPOINT((0.,-0.60000002384185791,0.));
#3252=IFCDIRECTION((0.,-1.,0.));
#3253=IFCDIRECTION((1.,0.,0.));
#3254=IFCAXIS2PLACEMENT3D(#3251,#3252,#3253);
#3255=IFCDIRECTION((0.,0.,-1.));
#3256=IFCEXTRUDEDAREASOLID(#3250,#3254,#3255,1.2);
#3257=IFCSHAPEREPRESENTATION(#11,'Body','SweptSolid',(#3256));
#3263=IFCCARTESIANPOINT((0.019768711984156973,0.015000108753285391,0.));
#3264=IFCDIRECTION((0.,0.,1.));
#3265=IFCDIRECTION((0.99999999999999289,-1.1920928955077312E-07,0.));
#3266=IFCAXIS2PLACEMENT3D(#3263,#3264,#3265);
#3267=IFCLOCALPLACEMENT(#1365,#3266);
#3268=IFCCARTESIANPOINT((-8.8817841970012523E-16,0.,0.));
#3269=IFCDIRECTION((0.,0.,1.));
#3270=IFCDIRECTION((0.99999999999999989,0.,0.));
#3271=IFCAXIS2PLACEMENT3D(#3268,#3269,#3270);
#3272=IFCLOCALPLACEMENT(#3267,#3271);
#3273=IFCDOORTYPE('0jl18Yyob1xBZoztBbJSZ5',$,'Maids-GF',$,$,(#3274),(#3276,#3284,#3362,#3668),$,$,.DOOR.,.SINGLE_SWING_LEFT.,$,$);
#3274=IFCPROPERTYSET('1BxZ4oWpv7zAwag7wmnl33',$,'BBIM_Door',$,(#3275));
#3275=IFCPROPERTYSINGLEVALUE('Data',$,IFCTEXT('{"door_type": "SLIDING_TO_RIGHT", "overall_height": 2.0, "overall_width": 1.430241584777832, "lining_properties": {"lining_depth": 0.05000000074505806, "lining_thickness": 0.05000000074505806, "lining_offset": 0.0, "transom_thickness": 0.0, "casing_thickness": 0.07500000298023224, "casing_depth": 0.004999999888241291, "threshold_thickness": 0.02500000037252903, "threshold_depth": 0.10000000149011612, "threshold_offset": 0.0}, "panel_properties": {"panel_depth": 0.03500000014901161, "panel_width_ratio": 1.0}}'),$);
#3276=IFCREPRESENTATIONMAP(#3277,#3583);
#3277=IFCAXIS2PLACEMENT3D(#3278,#3279,#3280);
#3278=IFCCARTESIANPOINT((0.,0.,0.));
#3279=IFCDIRECTION((0.,0.,1.));
#3280=IFCDIRECTION((1.,0.,0.));
#3284=IFCREPRESENTATIONMAP(#3285,#3647);
#3285=IFCAXIS2PLACEMENT3D(#3286,#3287,#3288);
#3286=IFCCARTESIANPOINT((0.,0.,0.));
#3287=IFCDIRECTION((0.,0.,1.));
#3288=IFCDIRECTION((1.,0.,0.));
#3362=IFCREPRESENTATIONMAP(#3363,#3658);
#3363=IFCAXIS2PLACEMENT3D(#3364,#3365,#3366);
#3364=IFCCARTESIANPOINT((0.,0.,0.));
#3365=IFCDIRECTION((0.,0.,1.));
#3366=IFCDIRECTION((1.,0.,0.));
#3381=IFCDOOR('19PnJJCifD0hWD8015gkUt',$,'Door',$,$,#3700,#3390,$,2.,1.430241584777832,$,.SLIDING_TO_RIGHT.,$);
#3382=IFCRELDEFINESBYTYPE('04K_tv1jv3XeH$QWYy5TGJ',$,$,$,(#3381),#3273);
#3383=IFCCARTESIANPOINT((0.,0.,0.));
#3384=IFCDIRECTION((1.,0.,0.));
#3385=IFCDIRECTION((0.,1.,0.));
#3386=IFCDIRECTION((0.,0.,1.));
#3387=IFCCARTESIANTRANSFORMATIONOPERATOR3D(#3384,#3385,#3383,1.,#3386);
#3388=IFCMAPPEDITEM(#3276,#3387);
#3389=IFCSHAPEREPRESENTATION(#18,'Profile','MappedRepresentation',(#3388));
#3390=IFCPRODUCTDEFINITIONSHAPE($,$,(#3389,#3397,#3404,#3675));
#3391=IFCCARTESIANPOINT((0.,0.,0.));
#3392=IFCDIRECTION((1.,0.,0.));
#3393=IFCDIRECTION((0.,1.,0.));
#3394=IFCDIRECTION((0.,0.,1.));
#3395=IFCCARTESIANTRANSFORMATIONOPERATOR3D(#3392,#3393,#3391,1.,#3394);
#3396=IFCMAPPEDITEM(#3284,#3395);
#3397=IFCSHAPEREPRESENTATION(#11,'Body','MappedRepresentation',(#3396));
#3398=IFCCARTESIANPOINT((0.,0.,0.));
#3399=IFCDIRECTION((1.,0.,0.));
#3400=IFCDIRECTION((0.,1.,0.));
#3401=IFCDIRECTION((0.,0.,1.));
#3402=IFCCARTESIANTRANSFORMATIONOPERATOR3D(#3399,#3400,#3398,1.,#3401);
#3403=IFCMAPPEDITEM(#3362,#3402);
#3404=IFCSHAPEREPRESENTATION(#24,'Body','MappedRepresentation',(#3403));
#3405=IFCOPENINGELEMENT('0up1qN7Un0ueqlLtMArpnt',$,'Opening',$,$,#3695,#3433,$,.OPENING.);
#3421=IFCCARTESIANPOINT((0.,0.,0.));
#3422=IFCDIRECTION((1.,0.,0.));
#3423=IFCDIRECTION((0.,0.,1.));
#3424=IFCAXIS2PLACEMENT3D(#3421,#3423,#3422);
#3425=IFCREPRESENTATIONMAP(#3424,#3685);
#3426=IFCCARTESIANPOINT((0.,0.,0.));
#3427=IFCDIRECTION((1.,0.,0.));
#3428=IFCDIRECTION((0.,1.,0.));
#3429=IFCDIRECTION((0.,0.,1.));
#3430=IFCCARTESIANTRANSFORMATIONOPERATOR3D(#3427,#3428,#3426,1.,#3429);
#3431=IFCMAPPEDITEM(#3425,#3430);
#3432=IFCSHAPEREPRESENTATION(#11,'Body','MappedRepresentation',(#3431));
#3433=IFCPRODUCTDEFINITIONSHAPE($,$,(#3432));
#3434=IFCRELVOIDSELEMENT('29j3GUZIPFdv7vHpLML0sH',$,$,$,#1418,#3405);
#3440=IFCRELFILLSELEMENT('3WkZt3EZb6T8C35UA1oSv5',$,$,$,#3405,#3381);
#3581=IFCCARTESIANPOINTLIST3D(((0.,0.,0.),(1.430241584777832,0.,0.),(1.430241584777832,0.,2.),(0.,0.,2.)));
#3582=IFCINDEXEDPOLYCURVE(#3581,(IFCLINEINDEX((1,2,3,4,1))),$);
#3583=IFCSHAPEREPRESENTATION(#18,'Profile','Curve3D',(#3582));
#3584=IFCCARTESIANPOINTLIST2D(((0.,0.),(0.,2.),(1.430241584777832,2.),(1.430241584777832,0.),(1.380241584032774,0.),(1.380241584032774,1.9499999992549419),(0.05000000074505806,1.9499999992549419),(0.05000000074505806,0.)));
#3585=IFCINDEXEDPOLYCURVE(#3584,(IFCLINEINDEX((1,2,3,4,5,6,7,8,1))),$);
#3586=IFCARBITRARYCLOSEDPROFILEDEF(.AREA.,$,#3585);
#3587=IFCCARTESIANPOINT((0.,0.,0.));
#3588=IFCDIRECTION((0.,-1.,0.));
#3589=IFCDIRECTION((1.,0.,0.));
#3590=IFCAXIS2PLACEMENT3D(#3587,#3588,#3589);
#3591=IFCDIRECTION((0.,0.,-1.));
#3592=IFCEXTRUDEDAREASOLID(#3586,#3590,#3591,0.05000000074505806);
#3593=IFCCARTESIANPOINTLIST2D(((0.,0.),(1.3302415832877159,0.),(1.3302415832877159,0.10000000149011612),(0.,0.10000000149011612)));
#3594=IFCINDEXEDPOLYCURVE(#3593,(IFCLINEINDEX((1,2,3,4,1))),$);
#3595=IFCARBITRARYCLOSEDPROFILEDEF(.AREA.,$,#3594);
#3596=IFCCARTESIANPOINT((0.05000000074505806,0.,0.));
#3597=IFCDIRECTION((0.,0.,1.));
#3598=IFCDIRECTION((1.,0.,0.));
#3599=IFCAXIS2PLACEMENT3D(#3596,#3597,#3598);
#3600=IFCDIRECTION((0.,0.,1.));
#3601=IFCEXTRUDEDAREASOLID(#3595,#3599,#3600,0.02500000037252903);
#3602=IFCCARTESIANPOINTLIST2D(((0.,0.),(0.,2.0250000022351742),(1.4802415892481804,2.0250000022351742),(1.4802415892481804,0.),(1.4052415862679482,0.),(1.4052415862679482,1.9499999992549419),(0.075000002980232239,1.9499999992549419),(0.075000002980232239,0.)));
#3603=IFCINDEXEDPOLYCURVE(#3602,(IFCLINEINDEX((1,2,3,4,5,6,7,8,1))),$);
#3604=IFCARBITRARYCLOSEDPROFILEDEF(.AREA.,$,#3603);
#3605=IFCCARTESIANPOINT((-0.025000002235174179,-0.004999999888241291,0.));
#3606=IFCDIRECTION((0.,-1.,0.));
#3607=IFCDIRECTION((1.,0.,0.));
#3608=IFCAXIS2PLACEMENT3D(#3605,#3606,#3607);
#3609=IFCDIRECTION((0.,0.,-1.));
#3610=IFCEXTRUDEDAREASOLID(#3604,#3608,#3609,0.004999999888241291);
#3611=IFCCARTESIANPOINTLIST2D(((0.,0.),(0.,2.0250000022351742),(1.4802415892481804,2.0250000022351742),(1.4802415892481804,0.),(1.4052415862679482,0.),(1.4052415862679482,1.9499999992549419),(0.075000002980232239,1.9499999992549419),(0.075000002980232239,0.)));
#3612=IFCINDEXEDPOLYCURVE(#3611,(IFCLINEINDEX((1,2,3,4,5,6,7,8,1))),$);
#3613=IFCARBITRARYCLOSEDPROFILEDEF(.AREA.,$,#3612);
#3614=IFCCARTESIANPOINT((-0.025000002235174179,0.05000000074505806,0.));
#3615=IFCDIRECTION((0.,-1.,0.));
#3616=IFCDIRECTION((1.,0.,0.));
#3617=IFCAXIS2PLACEMENT3D(#3614,#3615,#3616);
#3618=IFCDIRECTION((0.,0.,-1.));
#3619=IFCEXTRUDEDAREASOLID(#3613,#3617,#3618,0.004999999888241291);
#3620=IFCCARTESIANPOINTLIST2D(((0.,0.),(1.3302415832877159,0.),(1.3302415832877159,0.035000000149011612),(0.,0.035000000149011612)));
#3621=IFCINDEXEDPOLYCURVE(#3620,(IFCLINEINDEX((1,2,3,4,1))),$);
#3622=IFCARBITRARYCLOSEDPROFILEDEF(.AREA.,$,#3621);
#3623=IFCCARTESIANPOINT((0.05000000074505806,-0.035000000149011612,0.02500000037252903));
#3624=IFCDIRECTION((0.,0.,1.));
#3625=IFCDIRECTION((1.,0.,0.));
#3626=IFCAXIS2PLACEMENT3D(#3623,#3624,#3625);
#3627=IFCDIRECTION((0.,0.,1.));
#3628=IFCEXTRUDEDAREASOLID(#3622,#3626,#3627,1.9249999988824129);
#3629=IFCCARTESIANPOINTLIST2D(((0.,0.),(0.,-0.040000000000000001),(0.12,-0.040000000000000001),(0.12,-0.02),(0.02,-0.02),(0.02,0.)));
#3630=IFCINDEXEDPOLYCURVE(#3629,(IFCLINEINDEX((1,2,3,4,5,6,1))),$);
#3631=IFCARBITRARYCLOSEDPROFILEDEF(.AREA.,$,#3630);
#3632=IFCCARTESIANPOINT((0.10000000074505806,-0.035000000149011612,1.015000000372529));
#3633=IFCDIRECTION((0.,0.,1.));
#3634=IFCDIRECTION((1.,0.,0.));
#3635=IFCAXIS2PLACEMENT3D(#3632,#3633,#3634);
#3636=IFCDIRECTION((0.,0.,1.));
#3637=IFCEXTRUDEDAREASOLID(#3631,#3635,#3636,0.02);
#3638=IFCEXTRUDEDAREASOLID(#3639,#3642,#3646,0.02);
#3639=IFCARBITRARYCLOSEDPROFILEDEF(.AREA.,$,#3640);
#3640=IFCINDEXEDPOLYCURVE(#3641,(IFCLINEINDEX((1,2,3,4,5,6,1))),$);
#3641=IFCCARTESIANPOINTLIST2D(((0.,0.),(0.,0.040000000000000008),(0.11999999999999998,0.040000000000000008),(0.11999999999999998,0.020000000000000004),(0.020000000000000004,0.020000000000000004),(0.020000000000000004,0.)));
#3642=IFCAXIS2PLACEMENT3D(#3643,#3644,#3645);
#3643=IFCCARTESIANPOINT((0.10000000074505806,0.,1.015000000372529));
#3644=IFCDIRECTION((0.,0.,1.));
#3645=IFCDIRECTION((1.,0.,0.));
#3646=IFCDIRECTION((0.,0.,1.));
#3647=IFCSHAPEREPRESENTATION(#11,'Body','SweptSolid',(#3592,#3628,#3637,#3638,#3601,#3610,#3619));
#3648=IFCSHAPEREPRESENTATION(#11,'Body','SweptSolid',(#3592,#3601,#3610,#3619));
#3649=IFCSHAPEASPECT((#3648),'Lining',$,.T.,#3390);
#3650=IFCSHAPEREPRESENTATION(#11,'Body','SweptSolid',(#3628,#3637,#3638));
#3651=IFCSHAPEASPECT((#3650),'Framing',$,.T.,#3390);
#3652=IFCCARTESIANPOINTLIST2D(((0.,0.),(0.05000000074505806,0.),(0.05000000074505806,0.05000000074505806),(0.,0.05000000074505806)));
#3653=IFCINDEXEDPOLYCURVE(#3652,(IFCLINEINDEX((1,2,3,4,1))),$);
#3654=IFCINDEXEDPOLYCURVE(#3655,(IFCLINEINDEX((1,2,3,4,1))),$);
#3655=IFCCARTESIANPOINTLIST2D(((1.430241584777832,0.),(1.380241584032774,0.),(1.380241584032774,0.05000000074505806),(1.430241584777832,0.05000000074505806)));
#3656=IFCCARTESIANPOINTLIST2D(((2.0453623756766319,-0.035000000149011612),(0.71512079238891602,-0.035000000149011612),(0.71512079238891602,0.),(2.0453623756766319,0.)));
#3657=IFCINDEXEDPOLYCURVE(#3656,(IFCLINEINDEX((1,2,3,4,1))),$);
#3658=IFCSHAPEREPRESENTATION(#24,'Body','Curve2D',(#3653,#3654,#3657));
#3659=IFCCARTESIANPOINTLIST2D(((0.51558455489575861,-0.081587428267465345),(0.91465702988207342,-0.081587428267465345)));
#3660=IFCINDEXEDPOLYCURVE(#3659,$,$);
#3661=IFCCARTESIANPOINTLIST2D(((0.54558455489575863,-0.050529142855162856),(0.51558455489575861,-0.081587428267465345),(0.54558455489575863,-0.11264571367976783)));
#3662=IFCINDEXEDPOLYCURVE(#3661,$,$);
#3663=IFCSHAPEREPRESENTATION(#25,'Annotation','Curve2D',(#3660,#3662));
#3664=IFCCARTESIANPOINT((0.,0.,0.));
#3665=IFCDIRECTION((1.,0.,0.));
#3666=IFCDIRECTION((0.,0.,1.));
#3667=IFCAXIS2PLACEMENT3D(#3664,#3666,#3665);
#3668=IFCREPRESENTATIONMAP(#3667,#3663);
#3669=IFCCARTESIANPOINT((0.,0.,0.));
#3670=IFCDIRECTION((1.,0.,0.));
#3671=IFCDIRECTION((0.,1.,0.));
#3672=IFCDIRECTION((0.,0.,1.));
#3673=IFCCARTESIANTRANSFORMATIONOPERATOR3D(#3670,#3671,#3669,1.,#3672);
#3674=IFCMAPPEDITEM(#3668,#3673);
#3675=IFCSHAPEREPRESENTATION(#25,'Annotation','MappedRepresentation',(#3674));
#3676=IFCCARTESIANPOINTLIST2D(((0.,0.),(1.430241584777832,0.),(1.430241584777832,2.),(0.,2.)));
#3677=IFCINDEXEDPOLYCURVE(#3676,(IFCLINEINDEX((1,2,3,4,1))),$);
#3678=IFCARBITRARYCLOSEDPROFILEDEF(.AREA.,$,#3677);
#3679=IFCCARTESIANPOINT((0.,-0.60000002384185791,0.));
#3680=IFCDIRECTION((0.,-1.,0.));
#3681=IFCDIRECTION((1.,0.,0.));
#3682=IFCAXIS2PLACEMENT3D(#3679,#3680,#3681);
#3683=IFCDIRECTION((0.,0.,-1.));
#3684=IFCEXTRUDEDAREASOLID(#3678,#3682,#3683,1.2);
#3685=IFCSHAPEREPRESENTATION(#11,'Body','SweptSolid',(#3684));
#3691=IFCCARTESIANPOINT((0.016111404179372513,0.059998280123436221,0.));
#3692=IFCDIRECTION((0.,0.,1.));
#3693=IFCDIRECTION((0.99999999999860734,-1.6689301673941133E-06,0.));
#3694=IFCAXIS2PLACEMENT3D(#3691,#3692,#3693);
#3695=IFCLOCALPLACEMENT(#1786,#3694);
#3696=IFCCARTESIANPOINT((1.1102230246251565E-16,8.8817841970012523E-16,0.));
#3697=IFCDIRECTION((0.,0.,1.));
#3698=IFCDIRECTION((0.99999999999999989,0.,0.));
#3699=IFCAXIS2PLACEMENT3D(#3696,#3697,#3698);
#3700=IFCLOCALPLACEMENT(#3695,#3699);
#3701=IFCWINDOWTYPE('0nChrZhWj4ewvX618WGGp$',$,'Living-GF',$,$,(#3702),(#3711,#3759,#3781),$,$,.WINDOW.,.SINGLE_PANEL.,$,$);
#3702=IFCPROPERTYSET('2qpw5FG15DwPZ4JWCADRkB',$,'BBIM_Window',$,(#3703));
#3703=IFCPROPERTYSINGLEVALUE('Data',$,IFCTEXT('{"window_type": "SINGLE_PANEL", "overall_height": 0.8999999761581421, "overall_width": 0.8361899852752686, "lining_properties": {"lining_depth": 0.05000000074505806, "lining_thickness": 0.05000000074505806, "lining_offset": 0.05000000074505806, "lining_to_panel_offset_x": 0.02500000037252903, "lining_to_panel_offset_y": 0.02500000037252903}, "panel_properties": {"frame_depth": [0.03500000014901161, 0.03500000014901161, 0.03500000014901161], "frame_thickness": [0.03500000014901161, 0.03500000014901161, 0.03500000014901161]}}'),$);
#3707=IFCCARTESIANPOINT((0.,0.,0.));
#3708=IFCDIRECTION((1.,0.,0.));
#3709=IFCDIRECTION((0.,0.,1.));
#3710=IFCAXIS2PLACEMENT3D(#3707,#3709,#3708);
#3711=IFCREPRESENTATIONMAP(#3710,#4106);
#3755=IFCCARTESIANPOINT((0.,0.,0.));
#3756=IFCDIRECTION((1.,0.,0.));
#3757=IFCDIRECTION((0.,0.,1.));
#3758=IFCAXIS2PLACEMENT3D(#3755,#3757,#3756);
#3759=IFCREPRESENTATIONMAP(#3758,#4149);
#3777=IFCCARTESIANPOINT((0.,0.,0.));
#3778=IFCDIRECTION((1.,0.,0.));
#3779=IFCDIRECTION((0.,0.,1.));
#3780=IFCAXIS2PLACEMENT3D(#3777,#3779,#3778);
#3781=IFCREPRESENTATIONMAP(#3780,#4166);
#3782=IFCWINDOW('1mhOB_sTTATBInWWbZmmpE',$,'Window',$,$,#4191,#3791,$,0.89999997615814209,0.83618998527526855,$,.SINGLE_PANEL.,$);
#3783=IFCRELDEFINESBYTYPE('0l5ockewn7EBvrSYf4drfj',$,$,$,(#3782),#3701);
#3784=IFCCARTESIANPOINT((0.,0.,0.));
#3785=IFCDIRECTION((1.,0.,0.));
#3786=IFCDIRECTION((0.,1.,0.));
#3787=IFCDIRECTION((0.,0.,1.));
#3788=IFCCARTESIANTRANSFORMATIONOPERATOR3D(#3785,#3786,#3784,1.,#3787);
#3789=IFCMAPPEDITEM(#3711,#3788);
#3790=IFCSHAPEREPRESENTATION(#18,'Profile','MappedRepresentation',(#3789));
#3791=IFCPRODUCTDEFINITIONSHAPE($,$,(#3790,#3798,#3805));
#3792=IFCCARTESIANPOINT((0.,0.,0.));
#3793=IFCDIRECTION((1.,0.,0.));
#3794=IFCDIRECTION((0.,1.,0.));
#3795=IFCDIRECTION((0.,0.,1.));
#3796=IFCCARTESIANTRANSFORMATIONOPERATOR3D(#3793,#3794,#3792,1.,#3795);
#3797=IFCMAPPEDITEM(#3759,#3796);
#3798=IFCSHAPEREPRESENTATION(#11,'Body','MappedRepresentation',(#3797));
#3799=IFCCARTESIANPOINT((0.,0.,0.));
#3800=IFCDIRECTION((1.,0.,0.));
#3801=IFCDIRECTION((0.,1.,0.));
#3802=IFCDIRECTION((0.,0.,1.));
#3803=IFCCARTESIANTRANSFORMATIONOPERATOR3D(#3800,#3801,#3799,1.,#3802);
#3804=IFCMAPPEDITEM(#3781,#3803);
#3805=IFCSHAPEREPRESENTATION(#24,'Body','MappedRepresentation',(#3804));
#3806=IFCOPENINGELEMENT('2JLitnHyzCcvvVjKTpRBOI',$,'Opening',$,$,#4186,#3834,$,.OPENING.);
#3822=IFCCARTESIANPOINT((0.,0.,0.));
#3823=IFCDIRECTION((1.,0.,0.));
#3824=IFCDIRECTION((0.,0.,1.));
#3825=IFCAXIS2PLACEMENT3D(#3822,#3824,#3823);
#3826=IFCREPRESENTATIONMAP(#3825,#4176);
#3827=IFCCARTESIANPOINT((0.,0.,0.));
#3828=IFCDIRECTION((1.,0.,0.));
#3829=IFCDIRECTION((0.,1.,0.));
#3830=IFCDIRECTION((0.,0.,1.));
#3831=IFCCARTESIANTRANSFORMATIONOPERATOR3D(#3828,#3829,#3827,1.,#3830);
#3832=IFCMAPPEDITEM(#3826,#3831);
#3833=IFCSHAPEREPRESENTATION(#11,'Body','MappedRepresentation',(#3832));
#3834=IFCPRODUCTDEFINITIONSHAPE($,$,(#3833));
#3835=IFCRELVOIDSELEMENT('3GMINIKY1EOeVRpemO3B8O',$,$,$,#167,#3806);
#3841=IFCRELFILLSELEMENT('3$9XpGShvDdQiYoXfaQS15',$,$,$,#3806,#3782);
#3850=IFCCARTESIANPOINTLIST2D(((0.,0.),(0.60000002384185791,0.),(0.60000002384185791,0.89999997615814209),(0.,0.89999997615814209)));
#3851=IFCINDEXEDPOLYCURVE(#3850,(IFCLINEINDEX((1,2,3,4,1))),$);
#3852=IFCCARTESIANPOINTLIST2D(((0.02500000037252903,0.02500000037252903),(0.57500002346932888,0.02500000037252903),(0.57500002346932888,0.87499997578561306),(0.02500000037252903,0.87499997578561306)));
#3853=IFCINDEXEDPOLYCURVE(#3852,(IFCLINEINDEX((1,2,3,4,1))),$);
#3854=IFCARBITRARYPROFILEDEFWITHVOIDS(.AREA.,$,#3851,(#3853));
#3855=IFCCARTESIANPOINT((0.,0.090000001713633537,0.));
#3856=IFCDIRECTION((0.,-1.,0.));
#3857=IFCDIRECTION((1.,0.,0.));
#3858=IFCAXIS2PLACEMENT3D(#3855,#3856,#3857);
#3859=IFCDIRECTION((0.,0.,-1.));
#3860=IFCEXTRUDEDAREASOLID(#3854,#3858,#3859,0.0099999997764825821);
#3861=IFCCARTESIANPOINTLIST2D(((0.,0.),(0.60000002384185791,0.),(0.60000002384185791,0.89999997615814209),(0.,0.89999997615814209)));
#3862=IFCINDEXEDPOLYCURVE(#3861,(IFCLINEINDEX((1,2,3,4,1))),$);
#3863=IFCCARTESIANPOINTLIST2D(((0.05000000074505806,0.05000000074505806),(0.55000002309679985,0.05000000074505806),(0.55000002309679985,0.84999997541308403),(0.05000000074505806,0.84999997541308403)));
#3864=IFCINDEXEDPOLYCURVE(#3863,(IFCLINEINDEX((1,2,3,4,1))),$);
#3865=IFCARBITRARYPROFILEDEFWITHVOIDS(.AREA.,$,#3862,(#3864));
#3866=IFCCARTESIANPOINT((0.,0.05000000074505806,0.));
#3867=IFCDIRECTION((0.,-1.,0.));
#3868=IFCDIRECTION((1.,0.,0.));
#3869=IFCAXIS2PLACEMENT3D(#3866,#3867,#3868);
#3870=IFCDIRECTION((0.,0.,-1.));
#3871=IFCEXTRUDEDAREASOLID(#3865,#3869,#3870,0.040000000968575478);
#3872=IFCCARTESIANPOINTLIST2D(((0.,0.),(0.55000002309679985,0.),(0.55000002309679985,0.84999997541308403),(0.,0.84999997541308403)));
#3873=IFCINDEXEDPOLYCURVE(#3872,(IFCLINEINDEX((1,2,3,4,1))),$);
#3874=IFCCARTESIANPOINTLIST2D(((0.035000000149011612,0.035000000149011612),(0.51500002294778824,0.035000000149011612),(0.51500002294778824,0.81499997526407242),(0.035000000149011612,0.81499997526407242)));
#3875=IFCINDEXEDPOLYCURVE(#3874,(IFCLINEINDEX((1,2,3,4,1))),$);
#3876=IFCARBITRARYPROFILEDEFWITHVOIDS(.AREA.,$,#3873,(#3875));
#3877=IFCCARTESIANPOINT((0.02500000037252903,0.090000001713633537,0.02500000037252903));
#3878=IFCDIRECTION((0.,-1.,0.));
#3879=IFCDIRECTION((1.,0.,0.));
#3880=IFCAXIS2PLACEMENT3D(#3877,#3878,#3879);
#3881=IFCDIRECTION((0.,0.,-1.));
#3882=IFCEXTRUDEDAREASOLID(#3876,#3880,#3881,0.035000000149011612);
#3883=IFCINDEXEDPOLYCURVE(#3884,(IFCLINEINDEX((1,2,3,4,1))),$);
#3884=IFCCARTESIANPOINTLIST2D(((0.035000000149011612,0.035000000149011612),(0.51500002294778824,0.035000000149011612),(0.51500002294778824,0.81499997526407242),(0.035000000149011612,0.81499997526407242)));
#3885=IFCARBITRARYCLOSEDPROFILEDEF(.AREA.,$,#3883);
#3886=IFCCARTESIANPOINT((0.02500000037252903,0.10250000178813934,0.02500000037252903));
#3887=IFCDIRECTION((0.,-1.,0.));
#3888=IFCDIRECTION((1.,0.,0.));
#3889=IFCAXIS2PLACEMENT3D(#3886,#3887,#3888);
#3890=IFCDIRECTION((0.,0.,-1.));
#3891=IFCEXTRUDEDAREASOLID(#3885,#3889,#3890,0.01);
#3893=IFCSHAPEREPRESENTATION(#11,'Body','SweptSolid',(#4117,#4014,#4025,#3860,#3871,#4128));
#3894=IFCSHAPEASPECT((#3893),'Lining',$,.T.,#3791);
#3895=IFCSHAPEREPRESENTATION(#11,'Body','SweptSolid',(#4036,#3882,#4139));
#3896=IFCSHAPEASPECT((#3895),'Framing',$,.T.,#3791);
#3897=IFCSHAPEREPRESENTATION(#11,'Body','SweptSolid',(#4148,#4045,#3891));
#3898=IFCSHAPEASPECT((#3897),'Glazing',$,.T.,#3791);
#4004=IFCCARTESIANPOINTLIST2D(((0.,0.),(0.83618998527526855,0.),(0.83618998527526855,0.89999997615814209),(0.,0.89999997615814209)));
#4005=IFCINDEXEDPOLYCURVE(#4004,(IFCLINEINDEX((1,2,3,4,1))),$);
#4006=IFCCARTESIANPOINTLIST2D(((0.02500000037252903,0.02500000037252903),(0.81118998490273952,0.02500000037252903),(0.81118998490273952,0.87499997578561306),(0.02500000037252903,0.87499997578561306)));
#4007=IFCINDEXEDPOLYCURVE(#4006,(IFCLINEINDEX((1,2,3,4,1))),$);
#4008=IFCARBITRARYPROFILEDEFWITHVOIDS(.AREA.,$,#4005,(#4007));
#4009=IFCCARTESIANPOINT((0.,0.090000001713633537,0.));
#4010=IFCDIRECTION((0.,-1.,0.));
#4011=IFCDIRECTION((1.,0.,0.));
#4012=IFCAXIS2PLACEMENT3D(#4009,#4010,#4011);
#4013=IFCDIRECTION((0.,0.,-1.));
#4014=IFCEXTRUDEDAREASOLID(#4008,#4012,#4013,0.0099999997764825821);
#4015=IFCCARTESIANPOINTLIST2D(((0.,0.),(0.83618998527526855,0.),(0.83618998527526855,0.89999997615814209),(0.,0.89999997615814209)));
#4016=IFCINDEXEDPOLYCURVE(#4015,(IFCLINEINDEX((1,2,3,4,1))),$);
#4017=IFCCARTESIANPOINTLIST2D(((0.05000000074505806,0.05000000074505806),(0.78618998453021049,0.05000000074505806),(0.78618998453021049,0.84999997541308403),(0.05000000074505806,0.84999997541308403)));
#4018=IFCINDEXEDPOLYCURVE(#4017,(IFCLINEINDEX((1,2,3,4,1))),$);
#4019=IFCARBITRARYPROFILEDEFWITHVOIDS(.AREA.,$,#4016,(#4018));
#4020=IFCCARTESIANPOINT((0.,0.05000000074505806,0.));
#4021=IFCDIRECTION((0.,-1.,0.));
#4022=IFCDIRECTION((1.,0.,0.));
#4023=IFCAXIS2PLACEMENT3D(#4020,#4021,#4022);
#4024=IFCDIRECTION((0.,0.,-1.));
#4025=IFCEXTRUDEDAREASOLID(#4019,#4023,#4024,0.040000000968575478);
#4026=IFCCARTESIANPOINTLIST2D(((0.,0.),(0.78618998453021049,0.),(0.78618998453021049,0.84999997541308403),(0.,0.84999997541308403)));
#4027=IFCINDEXEDPOLYCURVE(#4026,(IFCLINEINDEX((1,2,3,4,1))),$);
#4028=IFCCARTESIANPOINTLIST2D(((0.035000000149011612,0.035000000149011612),(0.75118998438119888,0.035000000149011612),(0.75118998438119888,0.81499997526407242),(0.035000000149011612,0.81499997526407242)));
#4029=IFCINDEXEDPOLYCURVE(#4028,(IFCLINEINDEX((1,2,3,4,1))),$);
#4030=IFCARBITRARYPROFILEDEFWITHVOIDS(.AREA.,$,#4027,(#4029));
#4031=IFCCARTESIANPOINT((0.02500000037252903,0.090000001713633537,0.02500000037252903));
#4032=IFCDIRECTION((0.,-1.,0.));
#4033=IFCDIRECTION((1.,0.,0.));
#4034=IFCAXIS2PLACEMENT3D(#4031,#4032,#4033);
#4035=IFCDIRECTION((0.,0.,-1.));
#4036=IFCEXTRUDEDAREASOLID(#4030,#4034,#4035,0.035000000149011612);
#4037=IFCINDEXEDPOLYCURVE(#4038,(IFCLINEINDEX((1,2,3,4,1))),$);
#4038=IFCCARTESIANPOINTLIST2D(((0.035000000149011612,0.035000000149011612),(0.75118998438119888,0.035000000149011612),(0.75118998438119888,0.81499997526407242),(0.035000000149011612,0.81499997526407242)));
#4039=IFCARBITRARYCLOSEDPROFILEDEF(.AREA.,$,#4037);
#4040=IFCCARTESIANPOINT((0.02500000037252903,0.10250000178813934,0.02500000037252903));
#4041=IFCDIRECTION((0.,-1.,0.));
#4042=IFCDIRECTION((1.,0.,0.));
#4043=IFCAXIS2PLACEMENT3D(#4040,#4041,#4042);
#4044=IFCDIRECTION((0.,0.,-1.));
#4045=IFCEXTRUDEDAREASOLID(#4039,#4043,#4044,0.01);
#4104=IFCCARTESIANPOINTLIST3D(((0.,0.,0.),(0.83618998527526855,0.,0.),(0.83618998527526855,0.,0.89999997615814209),(0.,0.,0.89999997615814209)));
#4105=IFCINDEXEDPOLYCURVE(#4104,(IFCLINEINDEX((1,2,3,4,1))),$);
#4106=IFCSHAPEREPRESENTATION(#18,'Profile','Curve3D',(#4105));
#4107=IFCCARTESIANPOINTLIST2D(((0.,0.),(0.83618998527526855,0.),(0.83618998527526855,0.89999997615814209),(0.,0.89999997615814209)));
#4108=IFCINDEXEDPOLYCURVE(#4107,(IFCLINEINDEX((1,2,3,4,1))),$);
#4109=IFCCARTESIANPOINTLIST2D(((0.02500000037252903,0.02500000037252903),(0.81118998490273952,0.02500000037252903),(0.81118998490273952,0.87499997578561306),(0.02500000037252903,0.87499997578561306)));
#4110=IFCINDEXEDPOLYCURVE(#4109,(IFCLINEINDEX((1,2,3,4,1))),$);
#4111=IFCARBITRARYPROFILEDEFWITHVOIDS(.AREA.,$,#4108,(#4110));
#4112=IFCCARTESIANPOINT((0.,0.090000001713633537,0.));
#4113=IFCDIRECTION((0.,-1.,0.));
#4114=IFCDIRECTION((1.,0.,0.));
#4115=IFCAXIS2PLACEMENT3D(#4112,#4113,#4114);
#4116=IFCDIRECTION((0.,0.,-1.));
#4117=IFCEXTRUDEDAREASOLID(#4111,#4115,#4116,0.0099999997764825821);
#4118=IFCCARTESIANPOINTLIST2D(((0.,0.),(0.83618998527526855,0.),(0.83618998527526855,0.89999997615814209),(0.,0.89999997615814209)));
#4119=IFCINDEXEDPOLYCURVE(#4118,(IFCLINEINDEX((1,2,3,4,1))),$);
#4120=IFCCARTESIANPOINTLIST2D(((0.05000000074505806,0.05000000074505806),(0.78618998453021049,0.05000000074505806),(0.78618998453021049,0.84999997541308403),(0.05000000074505806,0.84999997541308403)));
#4121=IFCINDEXEDPOLYCURVE(#4120,(IFCLINEINDEX((1,2,3,4,1))),$);
#4122=IFCARBITRARYPROFILEDEFWITHVOIDS(.AREA.,$,#4119,(#4121));
#4123=IFCCARTESIANPOINT((0.,0.05000000074505806,0.));
#4124=IFCDIRECTION((0.,-1.,0.));
#4125=IFCDIRECTION((1.,0.,0.));
#4126=IFCAXIS2PLACEMENT3D(#4123,#4124,#4125);
#4127=IFCDIRECTION((0.,0.,-1.));
#4128=IFCEXTRUDEDAREASOLID(#4122,#4126,#4127,0.040000000968575478);
#4129=IFCCARTESIANPOINTLIST2D(((0.,0.),(0.78618998453021049,0.),(0.78618998453021049,0.84999997541308403),(0.,0.84999997541308403)));
#4130=IFCINDEXEDPOLYCURVE(#4129,(IFCLINEINDEX((1,2,3,4,1))),$);
#4131=IFCCARTESIANPOINTLIST2D(((0.035000000149011612,0.035000000149011612),(0.75118998438119888,0.035000000149011612),(0.75118998438119888,0.81499997526407242),(0.035000000149011612,0.81499997526407242)));
#4132=IFCINDEXEDPOLYCURVE(#4131,(IFCLINEINDEX((1,2,3,4,1))),$);
#4133=IFCARBITRARYPROFILEDEFWITHVOIDS(.AREA.,$,#4130,(#4132));
#4134=IFCCARTESIANPOINT((0.02500000037252903,0.090000001713633537,0.02500000037252903));
#4135=IFCDIRECTION((0.,-1.,0.));
#4136=IFCDIRECTION((1.,0.,0.));
#4137=IFCAXIS2PLACEMENT3D(#4134,#4135,#4136);
#4138=IFCDIRECTION((0.,0.,-1.));
#4139=IFCEXTRUDEDAREASOLID(#4133,#4137,#4138,0.035000000149011612);
#4140=IFCINDEXEDPOLYCURVE(#4141,(IFCLINEINDEX((1,2,3,4,1))),$);
#4141=IFCCARTESIANPOINTLIST2D(((0.035000000149011612,0.035000000149011612),(0.75118998438119888,0.035000000149011612),(0.75118998438119888,0.81499997526407242),(0.035000000149011612,0.81499997526407242)));
#4142=IFCARBITRARYCLOSEDPROFILEDEF(.AREA.,$,#4140);
#4143=IFCCARTESIANPOINT((0.02500000037252903,0.10250000178813934,0.02500000037252903));
#4144=IFCDIRECTION((0.,-1.,0.));
#4145=IFCDIRECTION((1.,0.,0.));
#4146=IFCAXIS2PLACEMENT3D(#4143,#4144,#4145);
#4147=IFCDIRECTION((0.,0.,-1.));
#4148=IFCEXTRUDEDAREASOLID(#4142,#4146,#4147,0.01);
#4149=IFCSHAPEREPRESENTATION(#11,'Body','SweptSolid',(#4117,#4128,#4139,#4148));
#4150=IFCCARTESIANPOINTLIST2D(((0.05000000074505806,0.05000000074505806),(0.78618998453021049,0.05000000074505806)));
#4151=IFCINDEXEDPOLYCURVE(#4150,$,$);
#4152=IFCCARTESIANPOINTLIST2D(((0.,0.10000000149011612),(0.02500000037252903,0.10000000149011612),(0.02500000037252903,0.090000001713633537),(0.05000000074505806,0.090000001713633537),(0.05000000074505806,0.05000000074505806),(0.,0.05000000074505806)));
#4153=IFCINDEXEDPOLYCURVE(#4152,(IFCLINEINDEX((1,2,3,4,5,6,1))),$);
#4154=IFCCARTESIANPOINTLIST2D(((0.83618998527526855,0.10000000149011612),(0.81118998490273952,0.10000000149011612),(0.81118998490273952,0.090000001713633537),(0.78618998453021049,0.090000001713633537),(0.78618998453021049,0.05000000074505806),(0.83618998527526855,0.05000000074505806)));
#4155=IFCINDEXEDPOLYCURVE(#4154,(IFCLINEINDEX((1,2,3,4,5,6,1))),$);
#4156=IFCCARTESIANPOINTLIST2D(((0.02500000037252903,0.090000001713633537),(0.060000000521540642,0.090000001713633537),(0.060000000521540642,0.12500000186264515),(0.02500000037252903,0.12500000186264515)));
#4157=IFCINDEXEDPOLYCURVE(#4156,(IFCLINEINDEX((1,2,3,4,1))),$);
#4158=IFCINDEXEDPOLYCURVE(#4159,(IFCLINEINDEX((1,2,3,4,1))),$);
#4159=IFCCARTESIANPOINTLIST2D(((0.81118998490273952,0.090000001713633537),(0.77618998475372791,0.090000001713633537),(0.77618998475372791,0.12500000186264515),(0.81118998490273952,0.12500000186264515)));
#4160=IFCCARTESIANPOINTLIST2D(((0.060000000521540642,0.090000001713633537),(0.77618998475372791,0.090000001713633537)));
#4161=IFCINDEXEDPOLYCURVE(#4160,$,$);
#4162=IFCINDEXEDPOLYCURVE(#4163,$,$);
#4163=IFCCARTESIANPOINTLIST2D(((0.060000000521540642,0.12500000186264515),(0.77618998475372791,0.12500000186264515)));
#4164=IFCINDEXEDPOLYCURVE(#4165,$,$);
#4165=IFCCARTESIANPOINTLIST2D(((0.060000000521540642,0.10750000178813934),(0.77618998475372791,0.10750000178813934)));
#4166=IFCSHAPEREPRESENTATION(#24,'Body','Curve2D',(#4151,#4153,#4155,#4157,#4158,#4161,#4162,#4164));
#4167=IFCCARTESIANPOINTLIST2D(((0.,0.),(0.83618998527526855,0.),(0.83618998527526855,0.89999997615814209),(0.,0.89999997615814209)));
#4168=IFCINDEXEDPOLYCURVE(#4167,(IFCLINEINDEX((1,2,3,4,1))),$);
#4169=IFCARBITRARYCLOSEDPROFILEDEF(.AREA.,$,#4168);
#4170=IFCCARTESIANPOINT((0.,-0.60000002384185791,0.));
#4171=IFCDIRECTION((0.,-1.,0.));
#4172=IFCDIRECTION((1.,0.,0.));
#4173=IFCAXIS2PLACEMENT3D(#4170,#4171,#4172);
#4174=IFCDIRECTION((0.,0.,-1.));
#4175=IFCEXTRUDEDAREASOLID(#4169,#4173,#4174,1.2);
#4176=IFCSHAPEREPRESENTATION(#11,'Body','SweptSolid',(#4175));
#4182=IFCCARTESIANPOINT((1.7320287128323908,2.1457672119140625E-06,1.));
#4183=IFCDIRECTION((0.,0.,1.));
#4184=IFCDIRECTION((0.9999999999997442,-7.1525573730450454E-07,0.));
#4185=IFCAXIS2PLACEMENT3D(#4182,#4183,#4184);
#4186=IFCLOCALPLACEMENT(#1850,#4185);
#4187=IFCCARTESIANPOINT((4.4408920985006262E-16,0.,0.));
#4188=IFCDIRECTION((0.,0.,1.));
#4189=IFCDIRECTION((1.,0.,0.));
#4190=IFCAXIS2PLACEMENT3D(#4187,#4188,#4189);
#4191=IFCLOCALPLACEMENT(#4186,#4190);
#4192=IFCWINDOWTYPE('3Y$Crjh2n8RAlwLcHuZNzn',$,'Guest-1-GF',$,$,(#4193),(#4195,#4203,#4251),$,$,.WINDOW.,.SINGLE_PANEL.,$,$);
#4193=IFCPROPERTYSET('33_o_UhOX4H82boM0uZoCy',$,'BBIM_Window',$,(#4194));
#4194=IFCPROPERTYSINGLEVALUE('Data',$,IFCTEXT('{"window_type": "DOUBLE_PANEL_VERTICAL", "overall_height": 0.8999999761581421, "overall_width": 1.2256964445114136, "lining_properties": {"lining_depth": 0.05000000074505806, "lining_thickness": 0.05000000074505806, "lining_offset": 0.05000000074505806, "lining_to_panel_offset_x": 0.02500000037252903, "lining_to_panel_offset_y": 0.02500000037252903, "mullion_thickness": 0.05000000074505806, "first_mullion_offset": 0.6136178374290466}, "panel_properties": {"frame_depth": [0.03500000014901161, 0.03500000014901161, 0.03500000014901161], "frame_thickness": [0.03500000014901161, 0.03500000014901161, 0.03500000014901161]}}'),$);
#4195=IFCREPRESENTATIONMAP(#4196,#4563);
#4196=IFCAXIS2PLACEMENT3D(#4197,#4198,#4199);
#4197=IFCCARTESIANPOINT((0.,0.,0.));
#4198=IFCDIRECTION((0.,0.,1.));
#4199=IFCDIRECTION((1.,0.,0.));
#4203=IFCREPRESENTATIONMAP(#4204,#4644);
#4204=IFCAXIS2PLACEMENT3D(#4205,#4206,#4207);
#4205=IFCCARTESIANPOINT((0.,0.,0.));
#4206=IFCDIRECTION((0.,0.,1.));
#4207=IFCDIRECTION((1.,0.,0.));
#4251=IFCREPRESENTATIONMAP(#4252,#4677);
#4252=IFCAXIS2PLACEMENT3D(#4253,#4254,#4255);
#4253=IFCCARTESIANPOINT((0.,0.,0.));
#4254=IFCDIRECTION((0.,0.,1.));
#4255=IFCDIRECTION((1.,0.,0.));
#4273=IFCWINDOW('0AGuox$u18BAZVKXXP3vV8',$,'Window',$,$,#4702,#4282,$,0.89999997615814209,1.2256964445114136,$,.DOUBLE_PANEL_VERTICAL.,$);
#4274=IFCRELDEFINESBYTYPE('2RrT3tIgbC5R1JXQ6wAkHd',$,$,$,(#4273),#4192);
#4275=IFCCARTESIANPOINT((0.,0.,0.));
#4276=IFCDIRECTION((1.,0.,0.));
#4277=IFCDIRECTION((0.,1.,0.));
#4278=IFCDIRECTION((0.,0.,1.));
#4279=IFCCARTESIANTRANSFORMATIONOPERATOR3D(#4276,#4277,#4275,1.,#4278);
#4280=IFCMAPPEDITEM(#4195,#4279);
#4281=IFCSHAPEREPRESENTATION(#18,'Profile','MappedRepresentation',(#4280));
#4282=IFCPRODUCTDEFINITIONSHAPE($,$,(#4281,#4289,#4296));
#4283=IFCCARTESIANPOINT((0.,0.,0.));
#4284=IFCDIRECTION((1.,0.,0.));
#4285=IFCDIRECTION((0.,1.,0.));
#4286=IFCDIRECTION((0.,0.,1.));
#4287=IFCCARTESIANTRANSFORMATIONOPERATOR3D(#4284,#4285,#4283,1.,#4286);
#4288=IFCMAPPEDITEM(#4203,#4287);
#4289=IFCSHAPEREPRESENTATION(#11,'Body','MappedRepresentation',(#4288));
#4290=IFCCARTESIANPOINT((0.,0.,0.));
#4291=IFCDIRECTION((1.,0.,0.));
#4292=IFCDIRECTION((0.,1.,0.));
#4293=IFCDIRECTION((0.,0.,1.));
#4294=IFCCARTESIANTRANSFORMATIONOPERATOR3D(#4291,#4292,#4290,1.,#4293);
#4295=IFCMAPPEDITEM(#4251,#4294);
#4296=IFCSHAPEREPRESENTATION(#24,'Body','MappedRepresentation',(#4295));
#4297=IFCOPENINGELEMENT('0bFMwsQ8H3dObbPCPP9P7_',$,'Opening',$,$,#4697,#4325,$,.OPENING.);
#4313=IFCCARTESIANPOINT((0.,0.,0.));
#4314=IFCDIRECTION((1.,0.,0.));
#4315=IFCDIRECTION((0.,0.,1.));
#4316=IFCAXIS2PLACEMENT3D(#4313,#4315,#4314);
#4317=IFCREPRESENTATIONMAP(#4316,#4687);
#4318=IFCCARTESIANPOINT((0.,0.,0.));
#4319=IFCDIRECTION((1.,0.,0.));
#4320=IFCDIRECTION((0.,1.,0.));
#4321=IFCDIRECTION((0.,0.,1.));
#4322=IFCCARTESIANTRANSFORMATIONOPERATOR3D(#4319,#4320,#4318,1.,#4321);
#4323=IFCMAPPEDITEM(#4317,#4322);
#4324=IFCSHAPEREPRESENTATION(#11,'Body','MappedRepresentation',(#4323));
#4325=IFCPRODUCTDEFINITIONSHAPE($,$,(#4324));
#4326=IFCRELVOIDSELEMENT('1Mwzo5ywj3mRn3$$ClWJy3',$,$,$,#785,#4297);
#4332=IFCRELFILLSELEMENT('1qtHyVDQX1KBkFv_$s8dF_',$,$,$,#4297,#4273);
#4386=IFCCARTESIANPOINTLIST2D(((0.64120787382125854,0.),(0.,0.),(0.,0.89999997615814209),(0.64120787382125854,0.89999997615814209),(0.64120787382125854,0.87499997578561306),(0.02500000037252903,0.87499997578561306),(0.02500000037252903,0.02500000037252903),(0.64120787382125854,0.02500000037252903)));
#4387=IFCINDEXEDPOLYCURVE(#4386,(IFCLINEINDEX((1,2,3,4,5,6,7,8,1))),$);
#4388=IFCARBITRARYCLOSEDPROFILEDEF(.AREA.,$,#4387);
#4389=IFCCARTESIANPOINT((0.,0.090000001713633537,0.));
#4390=IFCDIRECTION((0.,-1.,0.));
#4391=IFCDIRECTION((1.,0.,0.));
#4392=IFCAXIS2PLACEMENT3D(#4389,#4390,#4391);
#4393=IFCDIRECTION((0.,0.,-1.));
#4394=IFCEXTRUDEDAREASOLID(#4388,#4392,#4393,0.0099999997764825821);
#4395=IFCCARTESIANPOINTLIST2D(((0.,0.),(0.64120787382125854,0.),(0.64120787382125854,0.89999997615814209),(0.,0.89999997615814209)));
#4396=IFCINDEXEDPOLYCURVE(#4395,(IFCLINEINDEX((1,2,3,4,1))),$);
#4397=IFCCARTESIANPOINTLIST2D(((0.05000000074505806,0.05000000074505806),(0.61620787344872952,0.05000000074505806),(0.61620787344872952,0.84999997541308403),(0.05000000074505806,0.84999997541308403)));
#4398=IFCINDEXEDPOLYCURVE(#4397,(IFCLINEINDEX((1,2,3,4,1))),$);
#4399=IFCARBITRARYPROFILEDEFWITHVOIDS(.AREA.,$,#4396,(#4398));
#4400=IFCCARTESIANPOINT((0.,0.05000000074505806,0.));
#4401=IFCDIRECTION((0.,-1.,0.));
#4402=IFCDIRECTION((1.,0.,0.));
#4403=IFCAXIS2PLACEMENT3D(#4400,#4401,#4402);
#4404=IFCDIRECTION((0.,0.,-1.));
#4405=IFCEXTRUDEDAREASOLID(#4399,#4403,#4404,0.040000000968575478);
#4406=IFCCARTESIANPOINTLIST2D(((0.,0.),(0.61620787344872952,0.),(0.61620787344872952,0.84999997541308403),(0.,0.84999997541308403)));
#4407=IFCINDEXEDPOLYCURVE(#4406,(IFCLINEINDEX((1,2,3,4,1))),$);
#4408=IFCCARTESIANPOINTLIST2D(((0.035000000149011612,0.035000000149011612),(0.5812078732997179,0.035000000149011612),(0.5812078732997179,0.81499997526407242),(0.035000000149011612,0.81499997526407242)));
#4409=IFCINDEXEDPOLYCURVE(#4408,(IFCLINEINDEX((1,2,3,4,1))),$);
#4410=IFCARBITRARYPROFILEDEFWITHVOIDS(.AREA.,$,#4407,(#4409));
#4411=IFCCARTESIANPOINT((0.02500000037252903,0.090000001713633537,0.02500000037252903));
#4412=IFCDIRECTION((0.,-1.,0.));
#4413=IFCDIRECTION((1.,0.,0.));
#4414=IFCAXIS2PLACEMENT3D(#4411,#4412,#4413);
#4415=IFCDIRECTION((0.,0.,-1.));
#4416=IFCEXTRUDEDAREASOLID(#4410,#4414,#4415,0.035000000149011612);
#4417=IFCINDEXEDPOLYCURVE(#4418,(IFCLINEINDEX((1,2,3,4,1))),$);
#4418=IFCCARTESIANPOINTLIST2D(((0.035000000149011612,0.035000000149011612),(0.5812078732997179,0.035000000149011612),(0.5812078732997179,0.81499997526407242),(0.035000000149011612,0.81499997526407242)));
#4419=IFCARBITRARYCLOSEDPROFILEDEF(.AREA.,$,#4417);
#4420=IFCCARTESIANPOINT((0.02500000037252903,0.10250000178813934,0.02500000037252903));
#4421=IFCDIRECTION((0.,-1.,0.));
#4422=IFCDIRECTION((1.,0.,0.));
#4423=IFCAXIS2PLACEMENT3D(#4420,#4421,#4422);
#4424=IFCDIRECTION((0.,0.,-1.));
#4425=IFCEXTRUDEDAREASOLID(#4419,#4423,#4424,0.01);
#4426=IFCCARTESIANPOINTLIST2D(((0.,0.89999997615814209),(0.58448857069015503,0.89999997615814209),(0.58448857069015503,0.),(0.,0.),(0.,0.02500000037252903),(0.559488570317626,0.02500000037252903),(0.559488570317626,0.87499997578561306),(0.,0.87499997578561306)));
#4427=IFCINDEXEDPOLYCURVE(#4426,(IFCLINEINDEX((1,2,3,4,5,6,7,8,1))),$);
#4428=IFCARBITRARYCLOSEDPROFILEDEF(.AREA.,$,#4427);
#4429=IFCCARTESIANPOINT((0.64120787382125854,0.090000001713633537,0.));
#4430=IFCDIRECTION((0.,-1.,0.));
#4431=IFCDIRECTION((1.,0.,0.));
#4432=IFCAXIS2PLACEMENT3D(#4429,#4430,#4431);
#4433=IFCDIRECTION((0.,0.,-1.));
#4434=IFCEXTRUDEDAREASOLID(#4428,#4432,#4433,0.0099999997764825821);
#4435=IFCCARTESIANPOINTLIST2D(((0.,0.),(0.58448857069015503,0.),(0.58448857069015503,0.89999997615814209),(0.,0.89999997615814209)));
#4436=IFCINDEXEDPOLYCURVE(#4435,(IFCLINEINDEX((1,2,3,4,1))),$);
#4437=IFCCARTESIANPOINTLIST2D(((0.02500000037252903,0.05000000074505806),(0.53448856994509697,0.05000000074505806),(0.53448856994509697,0.84999997541308403),(0.02500000037252903,0.84999997541308403)));
#4438=IFCINDEXEDPOLYCURVE(#4437,(IFCLINEINDEX((1,2,3,4,1))),$);
#4439=IFCARBITRARYPROFILEDEFWITHVOIDS(.AREA.,$,#4436,(#4438));
#4440=IFCCARTESIANPOINT((0.64120787382125854,0.05000000074505806,0.));
#4441=IFCDIRECTION((0.,-1.,0.));
#4442=IFCDIRECTION((1.,0.,0.));
#4443=IFCAXIS2PLACEMENT3D(#4440,#4441,#4442);
#4444=IFCDIRECTION((0.,0.,-1.));
#4445=IFCEXTRUDEDAREASOLID(#4439,#4443,#4444,0.040000000968575478);
#4446=IFCCARTESIANPOINTLIST2D(((0.,0.),(0.559488570317626,0.),(0.559488570317626,0.84999997541308403),(0.,0.84999997541308403)));
#4447=IFCINDEXEDPOLYCURVE(#4446,(IFCLINEINDEX((1,2,3,4,1))),$);
#4448=IFCCARTESIANPOINTLIST2D(((0.035000000149011612,0.035000000149011612),(0.52448857016861439,0.035000000149011612),(0.52448857016861439,0.81499997526407242),(0.035000000149011612,0.81499997526407242)));
#4449=IFCINDEXEDPOLYCURVE(#4448,(IFCLINEINDEX((1,2,3,4,1))),$);
#4450=IFCARBITRARYPROFILEDEFWITHVOIDS(.AREA.,$,#4447,(#4449));
#4451=IFCCARTESIANPOINT((0.64120787382125854,0.090000001713633537,0.02500000037252903));
#4452=IFCDIRECTION((0.,-1.,0.));
#4453=IFCDIRECTION((1.,0.,0.));
#4454=IFCAXIS2PLACEMENT3D(#4451,#4452,#4453);
#4455=IFCDIRECTION((0.,0.,-1.));
#4456=IFCEXTRUDEDAREASOLID(#4450,#4454,#4455,0.035000000149011612);
#4457=IFCINDEXEDPOLYCURVE(#4458,(IFCLINEINDEX((1,2,3,4,1))),$);
#4458=IFCCARTESIANPOINTLIST2D(((0.035000000149011612,0.035000000149011612),(0.52448857016861439,0.035000000149011612),(0.52448857016861439,0.81499997526407242),(0.035000000149011612,0.81499997526407242)));
#4459=IFCARBITRARYCLOSEDPROFILEDEF(.AREA.,$,#4457);
#4460=IFCCARTESIANPOINT((0.64120787382125854,0.10250000178813934,0.02500000037252903));
#4461=IFCDIRECTION((0.,-1.,0.));
#4462=IFCDIRECTION((1.,0.,0.));
#4463=IFCAXIS2PLACEMENT3D(#4460,#4461,#4462);
#4464=IFCDIRECTION((0.,0.,-1.));
#4465=IFCEXTRUDEDAREASOLID(#4459,#4463,#4464,0.01);
#4467=IFCSHAPEREPRESENTATION(#11,'Body','SweptSolid',(#4623,#4405,#4572,#4445,#4434,#4583,#4612,#4394));
#4468=IFCSHAPEASPECT((#4467),'Lining',$,.T.,#4282);
#4469=IFCSHAPEREPRESENTATION(#11,'Body','SweptSolid',(#4634,#4594,#4456,#4416));
#4470=IFCSHAPEASPECT((#4469),'Framing',$,.T.,#4282);
#4471=IFCSHAPEREPRESENTATION(#11,'Body','SweptSolid',(#4465,#4425,#4643,#4603));
#4472=IFCSHAPEASPECT((#4471),'Glazing',$,.T.,#4282);
#4561=IFCCARTESIANPOINTLIST3D(((0.,0.,0.),(1.2256964445114136,0.,0.),(1.2256964445114136,0.,0.89999997615814209),(0.,0.,0.89999997615814209)));
#4562=IFCINDEXEDPOLYCURVE(#4561,(IFCLINEINDEX((1,2,3,4,1))),$);
#4563=IFCSHAPEREPRESENTATION(#18,'Profile','Curve3D',(#4562));
#4564=IFCCARTESIANPOINTLIST2D(((0.61361783742904663,0.),(0.,0.),(0.,0.89999997615814209),(0.61361783742904663,0.89999997615814209),(0.61361783742904663,0.87499997578561306),(0.02500000037252903,0.87499997578561306),(0.02500000037252903,0.02500000037252903),(0.61361783742904663,0.02500000037252903)));
#4565=IFCINDEXEDPOLYCURVE(#4564,(IFCLINEINDEX((1,2,3,4,5,6,7,8,1))),$);
#4566=IFCARBITRARYCLOSEDPROFILEDEF(.AREA.,$,#4565);
#4567=IFCCARTESIANPOINT((0.,0.090000001713633537,0.));
#4568=IFCDIRECTION((0.,-1.,0.));
#4569=IFCDIRECTION((1.,0.,0.));
#4570=IFCAXIS2PLACEMENT3D(#4567,#4568,#4569);
#4571=IFCDIRECTION((0.,0.,-1.));
#4572=IFCEXTRUDEDAREASOLID(#4566,#4570,#4571,0.0099999997764825821);
#4573=IFCCARTESIANPOINTLIST2D(((0.,0.),(0.61361783742904663,0.),(0.61361783742904663,0.89999997615814209),(0.,0.89999997615814209)));
#4574=IFCINDEXEDPOLYCURVE(#4573,(IFCLINEINDEX((1,2,3,4,1))),$);
#4575=IFCCARTESIANPOINTLIST2D(((0.05000000074505806,0.05000000074505806),(0.5886178370565176,0.05000000074505806),(0.5886178370565176,0.84999997541308403),(0.05000000074505806,0.84999997541308403)));
#4576=IFCINDEXEDPOLYCURVE(#4575,(IFCLINEINDEX((1,2,3,4,1))),$);
#4577=IFCARBITRARYPROFILEDEFWITHVOIDS(.AREA.,$,#4574,(#4576));
#4578=IFCCARTESIANPOINT((0.,0.05000000074505806,0.));
#4579=IFCDIRECTION((0.,-1.,0.));
#4580=IFCDIRECTION((1.,0.,0.));
#4581=IFCAXIS2PLACEMENT3D(#4578,#4579,#4580);
#4582=IFCDIRECTION((0.,0.,-1.));
#4583=IFCEXTRUDEDAREASOLID(#4577,#4581,#4582,0.040000000968575478);
#4584=IFCCARTESIANPOINTLIST2D(((0.,0.),(0.5886178370565176,0.),(0.5886178370565176,0.84999997541308403),(0.,0.84999997541308403)));
#4585=IFCINDEXEDPOLYCURVE(#4584,(IFCLINEINDEX((1,2,3,4,1))),$);
#4586=IFCCARTESIANPOINTLIST2D(((0.035000000149011612,0.035000000149011612),(0.55361783690750599,0.035000000149011612),(0.55361783690750599,0.81499997526407242),(0.035000000149011612,0.81499997526407242)));
#4587=IFCINDEXEDPOLYCURVE(#4586,(IFCLINEINDEX((1,2,3,4,1))),$);
#4588=IFCARBITRARYPROFILEDEFWITHVOIDS(.AREA.,$,#4585,(#4587));
#4589=IFCCARTESIANPOINT((0.02500000037252903,0.090000001713633537,0.02500000037252903));
#4590=IFCDIRECTION((0.,-1.,0.));
#4591=IFCDIRECTION((1.,0.,0.));
#4592=IFCAXIS2PLACEMENT3D(#4589,#4590,#4591);
#4593=IFCDIRECTION((0.,0.,-1.));
#4594=IFCEXTRUDEDAREASOLID(#4588,#4592,#4593,0.035000000149011612);
#4595=IFCINDEXEDPOLYCURVE(#4596,(IFCLINEINDEX((1,2,3,4,1))),$);
#4596=IFCCARTESIANPOINTLIST2D(((0.035000000149011612,0.035000000149011612),(0.55361783690750599,0.035000000149011612),(0.55361783690750599,0.81499997526407242),(0.035000000149011612,0.81499997526407242)));
#4597=IFCARBITRARYCLOSEDPROFILEDEF(.AREA.,$,#4595);
#4598=IFCCARTESIANPOINT((0.02500000037252903,0.10250000178813934,0.02500000037252903));
#4599=IFCDIRECTION((0.,-1.,0.));
#4600=IFCDIRECTION((1.,0.,0.));
#4601=IFCAXIS2PLACEMENT3D(#4598,#4599,#4600);
#4602=IFCDIRECTION((0.,0.,-1.));
#4603=IFCEXTRUDEDAREASOLID(#4597,#4601,#4602,0.01);
#4604=IFCCARTESIANPOINTLIST2D(((0.,0.89999997615814209),(0.61207860708236694,0.89999997615814209),(0.61207860708236694,0.),(0.,0.),(0.,0.02500000037252903),(0.58707860670983791,0.02500000037252903),(0.58707860670983791,0.87499997578561306),(0.,0.87499997578561306)));
#4605=IFCINDEXEDPOLYCURVE(#4604,(IFCLINEINDEX((1,2,3,4,5,6,7,8,1))),$);
#4606=IFCARBITRARYCLOSEDPROFILEDEF(.AREA.,$,#4605);
#4607=IFCCARTESIANPOINT((0.61361783742904663,0.090000001713633537,0.));
#4608=IFCDIRECTION((0.,-1.,0.));
#4609=IFCDIRECTION((1.,0.,0.));
#4610=IFCAXIS2PLACEMENT3D(#4607,#4608,#4609);
#4611=IFCDIRECTION((0.,0.,-1.));
#4612=IFCEXTRUDEDAREASOLID(#4606,#4610,#4611,0.0099999997764825821);
#4613=IFCCARTESIANPOINTLIST2D(((0.,0.),(0.61207860708236694,0.),(0.61207860708236694,0.89999997615814209),(0.,0.89999997615814209)));
#4614=IFCINDEXEDPOLYCURVE(#4613,(IFCLINEINDEX((1,2,3,4,1))),$);
#4615=IFCCARTESIANPOINTLIST2D(((0.02500000037252903,0.05000000074505806),(0.56207860633730888,0.05000000074505806),(0.56207860633730888,0.84999997541308403),(0.02500000037252903,0.84999997541308403)));
#4616=IFCINDEXEDPOLYCURVE(#4615,(IFCLINEINDEX((1,2,3,4,1))),$);
#4617=IFCARBITRARYPROFILEDEFWITHVOIDS(.AREA.,$,#4614,(#4616));
#4618=IFCCARTESIANPOINT((0.61361783742904663,0.05000000074505806,0.));
#4619=IFCDIRECTION((0.,-1.,0.));
#4620=IFCDIRECTION((1.,0.,0.));
#4621=IFCAXIS2PLACEMENT3D(#4618,#4619,#4620);
#4622=IFCDIRECTION((0.,0.,-1.));
#4623=IFCEXTRUDEDAREASOLID(#4617,#4621,#4622,0.040000000968575478);
#4624=IFCCARTESIANPOINTLIST2D(((0.,0.),(0.58707860670983791,0.),(0.58707860670983791,0.84999997541308403),(0.,0.84999997541308403)));
#4625=IFCINDEXEDPOLYCURVE(#4624,(IFCLINEINDEX((1,2,3,4,1))),$);
#4626=IFCCARTESIANPOINTLIST2D(((0.035000000149011612,0.035000000149011612),(0.5520786065608263,0.035000000149011612),(0.5520786065608263,0.81499997526407242),(0.035000000149011612,0.81499997526407242)));
#4627=IFCINDEXEDPOLYCURVE(#4626,(IFCLINEINDEX((1,2,3,4,1))),$);
#4628=IFCARBITRARYPROFILEDEFWITHVOIDS(.AREA.,$,#4625,(#4627));
#4629=IFCCARTESIANPOINT((0.61361783742904663,0.090000001713633537,0.02500000037252903));
#4630=IFCDIRECTION((0.,-1.,0.));
#4631=IFCDIRECTION((1.,0.,0.));
#4632=IFCAXIS2PLACEMENT3D(#4629,#4630,#4631);
#4633=IFCDIRECTION((0.,0.,-1.));
#4634=IFCEXTRUDEDAREASOLID(#4628,#4632,#4633,0.035000000149011612);
#4635=IFCINDEXEDPOLYCURVE(#4636,(IFCLINEINDEX((1,2,3,4,1))),$);
#4636=IFCCARTESIANPOINTLIST2D(((0.035000000149011612,0.035000000149011612),(0.5520786065608263,0.035000000149011612),(0.5520786065608263,0.81499997526407242),(0.035000000149011612,0.81499997526407242)));
#4637=IFCARBITRARYCLOSEDPROFILEDEF(.AREA.,$,#4635);
#4638=IFCCARTESIANPOINT((0.61361783742904663,0.10250000178813934,0.02500000037252903));
#4639=IFCDIRECTION((0.,-1.,0.));
#4640=IFCDIRECTION((1.,0.,0.));
#4641=IFCAXIS2PLACEMENT3D(#4638,#4639,#4640);
#4642=IFCDIRECTION((0.,0.,-1.));
#4643=IFCEXTRUDEDAREASOLID(#4637,#4641,#4642,0.01);
#4644=IFCSHAPEREPRESENTATION(#11,'Body','SweptSolid',(#4572,#4583,#4594,#4603,#4612,#4623,#4634,#4643));
#4645=IFCCARTESIANPOINTLIST2D(((0.05000000074505806,0.05000000074505806),(0.5886178370565176,0.05000000074505806)));
#4646=IFCINDEXEDPOLYCURVE(#4645,$,$);
#4647=IFCCARTESIANPOINTLIST2D(((0.,0.10000000149011612),(0.02500000037252903,0.10000000149011612),(0.02500000037252903,0.090000001713633537),(0.05000000074505806,0.090000001713633537),(0.05000000074505806,0.05000000074505806),(0.,0.05000000074505806)));
#4648=IFCINDEXEDPOLYCURVE(#4647,(IFCLINEINDEX((1,2,3,4,5,6,1))),$);
#4649=IFCCARTESIANPOINTLIST2D(((0.61361783742904663,0.10000000149011612),(0.61361783742904663,0.10000000149011612),(0.61361783742904663,0.090000001713633537),(0.5886178370565176,0.090000001713633537),(0.5886178370565176,0.05000000074505806),(0.61361783742904663,0.05000000074505806)));
#4650=IFCINDEXEDPOLYCURVE(#4649,$,$);
#4651=IFCCARTESIANPOINTLIST2D(((0.02500000037252903,0.090000001713633537),(0.060000000521540642,0.090000001713633537),(0.060000000521540642,0.12500000186264515),(0.02500000037252903,0.12500000186264515)));
#4652=IFCINDEXEDPOLYCURVE(#4651,(IFCLINEINDEX((1,2,3,4,1))),$);
#4653=IFCINDEXEDPOLYCURVE(#4654,(IFCLINEINDEX((1,2,3,4,1))),$);
#4654=IFCCARTESIANPOINTLIST2D(((0.61361783742904663,0.090000001713633537),(0.57861783728003502,0.090000001713633537),(0.57861783728003502,0.12500000186264515),(0.61361783742904663,0.12500000186264515)));
#4655=IFCCARTESIANPOINTLIST2D(((0.060000000521540642,0.090000001713633537),(0.57861783728003502,0.090000001713633537)));
#4656=IFCINDEXEDPOLYCURVE(#4655,$,$);
#4657=IFCINDEXEDPOLYCURVE(#4658,$,$);
#4658=IFCCARTESIANPOINTLIST2D(((0.060000000521540642,0.12500000186264515),(0.57861783728003502,0.12500000186264515)));
#4659=IFCINDEXEDPOLYCURVE(#4660,$,$);
#4660=IFCCARTESIANPOINTLIST2D(((0.060000000521540642,0.10750000178813934),(0.57861783728003502,0.10750000178813934)));
#4661=IFCCARTESIANPOINTLIST2D(((0.63861783780157566,0.05000000074505806),(1.1756964437663555,0.05000000074505806)));
#4662=IFCINDEXEDPOLYCURVE(#4661,$,$);
#4663=IFCCARTESIANPOINTLIST2D(((0.61361783742904663,0.10000000149011612),(0.61361783742904663,0.10000000149011612),(0.61361783742904663,0.090000001713633537),(0.63861783780157566,0.090000001713633537),(0.63861783780157566,0.05000000074505806),(0.61361783742904663,0.05000000074505806)));
#4664=IFCINDEXEDPOLYCURVE(#4663,$,$);
#4665=IFCCARTESIANPOINTLIST2D(((1.2256964445114136,0.10000000149011612),(1.2006964441388845,0.10000000149011612),(1.2006964441388845,0.090000001713633537),(1.1756964437663555,0.090000001713633537),(1.1756964437663555,0.05000000074505806),(1.2256964445114136,0.05000000074505806)));
#4666=IFCINDEXEDPOLYCURVE(#4665,(IFCLINEINDEX((1,2,3,4,5,6,1))),$);
#4667=IFCCARTESIANPOINTLIST2D(((0.61361783742904663,0.090000001713633537),(0.64861783757805824,0.090000001713633537),(0.64861783757805824,0.12500000186264515),(0.61361783742904663,0.12500000186264515)));
#4668=IFCINDEXEDPOLYCURVE(#4667,(IFCLINEINDEX((1,2,3,4,1))),$);
#4669=IFCINDEXEDPOLYCURVE(#4670,(IFCLINEINDEX((1,2,3,4,1))),$);
#4670=IFCCARTESIANPOINTLIST2D(((1.2006964441388845,0.090000001713633537),(1.1656964439898729,0.090000001713633537),(1.1656964439898729,0.12500000186264515),(1.2006964441388845,0.12500000186264515)));
#4671=IFCCARTESIANPOINTLIST2D(((0.64861783757805824,0.090000001713633537),(1.1656964439898729,0.090000001713633537)));
#4672=IFCINDEXEDPOLYCURVE(#4671,$,$);
#4673=IFCINDEXEDPOLYCURVE(#4674,$,$);
#4674=IFCCARTESIANPOINTLIST2D(((0.64861783757805824,0.12500000186264515),(1.1656964439898729,0.12500000186264515)));
#4675=IFCINDEXEDPOLYCURVE(#4676,$,$);
#4676=IFCCARTESIANPOINTLIST2D(((0.64861783757805824,0.10750000178813934),(1.1656964439898729,0.10750000178813934)));
#4677=IFCSHAPEREPRESENTATION(#24,'Body','Curve2D',(#4646,#4648,#4650,#4652,#4653,#4656,#4657,#4659,#4662,#4664,#4666,#4668,#4669,#4672,#4673,#4675));
#4678=IFCCARTESIANPOINTLIST2D(((0.,0.),(1.2256964445114136,0.),(1.2256964445114136,0.89999997615814209),(0.,0.89999997615814209)));
#4679=IFCINDEXEDPOLYCURVE(#4678,(IFCLINEINDEX((1,2,3,4,1))),$);
#4680=IFCARBITRARYCLOSEDPROFILEDEF(.AREA.,$,#4679);
#4681=IFCCARTESIANPOINT((0.,-0.60000002384185791,0.));
#4682=IFCDIRECTION((0.,-1.,0.));
#4683=IFCDIRECTION((1.,0.,0.));
#4684=IFCAXIS2PLACEMENT3D(#4681,#4682,#4683);
#4685=IFCDIRECTION((0.,0.,-1.));
#4686=IFCEXTRUDEDAREASOLID(#4680,#4684,#4685,1.2);
#4687=IFCSHAPEREPRESENTATION(#11,'Body','SweptSolid',(#4686));
#4693=IFCCARTESIANPOINT((1.0279766009318951,2.6077032089233398E-06,1.));
#4694=IFCDIRECTION((0.,0.,1.));
#4695=IFCDIRECTION((0.9999999999997442,-7.1525573730450454E-07,0.));
#4696=IFCAXIS2PLACEMENT3D(#4693,#4694,#4695);
#4697=IFCLOCALPLACEMENT(#1072,#4696);
#4698=IFCCARTESIANPOINT((4.4408920985006262E-16,0.,0.));
#4699=IFCDIRECTION((0.,0.,1.));
#4700=IFCDIRECTION((1.,0.,0.));
#4701=IFCAXIS2PLACEMENT3D(#4698,#4699,#4700);
#4702=IFCLOCALPLACEMENT(#4697,#4701);
#4703=IFCWINDOWTYPE('3cuBI_Ryj7$xk03HBBzBvX',$,'Guest-2-GF',$,$,(#4704),(#4706,#4714,#4762),$,$,.WINDOW.,.SINGLE_PANEL.,$,$);
#4704=IFCPROPERTYSET('1zfB9c8LP3rQBPfnY73ik3',$,'BBIM_Window',$,(#4705));
#4705=IFCPROPERTYSINGLEVALUE('Data',$,IFCTEXT('{"window_type": "SINGLE_PANEL", "overall_height": 0.8999999761581421, "overall_width": 0.7969276905059814, "lining_properties": {"lining_depth": 0.05000000074505806, "lining_thickness": 0.05000000074505806, "lining_offset": 0.05000000074505806, "lining_to_panel_offset_x": 0.02500000037252903, "lining_to_panel_offset_y": 0.02500000037252903}, "panel_properties": {"frame_depth": [0.03500000014901161, 0.03500000014901161, 0.03500000014901161], "frame_thickness": [0.03500000014901161, 0.03500000014901161, 0.03500000014901161]}}'),$);
#4706=IFCREPRESENTATIONMAP(#4707,#4896);
#4707=IFCAXIS2PLACEMENT3D(#4708,#4709,#4710);
#4708=IFCCARTESIANPOINT((0.,0.,0.));
#4709=IFCDIRECTION((0.,0.,1.));
#4710=IFCDIRECTION((1.,0.,0.));
#4714=IFCREPRESENTATIONMAP(#4715,#4939);
#4715=IFCAXIS2PLACEMENT3D(#4716,#4717,#4718);
#4716=IFCCARTESIANPOINT((0.,0.,0.));
#4717=IFCDIRECTION((0.,0.,1.));
#4718=IFCDIRECTION((1.,0.,0.));
#4762=IFCREPRESENTATIONMAP(#4763,#4962);
#4763=IFCAXIS2PLACEMENT3D(#4764,#4765,#4766);
#4764=IFCCARTESIANPOINT((0.,0.,0.));
#4765=IFCDIRECTION((0.,0.,1.));
#4766=IFCDIRECTION((1.,0.,0.));
#4784=IFCWINDOW('0y0wNHUET2YuyXSTpcy5EG',$,'Window',$,$,#4987,#4793,$,0.89999997615814209,0.79692769050598145,$,.SINGLE_PANEL.,$);
#4785=IFCRELDEFINESBYTYPE('3A7zLXbrP5ovEtaT3r6v1S',$,$,$,(#4784),#4703);
#4786=IFCCARTESIANPOINT((0.,0.,0.));
#4787=IFCDIRECTION((1.,0.,0.));
#4788=IFCDIRECTION((0.,1.,0.));
#4789=IFCDIRECTION((0.,0.,1.));
#4790=IFCCARTESIANTRANSFORMATIONOPERATOR3D(#4787,#4788,#4786,1.,#4789);
#4791=IFCMAPPEDITEM(#4706,#4790);
#4792=IFCSHAPEREPRESENTATION(#18,'Profile','MappedRepresentation',(#4791));
#4793=IFCPRODUCTDEFINITIONSHAPE($,$,(#4792,#4800,#4807));
#4794=IFCCARTESIANPOINT((0.,0.,0.));
#4795=IFCDIRECTION((1.,0.,0.));
#4796=IFCDIRECTION((0.,1.,0.));
#4797=IFCDIRECTION((0.,0.,1.));
#4798=IFCCARTESIANTRANSFORMATIONOPERATOR3D(#4795,#4796,#4794,1.,#4797);
#4799=IFCMAPPEDITEM(#4714,#4798);
#4800=IFCSHAPEREPRESENTATION(#11,'Body','MappedRepresentation',(#4799));
#4801=IFCCARTESIANPOINT((0.,0.,0.));
#4802=IFCDIRECTION((1.,0.,0.));
#4803=IFCDIRECTION((0.,1.,0.));
#4804=IFCDIRECTION((0.,0.,1.));
#4805=IFCCARTESIANTRANSFORMATIONOPERATOR3D(#4802,#4803,#4801,1.,#4804);
#4806=IFCMAPPEDITEM(#4762,#4805);
#4807=IFCSHAPEREPRESENTATION(#24,'Body','MappedRepresentation',(#4806));
#4808=IFCOPENINGELEMENT('2z8FK4BbX1sA4txri3dp$N',$,'Opening',$,$,#4982,#4836,$,.OPENING.);
#4824=IFCCARTESIANPOINT((0.,0.,0.));
#4825=IFCDIRECTION((1.,0.,0.));
#4826=IFCDIRECTION((0.,0.,1.));
#4827=IFCAXIS2PLACEMENT3D(#4824,#4826,#4825);
#4828=IFCREPRESENTATIONMAP(#4827,#4972);
#4829=IFCCARTESIANPOINT((0.,0.,0.));
#4830=IFCDIRECTION((1.,0.,0.));
#4831=IFCDIRECTION((0.,1.,0.));
#4832=IFCDIRECTION((0.,0.,1.));
#4833=IFCCARTESIANTRANSFORMATIONOPERATOR3D(#4830,#4831,#4829,1.,#4832);
#4834=IFCMAPPEDITEM(#4828,#4833);
#4835=IFCSHAPEREPRESENTATION(#11,'Body','MappedRepresentation',(#4834));
#4836=IFCPRODUCTDEFINITIONSHAPE($,$,(#4835));
#4837=IFCRELVOIDSELEMENT('3MVf5QhFn4Ah2u95n1Uh2e',$,$,$,#760,#4808);
#4843=IFCRELFILLSELEMENT('2x9dXLDE1EQv4bkaKCtBtx',$,$,$,#4808,#4784);
#4894=IFCCARTESIANPOINTLIST3D(((0.,0.,0.),(0.79692769050598145,0.,0.),(0.79692769050598145,0.,0.89999997615814209),(0.,0.,0.89999997615814209)));
#4895=IFCINDEXEDPOLYCURVE(#4894,(IFCLINEINDEX((1,2,3,4,1))),$);
#4896=IFCSHAPEREPRESENTATION(#18,'Profile','Curve3D',(#4895));
#4897=IFCCARTESIANPOINTLIST2D(((0.,0.),(0.79692769050598145,0.),(0.79692769050598145,0.89999997615814209),(0.,0.89999997615814209)));
#4898=IFCINDEXEDPOLYCURVE(#4897,(IFCLINEINDEX((1,2,3,4,1))),$);
#4899=IFCCARTESIANPOINTLIST2D(((0.02500000037252903,0.02500000037252903),(0.77192769013345242,0.02500000037252903),(0.77192769013345242,0.87499997578561306),(0.02500000037252903,0.87499997578561306)));
#4900=IFCINDEXEDPOLYCURVE(#4899,(IFCLINEINDEX((1,2,3,4,1))),$);
#4901=IFCARBITRARYPROFILEDEFWITHVOIDS(.AREA.,$,#4898,(#4900));
#4902=IFCCARTESIANPOINT((0.,0.090000001713633537,0.));
#4903=IFCDIRECTION((0.,-1.,0.));
#4904=IFCDIRECTION((1.,0.,0.));
#4905=IFCAXIS2PLACEMENT3D(#4902,#4903,#4904);
#4906=IFCDIRECTION((0.,0.,-1.));
#4907=IFCEXTRUDEDAREASOLID(#4901,#4905,#4906,0.0099999997764825821);
#4908=IFCCARTESIANPOINTLIST2D(((0.,0.),(0.79692769050598145,0.),(0.79692769050598145,0.89999997615814209),(0.,0.89999997615814209)));
#4909=IFCINDEXEDPOLYCURVE(#4908,(IFCLINEINDEX((1,2,3,4,1))),$);
#4910=IFCCARTESIANPOINTLIST2D(((0.05000000074505806,0.05000000074505806),(0.74692768976092339,0.05000000074505806),(0.74692768976092339,0.84999997541308403),(0.05000000074505806,0.84999997541308403)));
#4911=IFCINDEXEDPOLYCURVE(#4910,(IFCLINEINDEX((1,2,3,4,1))),$);
#4912=IFCARBITRARYPROFILEDEFWITHVOIDS(.AREA.,$,#4909,(#4911));
#4913=IFCCARTESIANPOINT((0.,0.05000000074505806,0.));
#4914=IFCDIRECTION((0.,-1.,0.));
#4915=IFCDIRECTION((1.,0.,0.));
#4916=IFCAXIS2PLACEMENT3D(#4913,#4914,#4915);
#4917=IFCDIRECTION((0.,0.,-1.));
#4918=IFCEXTRUDEDAREASOLID(#4912,#4916,#4917,0.040000000968575478);
#4919=IFCCARTESIANPOINTLIST2D(((0.,0.),(0.74692768976092339,0.),(0.74692768976092339,0.84999997541308403),(0.,0.84999997541308403)));
#4920=IFCINDEXEDPOLYCURVE(#4919,(IFCLINEINDEX((1,2,3,4,1))),$);
#4921=IFCCARTESIANPOINTLIST2D(((0.035000000149011612,0.035000000149011612),(0.71192768961191177,0.035000000149011612),(0.71192768961191177,0.81499997526407242),(0.035000000149011612,0.81499997526407242)));
#4922=IFCINDEXEDPOLYCURVE(#4921,(IFCLINEINDEX((1,2,3,4,1))),$);
#4923=IFCARBITRARYPROFILEDEFWITHVOIDS(.AREA.,$,#4920,(#4922));
#4924=IFCCARTESIANPOINT((0.02500000037252903,0.090000001713633537,0.02500000037252903));
#4925=IFCDIRECTION((0.,-1.,0.));
#4926=IFCDIRECTION((1.,0.,0.));
#4927=IFCAXIS2PLACEMENT3D(#4924,#4925,#4926);
#4928=IFCDIRECTION((0.,0.,-1.));
#4929=IFCEXTRUDEDAREASOLID(#4923,#4927,#4928,0.035000000149011612);
#4930=IFCINDEXEDPOLYCURVE(#4931,(IFCLINEINDEX((1,2,3,4,1))),$);
#4931=IFCCARTESIANPOINTLIST2D(((0.035000000149011612,0.035000000149011612),(0.71192768961191177,0.035000000149011612),(0.71192768961191177,0.81499997526407242),(0.035000000149011612,0.81499997526407242)));
#4932=IFCARBITRARYCLOSEDPROFILEDEF(.AREA.,$,#4930);
#4933=IFCCARTESIANPOINT((0.02500000037252903,0.10250000178813934,0.02500000037252903));
#4934=IFCDIRECTION((0.,-1.,0.));
#4935=IFCDIRECTION((1.,0.,0.));
#4936=IFCAXIS2PLACEMENT3D(#4933,#4934,#4935);
#4937=IFCDIRECTION((0.,0.,-1.));
#4938=IFCEXTRUDEDAREASOLID(#4932,#4936,#4937,0.01);
#4939=IFCSHAPEREPRESENTATION(#11,'Body','SweptSolid',(#4907,#4918,#4929,#4938));
#4940=IFCSHAPEREPRESENTATION(#11,'Body','SweptSolid',(#4907,#4918));
#4941=IFCSHAPEASPECT((#4940),'Lining',$,.T.,#4793);
#4942=IFCSHAPEREPRESENTATION(#11,'Body','SweptSolid',(#4929));
#4943=IFCSHAPEASPECT((#4942),'Framing',$,.T.,#4793);
#4944=IFCSHAPEREPRESENTATION(#11,'Body','SweptSolid',(#4938));
#4945=IFCSHAPEASPECT((#4944),'Glazing',$,.T.,#4793);
#4946=IFCCARTESIANPOINTLIST2D(((0.05000000074505806,0.05000000074505806),(0.74692768976092339,0.05000000074505806)));
#4947=IFCINDEXEDPOLYCURVE(#4946,$,$);
#4948=IFCCARTESIANPOINTLIST2D(((0.,0.10000000149011612),(0.02500000037252903,0.10000000149011612),(0.02500000037252903,0.090000001713633537),(0.05000000074505806,0.090000001713633537),(0.05000000074505806,0.05000000074505806),(0.,0.05000000074505806)));
#4949=IFCINDEXEDPOLYCURVE(#4948,(IFCLINEINDEX((1,2,3,4,5,6,1))),$);
#4950=IFCCARTESIANPOINTLIST2D(((0.79692769050598145,0.10000000149011612),(0.77192769013345242,0.10000000149011612),(0.77192769013345242,0.090000001713633537),(0.74692768976092339,0.090000001713633537),(0.74692768976092339,0.05000000074505806),(0.79692769050598145,0.05000000074505806)));
#4951=IFCINDEXEDPOLYCURVE(#4950,(IFCLINEINDEX((1,2,3,4,5,6,1))),$);
#4952=IFCCARTESIANPOINTLIST2D(((0.02500000037252903,0.090000001713633537),(0.060000000521540642,0.090000001713633537),(0.060000000521540642,0.12500000186264515),(0.02500000037252903,0.12500000186264515)));
#4953=IFCINDEXEDPOLYCURVE(#4952,(IFCLINEINDEX((1,2,3,4,1))),$);
#4954=IFCINDEXEDPOLYCURVE(#4955,(IFCLINEINDEX((1,2,3,4,1))),$);
#4955=IFCCARTESIANPOINTLIST2D(((0.77192769013345242,0.090000001713633537),(0.7369276899844408,0.090000001713633537),(0.7369276899844408,0.12500000186264515),(0.77192769013345242,0.12500000186264515)));
#4956=IFCCARTESIANPOINTLIST2D(((0.060000000521540642,0.090000001713633537),(0.7369276899844408,0.090000001713633537)));
#4957=IFCINDEXEDPOLYCURVE(#4956,$,$);
#4958=IFCINDEXEDPOLYCURVE(#4959,$,$);
#4959=IFCCARTESIANPOINTLIST2D(((0.060000000521540642,0.12500000186264515),(0.7369276899844408,0.12500000186264515)));
#4960=IFCINDEXEDPOLYCURVE(#4961,$,$);
#4961=IFCCARTESIANPOINTLIST2D(((0.060000000521540642,0.10750000178813934),(0.7369276899844408,0.10750000178813934)));
#4962=IFCSHAPEREPRESENTATION(#24,'Body','Curve2D',(#4947,#4949,#4951,#4953,#4954,#4957,#4958,#4960));
#4963=IFCCARTESIANPOINTLIST2D(((0.,0.),(0.79692769050598145,0.),(0.79692769050598145,0.89999997615814209),(0.,0.89999997615814209)));
#4964=IFCINDEXEDPOLYCURVE(#4963,(IFCLINEINDEX((1,2,3,4,1))),$);
#4965=IFCARBITRARYCLOSEDPROFILEDEF(.AREA.,$,#4964);
#4966=IFCCARTESIANPOINT((0.,-0.60000002384185791,0.));
#4967=IFCDIRECTION((0.,-1.,0.));
#4968=IFCDIRECTION((1.,0.,0.));
#4969=IFCAXIS2PLACEMENT3D(#4966,#4967,#4968);
#4970=IFCDIRECTION((0.,0.,-1.));
#4971=IFCEXTRUDEDAREASOLID(#4965,#4969,#4970,1.2);
#4972=IFCSHAPEREPRESENTATION(#11,'Body','SweptSolid',(#4971));
#4978=IFCCARTESIANPOINT((3.0504436012016494,1.2002094531560203E-06,1.));
#4979=IFCDIRECTION((0.,0.,1.));
#4980=IFCDIRECTION((0.99999999999999289,1.1920928244535129E-07,0.));
#4981=IFCAXIS2PLACEMENT3D(#4978,#4979,#4980);
#4982=IFCLOCALPLACEMENT(#1040,#4981);
#4983=IFCCARTESIANPOINT((-8.8817841970012523E-16,0.,0.));
#4984=IFCDIRECTION((0.,0.,1.));
#4985=IFCDIRECTION((1.,0.,0.));
#4986=IFCAXIS2PLACEMENT3D(#4983,#4984,#4985);
#4987=IFCLOCALPLACEMENT(#4982,#4986);
#4988=IFCWINDOWTYPE('2h85MEBmL7YRVrb_mCYDUl',$,'Maid-GF',$,$,(#4989),(#4991,#4999,#5047),$,$,.WINDOW.,.SINGLE_PANEL.,$,$);
#4989=IFCPROPERTYSET('1N7fFLyCf0kw_wHKCpRRzG',$,'BBIM_Window',$,(#4990));
#4990=IFCPROPERTYSINGLEVALUE('Data',$,IFCTEXT('{"window_type": "SINGLE_PANEL", "overall_height": 0.8999999761581421, "overall_width": 0.7868316173553467, "lining_properties": {"lining_depth": 0.05000000074505806, "lining_thickness": 0.05000000074505806, "lining_offset": 0.05000000074505806, "lining_to_panel_offset_x": 0.02500000037252903, "lining_to_panel_offset_y": 0.02500000037252903}, "panel_properties": {"frame_depth": [0.03500000014901161, 0.03500000014901161, 0.03500000014901161], "frame_thickness": [0.03500000014901161, 0.03500000014901161, 0.03500000014901161]}}'),$);
#4991=IFCREPRESENTATIONMAP(#4992,#5181);
#4992=IFCAXIS2PLACEMENT3D(#4993,#4994,#4995);
#4993=IFCCARTESIANPOINT((0.,0.,0.));
#4994=IFCDIRECTION((0.,0.,1.));
#4995=IFCDIRECTION((1.,0.,0.));
#4999=IFCREPRESENTATIONMAP(#5000,#5224);
#5000=IFCAXIS2PLACEMENT3D(#5001,#5002,#5003);
#5001=IFCCARTESIANPOINT((0.,0.,0.));
#5002=IFCDIRECTION((0.,0.,1.));
#5003=IFCDIRECTION((1.,0.,0.));
#5047=IFCREPRESENTATIONMAP(#5048,#5247);
#5048=IFCAXIS2PLACEMENT3D(#5049,#5050,#5051);
#5049=IFCCARTESIANPOINT((0.,0.,0.));
#5050=IFCDIRECTION((0.,0.,1.));
#5051=IFCDIRECTION((1.,0.,0.));
#5069=IFCWINDOW('2gkldoCpbEKhZ4ZUFjF$nO',$,'Window',$,$,#5272,#5078,$,0.89999997615814209,0.78683161735534668,$,.SINGLE_PANEL.,$);
#5070=IFCRELDEFINESBYTYPE('057ec9BeX45OS3U3jsvfsg',$,$,$,(#5069),#4988);
#5071=IFCCARTESIANPOINT((0.,0.,0.));
#5072=IFCDIRECTION((1.,0.,0.));
#5073=IFCDIRECTION((0.,1.,0.));
#5074=IFCDIRECTION((0.,0.,1.));
#5075=IFCCARTESIANTRANSFORMATIONOPERATOR3D(#5072,#5073,#5071,1.,#5074);
#5076=IFCMAPPEDITEM(#4991,#5075);
#5077=IFCSHAPEREPRESENTATION(#18,'Profile','MappedRepresentation',(#5076));
#5078=IFCPRODUCTDEFINITIONSHAPE($,$,(#5077,#5085,#5092));
#5079=IFCCARTESIANPOINT((0.,0.,0.));
#5080=IFCDIRECTION((1.,0.,0.));
#5081=IFCDIRECTION((0.,1.,0.));
#5082=IFCDIRECTION((0.,0.,1.));
#5083=IFCCARTESIANTRANSFORMATIONOPERATOR3D(#5080,#5081,#5079,1.,#5082);
#5084=IFCMAPPEDITEM(#4999,#5083);
#5085=IFCSHAPEREPRESENTATION(#11,'Body','MappedRepresentation',(#5084));
#5086=IFCCARTESIANPOINT((0.,0.,0.));
#5087=IFCDIRECTION((1.,0.,0.));
#5088=IFCDIRECTION((0.,1.,0.));
#5089=IFCDIRECTION((0.,0.,1.));
#5090=IFCCARTESIANTRANSFORMATIONOPERATOR3D(#5087,#5088,#5086,1.,#5089);
#5091=IFCMAPPEDITEM(#5047,#5090);
#5092=IFCSHAPEREPRESENTATION(#24,'Body','MappedRepresentation',(#5091));
#5093=IFCOPENINGELEMENT('1Am2AILyDCkvDqp0rnVUbt',$,'Opening',$,$,#5267,#5121,$,.OPENING.);
#5109=IFCCARTESIANPOINT((0.,0.,0.));
#5110=IFCDIRECTION((1.,0.,0.));
#5111=IFCDIRECTION((0.,0.,1.));
#5112=IFCAXIS2PLACEMENT3D(#5109,#5111,#5110);
#5113=IFCREPRESENTATIONMAP(#5112,#5257);
#5114=IFCCARTESIANPOINT((0.,0.,0.));
#5115=IFCDIRECTION((1.,0.,0.));
#5116=IFCDIRECTION((0.,1.,0.));
#5117=IFCDIRECTION((0.,0.,1.));
#5118=IFCCARTESIANTRANSFORMATIONOPERATOR3D(#5115,#5116,#5114,1.,#5117);
#5119=IFCMAPPEDITEM(#5113,#5118);
#5120=IFCSHAPEREPRESENTATION(#11,'Body','MappedRepresentation',(#5119));
#5121=IFCPRODUCTDEFINITIONSHAPE($,$,(#5120));
#5122=IFCRELVOIDSELEMENT('3m0prNbnD9e8hIK2dg6ypk',$,$,$,#735,#5093);
#5128=IFCRELFILLSELEMENT('0MM1JM7jH41wshkkyZHtrD',$,$,$,#5093,#5069);
#5179=IFCCARTESIANPOINTLIST3D(((0.,0.,0.),(0.78683161735534668,0.,0.),(0.78683161735534668,0.,0.89999997615814209),(0.,0.,0.89999997615814209)));
#5180=IFCINDEXEDPOLYCURVE(#5179,(IFCLINEINDEX((1,2,3,4,1))),$);
#5181=IFCSHAPEREPRESENTATION(#18,'Profile','Curve3D',(#5180));
#5182=IFCCARTESIANPOINTLIST2D(((0.,0.),(0.78683161735534668,0.),(0.78683161735534668,0.89999997615814209),(0.,0.89999997615814209)));
#5183=IFCINDEXEDPOLYCURVE(#5182,(IFCLINEINDEX((1,2,3,4,1))),$);
#5184=IFCCARTESIANPOINTLIST2D(((0.02500000037252903,0.02500000037252903),(0.76183161698281765,0.02500000037252903),(0.76183161698281765,0.87499997578561306),(0.02500000037252903,0.87499997578561306)));
#5185=IFCINDEXEDPOLYCURVE(#5184,(IFCLINEINDEX((1,2,3,4,1))),$);
#5186=IFCARBITRARYPROFILEDEFWITHVOIDS(.AREA.,$,#5183,(#5185));
#5187=IFCCARTESIANPOINT((0.,0.090000001713633537,0.));
#5188=IFCDIRECTION((0.,-1.,0.));
#5189=IFCDIRECTION((1.,0.,0.));
#5190=IFCAXIS2PLACEMENT3D(#5187,#5188,#5189);
#5191=IFCDIRECTION((0.,0.,-1.));
#5192=IFCEXTRUDEDAREASOLID(#5186,#5190,#5191,0.0099999997764825821);
#5193=IFCCARTESIANPOINTLIST2D(((0.,0.),(0.78683161735534668,0.),(0.78683161735534668,0.89999997615814209),(0.,0.89999997615814209)));
#5194=IFCINDEXEDPOLYCURVE(#5193,(IFCLINEINDEX((1,2,3,4,1))),$);
#5195=IFCCARTESIANPOINTLIST2D(((0.05000000074505806,0.05000000074505806),(0.73683161661028862,0.05000000074505806),(0.73683161661028862,0.84999997541308403),(0.05000000074505806,0.84999997541308403)));
#5196=IFCINDEXEDPOLYCURVE(#5195,(IFCLINEINDEX((1,2,3,4,1))),$);
#5197=IFCARBITRARYPROFILEDEFWITHVOIDS(.AREA.,$,#5194,(#5196));
#5198=IFCCARTESIANPOINT((0.,0.05000000074505806,0.));
#5199=IFCDIRECTION((0.,-1.,0.));
#5200=IFCDIRECTION((1.,0.,0.));
#5201=IFCAXIS2PLACEMENT3D(#5198,#5199,#5200);
#5202=IFCDIRECTION((0.,0.,-1.));
#5203=IFCEXTRUDEDAREASOLID(#5197,#5201,#5202,0.040000000968575478);
#5204=IFCCARTESIANPOINTLIST2D(((0.,0.),(0.73683161661028862,0.),(0.73683161661028862,0.84999997541308403),(0.,0.84999997541308403)));
#5205=IFCINDEXEDPOLYCURVE(#5204,(IFCLINEINDEX((1,2,3,4,1))),$);
#5206=IFCCARTESIANPOINTLIST2D(((0.035000000149011612,0.035000000149011612),(0.70183161646127701,0.035000000149011612),(0.70183161646127701,0.81499997526407242),(0.035000000149011612,0.81499997526407242)));
#5207=IFCINDEXEDPOLYCURVE(#5206,(IFCLINEINDEX((1,2,3,4,1))),$);
#5208=IFCARBITRARYPROFILEDEFWITHVOIDS(.AREA.,$,#5205,(#5207));
#5209=IFCCARTESIANPOINT((0.02500000037252903,0.090000001713633537,0.02500000037252903));
#5210=IFCDIRECTION((0.,-1.,0.));
#5211=IFCDIRECTION((1.,0.,0.));
#5212=IFCAXIS2PLACEMENT3D(#5209,#5210,#5211);
#5213=IFCDIRECTION((0.,0.,-1.));
#5214=IFCEXTRUDEDAREASOLID(#5208,#5212,#5213,0.035000000149011612);
#5215=IFCINDEXEDPOLYCURVE(#5216,(IFCLINEINDEX((1,2,3,4,1))),$);
#5216=IFCCARTESIANPOINTLIST2D(((0.035000000149011612,0.035000000149011612),(0.70183161646127701,0.035000000149011612),(0.70183161646127701,0.81499997526407242),(0.035000000149011612,0.81499997526407242)));
#5217=IFCARBITRARYCLOSEDPROFILEDEF(.AREA.,$,#5215);
#5218=IFCCARTESIANPOINT((0.02500000037252903,0.10250000178813934,0.02500000037252903));
#5219=IFCDIRECTION((0.,-1.,0.));
#5220=IFCDIRECTION((1.,0.,0.));
#5221=IFCAXIS2PLACEMENT3D(#5218,#5219,#5220);
#5222=IFCDIRECTION((0.,0.,-1.));
#5223=IFCEXTRUDEDAREASOLID(#5217,#5221,#5222,0.01);
#5224=IFCSHAPEREPRESENTATION(#11,'Body','SweptSolid',(#5192,#5203,#5214,#5223));
#5225=IFCSHAPEREPRESENTATION(#11,'Body','SweptSolid',(#5192,#5203));
#5226=IFCSHAPEASPECT((#5225),'Lining',$,.T.,#5078);
#5227=IFCSHAPEREPRESENTATION(#11,'Body','SweptSolid',(#5214));
#5228=IFCSHAPEASPECT((#5227),'Framing',$,.T.,#5078);
#5229=IFCSHAPEREPRESENTATION(#11,'Body','SweptSolid',(#5223));
#5230=IFCSHAPEASPECT((#5229),'Glazing',$,.T.,#5078);
#5231=IFCCARTESIANPOINTLIST2D(((0.05000000074505806,0.05000000074505806),(0.73683161661028862,0.05000000074505806)));
#5232=IFCINDEXEDPOLYCURVE(#5231,$,$);
#5233=IFCCARTESIANPOINTLIST2D(((0.,0.10000000149011612),(0.02500000037252903,0.10000000149011612),(0.02500000037252903,0.090000001713633537),(0.05000000074505806,0.090000001713633537),(0.05000000074505806,0.05000000074505806),(0.,0.05000000074505806)));
#5234=IFCINDEXEDPOLYCURVE(#5233,(IFCLINEINDEX((1,2,3,4,5,6,1))),$);
#5235=IFCCARTESIANPOINTLIST2D(((0.78683161735534668,0.10000000149011612),(0.76183161698281765,0.10000000149011612),(0.76183161698281765,0.090000001713633537),(0.73683161661028862,0.090000001713633537),(0.73683161661028862,0.05000000074505806),(0.78683161735534668,0.05000000074505806)));
#5236=IFCINDEXEDPOLYCURVE(#5235,(IFCLINEINDEX((1,2,3,4,5,6,1))),$);
#5237=IFCCARTESIANPOINTLIST2D(((0.02500000037252903,0.090000001713633537),(0.060000000521540642,0.090000001713633537),(0.060000000521540642,0.12500000186264515),(0.02500000037252903,0.12500000186264515)));
#5238=IFCINDEXEDPOLYCURVE(#5237,(IFCLINEINDEX((1,2,3,4,1))),$);
#5239=IFCINDEXEDPOLYCURVE(#5240,(IFCLINEINDEX((1,2,3,4,1))),$);
#5240=IFCCARTESIANPOINTLIST2D(((0.76183161698281765,0.090000001713633537),(0.72683161683380604,0.090000001713633537),(0.72683161683380604,0.12500000186264515),(0.76183161698281765,0.12500000186264515)));
#5241=IFCCARTESIANPOINTLIST2D(((0.060000000521540642,0.090000001713633537),(0.72683161683380604,0.090000001713633537)));
#5242=IFCINDEXEDPOLYCURVE(#5241,$,$);
#5243=IFCINDEXEDPOLYCURVE(#5244,$,$);
#5244=IFCCARTESIANPOINTLIST2D(((0.060000000521540642,0.12500000186264515),(0.72683161683380604,0.12500000186264515)));
#5245=IFCINDEXEDPOLYCURVE(#5246,$,$);
#5246=IFCCARTESIANPOINTLIST2D(((0.060000000521540642,0.10750000178813934),(0.72683161683380604,0.10750000178813934)));
#5247=IFCSHAPEREPRESENTATION(#24,'Body','Curve2D',(#5232,#5234,#5236,#5238,#5239,#5242,#5243,#5245));
#5248=IFCCARTESIANPOINTLIST2D(((0.,0.),(0.78683161735534668,0.),(0.78683161735534668,0.89999997615814209),(0.,0.89999997615814209)));
#5249=IFCINDEXEDPOLYCURVE(#5248,(IFCLINEINDEX((1,2,3,4,1))),$);
#5250=IFCARBITRARYCLOSEDPROFILEDEF(.AREA.,$,#5249);
#5251=IFCCARTESIANPOINT((0.,-0.60000002384185791,0.));
#5252=IFCDIRECTION((0.,-1.,0.));
#5253=IFCDIRECTION((1.,0.,0.));
#5254=IFCAXIS2PLACEMENT3D(#5251,#5252,#5253);
#5255=IFCDIRECTION((0.,0.,-1.));
#5256=IFCEXTRUDEDAREASOLID(#5250,#5254,#5255,1.2);
#5257=IFCSHAPEREPRESENTATION(#11,'Body','SweptSolid',(#5256));
#5263=IFCCARTESIANPOINT((0.77956031401781312,-1.7326516665860936E-07,1.));
#5264=IFCDIRECTION((0.,0.,1.));
#5265=IFCDIRECTION((0.99999999999988631,-4.7683715820291007E-07,0.));
#5266=IFCAXIS2PLACEMENT3D(#5263,#5264,#5265);
#5267=IFCLOCALPLACEMENT(#1805,#5266);
#5268=IFCCARTESIANPOINT((1.1102230246251565E-16,0.,0.));
#5269=IFCDIRECTION((0.,0.,1.));
#5270=IFCDIRECTION((1.,3.1763735522036263E-22,0.));
#5271=IFCAXIS2PLACEMENT3D(#5268,#5269,#5270);
#5272=IFCLOCALPLACEMENT(#5267,#5271);
#5278=IFCSLAB('2SffM4u69CHvCgRsOYN4pc',$,'Slab',$,$,#9933,#5293,$,$);
#5279=IFCRELCONTAINEDINSPATIALSTRUCTURE('2cy99Y8I9BPARNhgiQWTxj',$,$,$,(#6320,#5278,#6145,#7446,#9453,#7273,#6122,#6814,#6245,#6859,#8996,#7067,#6345,#6963,#6270,#6170,#6370,#9655,#8206,#9238,#7910,#8681,#8520,#7619,#6295,#6195,#6220),#39);
#5280=IFCMATERIALLAYERSETUSAGE(#1879,.AXIS3.,.POSITIVE.,-0.10000000149011612,$);
#5281=IFCRELASSOCIATESMATERIAL('1Uff8t_af8NQQxNISR0jm8',$,$,$,(#5278),#5280);
#5287=IFCCARTESIANPOINTLIST2D(((0.,0.),(1.9073486328125E-06,9.0500001907348633),(-3.4499998092651367,9.0500001907348633),(-3.4499993324279785,7.6499996185302734),(-6.9999995231628418,7.6500015258789062),(-6.9999985694885254,2.5000002384185791),(-3.9999990463256836,2.5000002384185791),(-3.9999997615814209,0.),(0.,0.)));
#5288=IFCINDEXEDPOLYCURVE(#5287,$,$);
#5289=IFCDIRECTION((0.,0.,1.));
#5290=IFCARBITRARYCLOSEDPROFILEDEF(.AREA.,$,#5288);
#5291=IFCEXTRUDEDAREASOLID(#5290,#5300,#5289,0.10000000000000001);
#5292=IFCSHAPEREPRESENTATION(#11,'Body','SweptSolid',(#5291));
#5293=IFCPRODUCTDEFINITIONSHAPE($,$,(#5292));
#5294=IFCPROPERTYSET('121ChUqhLClv$UBkBgee1C',$,'EPset_Parametric',$,(#5296));
#5295=IFCRELDEFINESBYPROPERTIES('3Twy_Plp5CQvQkJUA8KLHX',$,$,$,(#5278),#5294);
#5296=IFCPROPERTYSINGLEVALUE('Engine',$,IFCLABEL('Bonsai.DumbLayer3'),$);
#5297=IFCCARTESIANPOINT((-0.,-0.,-0.10000000149011612));
#5298=IFCDIRECTION((0.,0.,1.));
#5299=IFCDIRECTION((1.,0.,0.));
#5300=IFCAXIS2PLACEMENT3D(#5297,#5298,#5299);
#5301=IFCROOFTYPE('3$wCNd8nrEshmnMaXvrnXu',$,'Roof-2F',$,$,(#5302),(#5331,#5359),$,$,.HIP_ROOF.);
#5302=IFCPROPERTYSET('3ic7_1Nvf8RQxvj7ThAaXs',$,'BBIM_Roof',$,(#5303));
#5303=IFCPROPERTYSINGLEVALUE('Data',$,IFCTEXT('{"roof_type": "HIP/GABLE ROOF", "generation_method": "ANGLE", "roof_thickness": 0.10000000149011612, "rafter_edge_angle": 1.5707963705062866, "angle": 0.1745329201221466, "percentage": 17.63269805908203, "path_data": {"edges": [[0, 1], [1, 2], [2, 3], [3, 0]], "verts": [[-5.0, -5.0, 0.0], [-5.0, 5.0, 0.0], [5.0, 5.0, 0.0], [5.0, -5.0, 0.0]]}}'),$);
#5327=IFCCARTESIANPOINT((0.,0.,0.));
#5328=IFCDIRECTION((1.,0.,0.));
#5329=IFCDIRECTION((0.,0.,1.));
#5330=IFCAXIS2PLACEMENT3D(#5327,#5329,#5328);
#5331=IFCREPRESENTATIONMAP(#5330,#5350);
#5332=IFCINDEXEDPOLYGONALFACE((3,1,2));
#5333=IFCINDEXEDPOLYGONALFACE((2,4,3));
#5334=IFCINDEXEDPOLYGONALFACE((1,3,5));
#5335=IFCINDEXEDPOLYGONALFACE((4,5,3));
#5336=IFCINDEXEDPOLYGONALFACE((6,7,8));
#5337=IFCINDEXEDPOLYGONALFACE((8,2,1));
#5338=IFCINDEXEDPOLYGONALFACE((8,1,6));
#5339=IFCINDEXEDPOLYGONALFACE((8,7,9));
#5340=IFCINDEXEDPOLYGONALFACE((2,8,9));
#5341=IFCINDEXEDPOLYGONALFACE((2,9,4));
#5342=IFCINDEXEDPOLYGONALFACE((10,7,6));
#5343=IFCINDEXEDPOLYGONALFACE((6,1,5));
#5344=IFCINDEXEDPOLYGONALFACE((6,5,10));
#5345=IFCINDEXEDPOLYGONALFACE((9,7,10));
#5346=IFCINDEXEDPOLYGONALFACE((4,9,10));
#5347=IFCINDEXEDPOLYGONALFACE((4,10,5));
#5348=IFCCARTESIANPOINTLIST3D(((-5.,-5.,0.),(5.,-5.,0.),(0.,0.,0.88163489103317261),(5.,5.,0.),(-5.,5.,0.),(-5.,-5.,-0.10154265910387039),(0.,0.,0.78009223937988281),(5.,-5.,-0.10154265910387039),(5.,5.,-0.10154265910387039),(-5.,5.,-0.10154265910387039)));
#5349=IFCPOLYGONALFACESET(#5348,.T.,(#5332,#5333,#5334,#5335,#5336,#5337,#5338,#5339,#5340,#5341,#5342,#5343,#5344,#5345,#5346,#5347),$);
#5350=IFCSHAPEREPRESENTATION(#11,'Body','Tessellation',(#5349));
#5352=IFCCARTESIANPOINT((-5.,-5.,-0.10154265910387039));
#5353=IFCBOUNDINGBOX(#5352,10.,10.,0.9831775426864624);
#5354=IFCSHAPEREPRESENTATION(#13,'Box','BoundingBox',(#5353));
#5355=IFCCARTESIANPOINT((0.,0.,0.));
#5356=IFCDIRECTION((1.,0.,0.));
#5357=IFCDIRECTION((0.,0.,1.));
#5358=IFCAXIS2PLACEMENT3D(#5355,#5357,#5356);
#5359=IFCREPRESENTATIONMAP(#5358,#5354);
#5361=IFCRELDEFINESBYTYPE('0tdPbstmrEBf1scY756PRq',$,$,$,(#10048),#5301);
#5387=IFCSLABTYPE('0CK_cQtuz3GvVwovciH9iP',$,'Slab-2F',$,$,(#5388),$,$,$,.FLOOR.);
#5388=IFCPROPERTYSET('0pJaUMXWbE18PdfWDGgbBz',$,'EPset_Parametric',$,(#5389));
#5389=IFCPROPERTYSINGLEVALUE('LayerSetDirection',$,IFCLABEL('AXIS3'),$);
#5390=IFCRELASSOCIATESMATERIAL('04$2JR3YL8mPIv03wfefBB',$,$,$,(#5387),#5391);
#5391=IFCMATERIALLAYERSET((#5392),$,$);
#5392=IFCMATERIALLAYER(#81,0.10000000000000001,$,$,$,$,$);
#6122=IFCSLAB('1zPD2Dkp53deVQRobV12W5',$,'Slab',$,$,#9943,#6137,$,$);
#6123=IFCRELDEFINESBYTYPE('10O3w6$MD519XQszAvcJe4',$,$,$,(#6122),#5387);
#6124=IFCMATERIALLAYERSETUSAGE(#5391,.AXIS3.,.POSITIVE.,-0.10000000149011612,$);
#6125=IFCRELASSOCIATESMATERIAL('3wBHx8Dm53d8ReOA9DP$BK',$,$,$,(#6122),#6124);
#6131=IFCCARTESIANPOINTLIST2D(((0.,0.),(-4.,0.),(-4.,-0.90000009536743164),(-7.5,-0.89999961853027344),(-7.4999990463256836,-9.5999994277954102),(9.5367431640625E-07,-9.5999984741210938),(0.,0.)));
#6132=IFCINDEXEDPOLYCURVE(#6131,$,$);
#6133=IFCDIRECTION((0.,0.,1.));
#6134=IFCARBITRARYCLOSEDPROFILEDEF(.AREA.,$,#6132);
#6135=IFCEXTRUDEDAREASOLID(#6134,#6144,#6133,0.10000000000000001);
#6136=IFCSHAPEREPRESENTATION(#11,'Body','SweptSolid',(#6135));
#6137=IFCPRODUCTDEFINITIONSHAPE($,$,(#6136));
#6138=IFCPROPERTYSET('37nHV2xHjAlRM_Rl3iDbL7',$,'EPset_Parametric',$,(#6140));
#6139=IFCRELDEFINESBYPROPERTIES('35cDhJG5L4KBs4M0FPprv8',$,$,$,(#6122),#6138);
#6140=IFCPROPERTYSINGLEVALUE('Engine',$,IFCLABEL('Bonsai.DumbLayer3'),$);
#6141=IFCCARTESIANPOINT((-0.,-0.,-0.10000000149011612));
#6142=IFCDIRECTION((0.,0.,1.));
#6143=IFCDIRECTION((1.,0.,0.));
#6144=IFCAXIS2PLACEMENT3D(#6141,#6142,#6143);
#6145=IFCWALL('1Jat7Vfbn3SRGtznXJl1$k',$,'Wall',$,$,#9948,#6151,$,$);
#6146=IFCMATERIALLAYERSETUSAGE(#82,.AXIS2.,.POSITIVE.,0.,$);
#6147=IFCRELASSOCIATESMATERIAL('34vwywNCDAmhHAnYqSEdHH',$,$,$,(#6145),#6146);
#6151=IFCPRODUCTDEFINITIONSHAPE($,$,(#6556,#6553));
#6167=IFCPROPERTYSET('0o0_cE9rD1PQxjWvSOJBb4',$,'EPset_Parametric',$,(#6169));
#6168=IFCRELDEFINESBYPROPERTIES('2wXXf5Elr2zutDHHsTZTAc',$,$,$,(#6145),#6167);
#6169=IFCPROPERTYSINGLEVALUE('Engine',$,IFCLABEL('Bonsai.DumbLayer2'),$);
#6170=IFCWALL('2KsuYrZ3j1p8fykG52mazB',$,'Wall',$,$,#9958,#6176,$,$);
#6171=IFCMATERIALLAYERSETUSAGE(#82,.AXIS2.,.POSITIVE.,0.,$);
#6172=IFCRELASSOCIATESMATERIAL('19RNROuFjD$vDOJPXoLNow',$,$,$,(#6170),#6171);
#6176=IFCPRODUCTDEFINITIONSHAPE($,$,(#6588,#6585));
#6192=IFCPROPERTYSET('3plkcvJ455ihLVx6LLAgLo',$,'EPset_Parametric',$,(#6194));
#6193=IFCRELDEFINESBYPROPERTIES('1VG9C$De5E_vbe27MESI$C',$,$,$,(#6170),#6192);
#6194=IFCPROPERTYSINGLEVALUE('Engine',$,IFCLABEL('Bonsai.DumbLayer2'),$);
#6195=IFCWALL('3hsrdzUHDF_OW80qwxhi5y',$,'Wall',$,$,#9963,#6201,$,$);
#6196=IFCMATERIALLAYERSETUSAGE(#82,.AXIS2.,.POSITIVE.,0.,$);
#6197=IFCRELASSOCIATESMATERIAL('0P69un3ED7$9kFkPj6zESR',$,$,$,(#6195),#6196);
#6201=IFCPRODUCTDEFINITIONSHAPE($,$,(#6620,#6617));
#6217=IFCPROPERTYSET('1OGCTIRSn7VwWnRbCX2r$o',$,'EPset_Parametric',$,(#6219));
#6218=IFCRELDEFINESBYPROPERTIES('1xTIByUMXEBRRAFLdLZvQo',$,$,$,(#6195),#6217);
#6219=IFCPROPERTYSINGLEVALUE('Engine',$,IFCLABEL('Bonsai.DumbLayer2'),$);
#6220=IFCWALL('1XEWTFA651uRQfDIcER6MU',$,'Wall',$,$,#9968,#6226,$,$);
#6221=IFCMATERIALLAYERSETUSAGE(#82,.AXIS2.,.POSITIVE.,0.,$);
#6222=IFCRELASSOCIATESMATERIAL('3ixSLmynr4cgx_W5rP8XYy',$,$,$,(#6220),#6221);
#6226=IFCPRODUCTDEFINITIONSHAPE($,$,(#7164,#7161));
#6242=IFCPROPERTYSET('1H98YDn9D1AAWtG44dLhmT',$,'EPset_Parametric',$,(#6244));
#6243=IFCRELDEFINESBYPROPERTIES('0IJgAQqU1D79aJwov9WsDI',$,$,$,(#6220),#6242);
#6244=IFCPROPERTYSINGLEVALUE('Engine',$,IFCLABEL('Bonsai.DumbLayer2'),$);
#6245=IFCWALL('1eEL8XdKT0yuLXWwJFavVO',$,'Wall',$,$,#9973,#6251,$,$);
#6246=IFCMATERIALLAYERSETUSAGE(#82,.AXIS2.,.POSITIVE.,0.,$);
#6247=IFCRELASSOCIATESMATERIAL('39kggONpT1tuTlF2N$4liq',$,$,$,(#6245),#6246);
#6251=IFCPRODUCTDEFINITIONSHAPE($,$,(#6684,#6681));
#6267=IFCPROPERTYSET('0C1oryFb95_Be8uUxrloxJ',$,'EPset_Parametric',$,(#6269));
#6268=IFCRELDEFINESBYPROPERTIES('1hjydUuK5FzPffrNa39XvU',$,$,$,(#6245),#6267);
#6269=IFCPROPERTYSINGLEVALUE('Engine',$,IFCLABEL('Bonsai.DumbLayer2'),$);
#6270=IFCWALL('3YwklxcYz6W9RpwSNkOVKI',$,'Wall',$,$,#9978,#6276,$,$);
#6271=IFCMATERIALLAYERSETUSAGE(#82,.AXIS2.,.POSITIVE.,0.,$);
#6272=IFCRELASSOCIATESMATERIAL('3lnXP9__fDnvjsklAwhOFt',$,$,$,(#6270),#6271);
#6276=IFCPRODUCTDEFINITIONSHAPE($,$,(#6716,#6713));
#6292=IFCPROPERTYSET('0rHD93CtnBGB3so_3cu0AM',$,'EPset_Parametric',$,(#6294));
#6293=IFCRELDEFINESBYPROPERTIES('1nrfrZzsrAkQj3hYBd7XHv',$,$,$,(#6270),#6292);
#6294=IFCPROPERTYSINGLEVALUE('Engine',$,IFCLABEL('Bonsai.DumbLayer2'),$);
#6295=IFCWALL('1aB2f7iHb04efZfLdlJ4Yp',$,'Wall',$,$,#9983,#6301,$,$);
#6296=IFCMATERIALLAYERSETUSAGE(#82,.AXIS2.,.POSITIVE.,0.,$);
#6297=IFCRELASSOCIATESMATERIAL('26SSnKOg1EE9LwXZiCRMwi',$,$,$,(#6295),#6296);
#6301=IFCPRODUCTDEFINITIONSHAPE($,$,(#6743,#6740));
#6317=IFCPROPERTYSET('2aVSb3eqb7wRT5oMacnoMp',$,'EPset_Parametric',$,(#6319));
#6318=IFCRELDEFINESBYPROPERTIES('3tyPndbjr9zA120C8oV72F',$,$,$,(#6295),#6317);
#6319=IFCPROPERTYSINGLEVALUE('Engine',$,IFCLABEL('Bonsai.DumbLayer2'),$);
#6320=IFCWALL('0KbgyD4Nz7fucY$YxmtB6Z',$,'Wall',$,$,#9953,#6326,$,$);
#6321=IFCMATERIALLAYERSETUSAGE(#82,.AXIS2.,.POSITIVE.,0.,$);
#6322=IFCRELASSOCIATESMATERIAL('1x0mPYDlnDPwcWiyVaJQOt',$,$,$,(#6320),#6321);
#6326=IFCPRODUCTDEFINITIONSHAPE($,$,(#6775,#6772));
#6342=IFCPROPERTYSET('34SCzuieb59wWPXRrG3JmK',$,'EPset_Parametric',$,(#6344));
#6343=IFCRELDEFINESBYPROPERTIES('0pdGZv0yjAjfEtbCMDZvWB',$,$,$,(#6320),#6342);
#6344=IFCPROPERTYSINGLEVALUE('Engine',$,IFCLABEL('Bonsai.DumbLayer2'),$);
#6345=IFCWALL('38FwUuQBbBQenOj7XE6Ht4',$,'Wall',$,$,#9988,#6351,$,$);
#6346=IFCMATERIALLAYERSETUSAGE(#82,.AXIS2.,.POSITIVE.,0.,$);
#6347=IFCRELASSOCIATESMATERIAL('1O6$pn6c50mAWzu4$d7Egk',$,$,$,(#6345),#6346);
#6351=IFCPRODUCTDEFINITIONSHAPE($,$,(#6807,#6804));
#6367=IFCPROPERTYSET('1QH_oWUXHBqv8re9STPAy_',$,'EPset_Parametric',$,(#6369));
#6368=IFCRELDEFINESBYPROPERTIES('0jaYeDsRbEpPJTIaLxORPy',$,$,$,(#6345),#6367);
#6369=IFCPROPERTYSINGLEVALUE('Engine',$,IFCLABEL('Bonsai.DumbLayer2'),$);
#6370=IFCWALL('2ae8g8kcj3oPmfB43KmQp7',$,'Wall',$,$,#9993,#6376,$,$);
#6371=IFCMATERIALLAYERSETUSAGE(#82,.AXIS2.,.POSITIVE.,0.,$);
#6372=IFCRELASSOCIATESMATERIAL('2wuvfId4TBDwqemcjx_CWN',$,$,$,(#6370),#6371);
#6376=IFCPRODUCTDEFINITIONSHAPE($,$,(#7033,#7030));
#6392=IFCPROPERTYSET('3P0fnsAzv3KhdpmvrmSx6D',$,'EPset_Parametric',$,(#6394));
#6393=IFCRELDEFINESBYPROPERTIES('1ciQ_hDRb2$O$4y1VKtOID',$,$,$,(#6370),#6392);
#6394=IFCPROPERTYSINGLEVALUE('Engine',$,IFCLABEL('Bonsai.DumbLayer2'),$);
#6525=IFCRELCONNECTSPATHELEMENTS('0dh6H9xu93$wudEy9cEn5C',$,$,$,$,#6170,#6145,(),(),.ATEND.,.ATSTART.);
#6544=IFCCARTESIANPOINTLIST2D(((0.,0.),(0.,0.10000000000000001),(3.9000014261403355,0.10000000000000001),(4.0000014305114746,0.)));
#6545=IFCINDEXEDPOLYCURVE(#6544,(IFCLINEINDEX((1,2,3,4,1))),$);
#6546=IFCARBITRARYCLOSEDPROFILEDEF(.AREA.,$,#6545);
#6547=IFCCARTESIANPOINT((0.,0.,0.));
#6548=IFCDIRECTION((0.,0.,1.));
#6549=IFCDIRECTION((1.,0.,0.));
#6550=IFCAXIS2PLACEMENT3D(#6547,#6548,#6549);
#6551=IFCDIRECTION((0.,0.,1.));
#6552=IFCEXTRUDEDAREASOLID(#6546,#6550,#6551,3.);
#6553=IFCSHAPEREPRESENTATION(#11,'Body','SweptSolid',(#6552));
#6554=IFCCARTESIANPOINTLIST2D(((0.,0.),(4.0000014305114746,0.)));
#6555=IFCINDEXEDPOLYCURVE(#6554,$,$);
#6556=IFCSHAPEREPRESENTATION(#23,'Axis','Curve2D',(#6555));
#6557=IFCRELCONNECTSPATHELEMENTS('0$K8x4BGH9UAFIwnqv2caI',$,$,$,$,#6195,#6170,(),(),.ATEND.,.ATSTART.);
#6576=IFCCARTESIANPOINTLIST2D(((0.,0.),(0.10000000437113893,0.10000000000000001),(0.98243952076664764,0.10000000000000001),(0.88243948619634371,0.)));
#6577=IFCINDEXEDPOLYCURVE(#6576,(IFCLINEINDEX((1,2,3,4,1))),$);
#6578=IFCARBITRARYCLOSEDPROFILEDEF(.AREA.,$,#6577);
#6579=IFCCARTESIANPOINT((0.,0.,0.));
#6580=IFCDIRECTION((0.,0.,1.));
#6581=IFCDIRECTION((1.,0.,0.));
#6582=IFCAXIS2PLACEMENT3D(#6579,#6580,#6581);
#6583=IFCDIRECTION((0.,0.,1.));
#6584=IFCEXTRUDEDAREASOLID(#6578,#6582,#6583,3.);
#6585=IFCSHAPEREPRESENTATION(#11,'Body','SweptSolid',(#6584));
#6586=IFCCARTESIANPOINTLIST2D(((0.,0.),(0.88243948619634371,0.)));
#6587=IFCINDEXEDPOLYCURVE(#6586,$,$);
#6588=IFCSHAPEREPRESENTATION(#23,'Axis','Curve2D',(#6587));
#6589=IFCRELCONNECTSPATHELEMENTS('3tZulRSsDD9gHM$cbiqebj',$,$,$,$,#6220,#6195,(),(),.ATEND.,.ATSTART.);
#6608=IFCCARTESIANPOINTLIST2D(((0.,0.),(-0.10000003457030389,0.10000000000000001),(3.3999999149364548,0.10000000000000001),(3.4999999614276924,0.)));
#6609=IFCINDEXEDPOLYCURVE(#6608,(IFCLINEINDEX((1,2,3,4,1))),$);
#6610=IFCARBITRARYCLOSEDPROFILEDEF(.AREA.,$,#6609);
#6611=IFCCARTESIANPOINT((0.,0.,0.));
#6612=IFCDIRECTION((0.,0.,1.));
#6613=IFCDIRECTION((1.,0.,0.));
#6614=IFCAXIS2PLACEMENT3D(#6611,#6612,#6613);
#6615=IFCDIRECTION((0.,0.,1.));
#6616=IFCEXTRUDEDAREASOLID(#6610,#6614,#6615,3.);
#6617=IFCSHAPEREPRESENTATION(#11,'Body','SweptSolid',(#6616));
#6618=IFCCARTESIANPOINTLIST2D(((0.,0.),(3.4999999614276924,0.)));
#6619=IFCINDEXEDPOLYCURVE(#6618,$,$);
#6620=IFCSHAPEREPRESENTATION(#23,'Axis','Curve2D',(#6619));
#6621=IFCRELCONNECTSPATHELEMENTS('2KEEsRxp5E5BV$QmIYKoYF',$,$,$,$,#6245,#6220,(),(),.ATEND.,.ATSTART.);
#6653=IFCRELCONNECTSPATHELEMENTS('03RHWqhhnCIv6Aq3WrvwcV',$,$,$,$,#6270,#6245,(),(),.ATEND.,.ATSTART.);
#6672=IFCCARTESIANPOINTLIST2D(((0.,0.),(0.099999992450210171,0.10000000000000001),(3.627479351461754,0.10000000000000001),(3.5274793470906149,0.)));
#6673=IFCINDEXEDPOLYCURVE(#6672,(IFCLINEINDEX((1,2,3,4,1))),$);
#6674=IFCARBITRARYCLOSEDPROFILEDEF(.AREA.,$,#6673);
#6675=IFCCARTESIANPOINT((0.,0.,0.));
#6676=IFCDIRECTION((0.,0.,1.));
#6677=IFCDIRECTION((1.,0.,0.));
#6678=IFCAXIS2PLACEMENT3D(#6675,#6676,#6677);
#6679=IFCDIRECTION((0.,0.,1.));
#6680=IFCEXTRUDEDAREASOLID(#6674,#6678,#6679,3.);
#6681=IFCSHAPEREPRESENTATION(#11,'Body','SweptSolid',(#6680));
#6682=IFCCARTESIANPOINTLIST2D(((0.,0.),(3.5274793470906149,0.)));
#6683=IFCINDEXEDPOLYCURVE(#6682,$,$);
#6684=IFCSHAPEREPRESENTATION(#23,'Axis','Curve2D',(#6683));
#6685=IFCRELCONNECTSPATHELEMENTS('3ONDgVorzBBRFTf5mtncQr',$,$,$,$,#6295,#6270,(),(),.ATEND.,.ATSTART.);
#6704=IFCCARTESIANPOINTLIST2D(((0.,0.),(-0.10000000437113893,0.10000000000000001),(0.50293089906361488,0.10000000000000001),(0.60293090343475375,0.)));
#6705=IFCINDEXEDPOLYCURVE(#6704,(IFCLINEINDEX((1,2,3,4,1))),$);
#6706=IFCARBITRARYCLOSEDPROFILEDEF(.AREA.,$,#6705);
#6707=IFCCARTESIANPOINT((0.,0.,0.));
#6708=IFCDIRECTION((0.,0.,1.));
#6709=IFCDIRECTION((1.,0.,0.));
#6710=IFCAXIS2PLACEMENT3D(#6707,#6708,#6709);
#6711=IFCDIRECTION((0.,0.,1.));
#6712=IFCEXTRUDEDAREASOLID(#6706,#6710,#6711,3.);
#6713=IFCSHAPEREPRESENTATION(#11,'Body','SweptSolid',(#6712));
#6714=IFCCARTESIANPOINTLIST2D(((0.,0.),(0.60293090343475375,0.)));
#6715=IFCINDEXEDPOLYCURVE(#6714,$,$);
#6716=IFCSHAPEREPRESENTATION(#23,'Axis','Curve2D',(#6715));
#6717=IFCRELCONNECTSPATHELEMENTS('3gPhbXpyXF6Pr01VqYlrfw',$,$,$,$,#6320,#6295,(),(),.ATEND.,.ATSTART.);
#6731=IFCCARTESIANPOINTLIST2D(((0.,0.),(0.10000000437113894,0.10000000000000001),(1.7078157732187667,0.10000000000000001),(1.6078157688476278,0.)));
#6732=IFCINDEXEDPOLYCURVE(#6731,(IFCLINEINDEX((1,2,3,4,1))),$);
#6733=IFCARBITRARYCLOSEDPROFILEDEF(.AREA.,$,#6732);
#6734=IFCCARTESIANPOINT((0.,0.,0.));
#6735=IFCDIRECTION((0.,0.,1.));
#6736=IFCDIRECTION((1.,0.,0.));
#6737=IFCAXIS2PLACEMENT3D(#6734,#6735,#6736);
#6738=IFCDIRECTION((0.,0.,1.));
#6739=IFCEXTRUDEDAREASOLID(#6733,#6737,#6738,3.);
#6740=IFCSHAPEREPRESENTATION(#11,'Body','SweptSolid',(#6739));
#6741=IFCCARTESIANPOINTLIST2D(((0.,0.),(1.6078157688476278,0.)));
#6742=IFCINDEXEDPOLYCURVE(#6741,$,$);
#6743=IFCSHAPEREPRESENTATION(#23,'Axis','Curve2D',(#6742));
#6744=IFCRELCONNECTSPATHELEMENTS('1iSJK$JF1FhgNjXBp8xf$4',$,$,$,$,#6345,#6320,(),(),.ATEND.,.ATSTART.);
#6763=IFCCARTESIANPOINTLIST2D(((0.,0.),(-0.10000000437113893,0.10000000000000001),(0.86319794217732404,0.10000000000000001),(0.96319794654846291,0.)));
#6764=IFCINDEXEDPOLYCURVE(#6763,(IFCLINEINDEX((1,2,3,4,1))),$);
#6765=IFCARBITRARYCLOSEDPROFILEDEF(.AREA.,$,#6764);
#6766=IFCCARTESIANPOINT((0.,0.,0.));
#6767=IFCDIRECTION((0.,0.,1.));
#6768=IFCDIRECTION((1.,0.,0.));
#6769=IFCAXIS2PLACEMENT3D(#6766,#6767,#6768);
#6770=IFCDIRECTION((0.,0.,1.));
#6771=IFCEXTRUDEDAREASOLID(#6765,#6769,#6770,3.);
#6772=IFCSHAPEREPRESENTATION(#11,'Body','SweptSolid',(#6771));
#6773=IFCCARTESIANPOINTLIST2D(((0.,0.),(0.96319794654846291,0.)));
#6774=IFCINDEXEDPOLYCURVE(#6773,$,$);
#6775=IFCSHAPEREPRESENTATION(#23,'Axis','Curve2D',(#6774));
#6776=IFCRELCONNECTSPATHELEMENTS('2_MyR93uD7XQoCYw4swqFU',$,$,$,$,#6370,#6345,(),(),.ATEND.,.ATSTART.);
#6795=IFCCARTESIANPOINTLIST2D(((0.,0.),(0.10000000437113894,0.10000000000000001),(2.2647053738254654,0.10000000000000001),(2.3647053662756754,0.)));
#6796=IFCINDEXEDPOLYCURVE(#6795,(IFCLINEINDEX((1,2,3,4,1))),$);
#6797=IFCARBITRARYCLOSEDPROFILEDEF(.AREA.,$,#6796);
#6798=IFCCARTESIANPOINT((0.,0.,0.));
#6799=IFCDIRECTION((0.,0.,1.));
#6800=IFCDIRECTION((1.,0.,0.));
#6801=IFCAXIS2PLACEMENT3D(#6798,#6799,#6800);
#6802=IFCDIRECTION((0.,0.,1.));
#6803=IFCEXTRUDEDAREASOLID(#6797,#6801,#6802,3.);
#6804=IFCSHAPEREPRESENTATION(#11,'Body','SweptSolid',(#6803));
#6805=IFCCARTESIANPOINTLIST2D(((0.,0.),(2.3647053662756754,0.)));
#6806=IFCINDEXEDPOLYCURVE(#6805,$,$);
#6807=IFCSHAPEREPRESENTATION(#23,'Axis','Curve2D',(#6806));
#6808=IFCWALLTYPE('0TeODR1DLB2vo0eyACfk$Y',$,'BedroomWall2F',$,$,(#6809),$,$,$,.SOLIDWALL.);
#6809=IFCPROPERTYSET('2RaWNuGOj8_9QPhmlPX51l',$,'EPset_Parametric',$,(#6810));
#6810=IFCPROPERTYSINGLEVALUE('LayerSetDirection',$,IFCLABEL('AXIS2'),$);
#6811=IFCRELASSOCIATESMATERIAL('3FIvILesD5qfrmkz2gn6gn',$,$,$,(#6808),#6812);
#6812=IFCMATERIALLAYERSET((#6813),$,$);
#6813=IFCMATERIALLAYER(#81,0.10000000000000001,$,$,$,$,$);
#6814=IFCWALL('3kvedQKVPAZuyKxXThYpjZ',$,'Wall',$,$,#9998,#6821,$,$);
#6815=IFCRELDEFINESBYTYPE('1lNCzIj418j9MG1Er$rGKT',$,$,$,(#6814),#6808);
#6816=IFCMATERIALLAYERSETUSAGE(#6812,.AXIS2.,.POSITIVE.,0.,$);
#6817=IFCRELASSOCIATESMATERIAL('2kvTawjQT6sxcPRkstCo$5',$,$,$,(#6814),#6816);
#6821=IFCPRODUCTDEFINITIONSHAPE($,$,(#7137,#7134));
#6837=IFCPROPERTYSET('1Ox$2PSSX43fH5022wh80$',$,'EPset_Parametric',$,(#6839));
#6838=IFCRELDEFINESBYPROPERTIES('0peATdgJz9EuQH13GeGVzg',$,$,$,(#6814),#6837);
#6839=IFCPROPERTYSINGLEVALUE('Engine',$,IFCLABEL('Bonsai.DumbLayer2'),$);
#6853=IFCWALLTYPE('11Tta$mF999OraN9jkSvB5',$,'StairsWall-2F',$,$,(#6854),$,$,$,.SOLIDWALL.);
#6854=IFCPROPERTYSET('0ARSt8zCfCVeZ67_mJoMyH',$,'EPset_Parametric',$,(#6855));
#6855=IFCPROPERTYSINGLEVALUE('LayerSetDirection',$,IFCLABEL('AXIS2'),$);
#6856=IFCRELASSOCIATESMATERIAL('0wH_KMYH9EiA$rMA2N$krt',$,$,$,(#6853),#6857);
#6857=IFCMATERIALLAYERSET((#6858),$,$);
#6858=IFCMATERIALLAYER(#81,0.10000000000000001,$,$,$,$,$);
#6859=IFCWALL('3QAqMO9En8Y8BDSjJ_CRyZ',$,'Wall',$,$,#10003,#6866,$,$);
#6860=IFCRELDEFINESBYTYPE('1oe39DNzH5Xwhz5FsvlcXG',$,$,$,(#6859),#6853);
#6861=IFCMATERIALLAYERSETUSAGE(#6857,.AXIS2.,.POSITIVE.,0.,$);
#6862=IFCRELASSOCIATESMATERIAL('1ERU3Wj_HFv9ba0Qz0eKFu',$,$,$,(#6859),#6861);
#6866=IFCPRODUCTDEFINITIONSHAPE($,$,(#6943,#6940));
#6882=IFCPROPERTYSET('1N4TVRSCT3bhRLG8$V6UI_',$,'EPset_Parametric',$,(#6884));
#6883=IFCRELDEFINESBYPROPERTIES('3pMSWLGb50l9DSpHOzJfem',$,$,$,(#6859),#6882);
#6884=IFCPROPERTYSINGLEVALUE('Engine',$,IFCLABEL('Bonsai.DumbLayer2'),$);
#6898=IFCRELCONNECTSPATHELEMENTS('1Kuk4IDobEGedBAG8gbGfT',$,$,$,$,#6859,#6370,(),(),.ATPATH.,.ATSTART.);
#6930=IFCRELCONNECTSPATHELEMENTS('2xwo7tLojAJQBsDEKeGiLJ',$,$,$,$,#6859,#6814,(),(),.ATPATH.,.ATEND.);
#6931=IFCCARTESIANPOINTLIST2D(((0.10000000000000493,0.),(0.099999968608358317,0.10000000000000001),(3.8799129279770499,0.10000000000000001),(3.8803082594416041,0.)));
#6932=IFCINDEXEDPOLYCURVE(#6931,(IFCLINEINDEX((1,2,3,4,1))),$);
#6933=IFCARBITRARYCLOSEDPROFILEDEF(.AREA.,$,#6932);
#6934=IFCCARTESIANPOINT((0.,0.,0.));
#6935=IFCDIRECTION((0.,0.,1.));
#6936=IFCDIRECTION((1.,0.,0.));
#6937=IFCAXIS2PLACEMENT3D(#6934,#6935,#6936);
#6938=IFCDIRECTION((0.,0.,1.));
#6939=IFCEXTRUDEDAREASOLID(#6933,#6937,#6938,3.);
#6940=IFCSHAPEREPRESENTATION(#11,'Body','SweptSolid',(#6939));
#6941=IFCCARTESIANPOINTLIST2D(((0.,0.),(3.8803082594416041,0.)));
#6942=IFCINDEXEDPOLYCURVE(#6941,$,$);
#6943=IFCSHAPEREPRESENTATION(#23,'Axis','Curve2D',(#6942));
#6957=IFCWALLTYPE('3$Hgyw5Xj6zv$IlxPwHbGe',$,'FamilyWall2F',$,$,(#6958),$,$,$,.SOLIDWALL.);
#6958=IFCPROPERTYSET('1ZQFe32WL8sR$EOEqAZe4n',$,'EPset_Parametric',$,(#6959));
#6959=IFCPROPERTYSINGLEVALUE('LayerSetDirection',$,IFCLABEL('AXIS2'),$);
#6960=IFCRELASSOCIATESMATERIAL('3KjU5ta_zDOAxl0$x7AUGu',$,$,$,(#6957),#6961);
#6961=IFCMATERIALLAYERSET((#6962),$,$);
#6962=IFCMATERIALLAYER(#81,0.10000000000000001,$,$,$,$,$);
#6963=IFCWALL('2UMpWmY8LFQvMaXEuAhErt',$,'Wall',$,$,#10008,#6970,$,$);
#6964=IFCRELDEFINESBYTYPE('28pvbNhzX6FPOTLLjRe91l',$,$,$,(#6963),#6957);
#6965=IFCMATERIALLAYERSETUSAGE(#6961,.AXIS2.,.POSITIVE.,0.,$);
#6966=IFCRELASSOCIATESMATERIAL('28FUFgdUb729rAeYcLFQYr',$,$,$,(#6963),#6965);
#6970=IFCPRODUCTDEFINITIONSHAPE($,$,(#7047,#7044));
#6986=IFCPROPERTYSET('2Wiaatiyf0pOl2am0sWv73',$,'EPset_Parametric',$,(#6988));
#6987=IFCRELDEFINESBYPROPERTIES('0zMf3x_Ij469qKTFjE_56T',$,$,$,(#6963),#6986);
#6988=IFCPROPERTYSINGLEVALUE('Engine',$,IFCLABEL('Bonsai.DumbLayer2'),$);
#7002=IFCRELCONNECTSPATHELEMENTS('3KD_XeQlj13QgJosZixmxJ',$,$,$,$,#6963,#6370,(),(),.ATPATH.,.ATSTART.);
#7021=IFCCARTESIANPOINTLIST2D(((0.,0.),(0.099999992450210157,0.10000000000000001),(9.5999988396961946,0.10000000000000001),(9.5999988396961946,0.)));
#7022=IFCINDEXEDPOLYCURVE(#7021,(IFCLINEINDEX((1,2,3,4,1))),$);
#7023=IFCARBITRARYCLOSEDPROFILEDEF(.AREA.,$,#7022);
#7024=IFCCARTESIANPOINT((0.,0.,0.));
#7025=IFCDIRECTION((0.,0.,1.));
#7026=IFCDIRECTION((1.,0.,0.));
#7027=IFCAXIS2PLACEMENT3D(#7024,#7025,#7026);
#7028=IFCDIRECTION((0.,0.,1.));
#7029=IFCEXTRUDEDAREASOLID(#7023,#7027,#7028,3.);
#7030=IFCSHAPEREPRESENTATION(#11,'Body','SweptSolid',(#7029));
#7031=IFCCARTESIANPOINTLIST2D(((0.,0.),(9.5999988396961946,0.)));
#7032=IFCINDEXEDPOLYCURVE(#7031,$,$);
#7033=IFCSHAPEREPRESENTATION(#23,'Axis','Curve2D',(#7032));
#7034=IFCRELCONNECTSPATHELEMENTS('00NtRGlcP04fd7xO39RaOB',$,$,$,$,#6963,#6814,(),(),.ATPATH.,.ATEND.);
#7035=IFCCARTESIANPOINTLIST2D(((0.10000000000000256,0.),(0.10000002264937294,0.10000000000000001),(3.8973675653349864,0.10000000000000001),(3.8977628427576794,0.)));
#7036=IFCINDEXEDPOLYCURVE(#7035,(IFCLINEINDEX((1,2,3,4,1))),$);
#7037=IFCARBITRARYCLOSEDPROFILEDEF(.AREA.,$,#7036);
#7038=IFCCARTESIANPOINT((0.,0.,0.));
#7039=IFCDIRECTION((0.,0.,1.));
#7040=IFCDIRECTION((1.,0.,0.));
#7041=IFCAXIS2PLACEMENT3D(#7038,#7039,#7040);
#7042=IFCDIRECTION((0.,0.,1.));
#7043=IFCEXTRUDEDAREASOLID(#7037,#7041,#7042,3.);
#7044=IFCSHAPEREPRESENTATION(#11,'Body','SweptSolid',(#7043));
#7045=IFCCARTESIANPOINTLIST2D(((0.,0.),(3.8977628427576794,0.)));
#7046=IFCINDEXEDPOLYCURVE(#7045,$,$);
#7047=IFCSHAPEREPRESENTATION(#23,'Axis','Curve2D',(#7046));
#7061=IFCWALLTYPE('07738B4h9F4utmmA41x4Qs',$,'MastersWall2F',$,$,(#7062),$,$,$,.SOLIDWALL.);
#7062=IFCPROPERTYSET('34NFNEy0f9XOUmgoDGq8mn',$,'EPset_Parametric',$,(#7063));
#7063=IFCPROPERTYSINGLEVALUE('LayerSetDirection',$,IFCLABEL('AXIS2'),$);
#7064=IFCRELASSOCIATESMATERIAL('1B73BieJjFsQod2_X_RR39',$,$,$,(#7061),#7065);
#7065=IFCMATERIALLAYERSET((#7066),$,$);
#7066=IFCMATERIALLAYER(#81,0.10000000000000001,$,$,$,$,$);
#7067=IFCWALL('3bqecdhNH9wwvdYg5aMnR1',$,'Wall',$,$,#10013,#7074,$,$);
#7068=IFCRELDEFINESBYTYPE('08r51K7MzDyuTo5OfJ3eDO',$,$,$,(#7067),#7061);
#7069=IFCMATERIALLAYERSETUSAGE(#7065,.AXIS2.,.POSITIVE.,0.,$);
#7070=IFCRELASSOCIATESMATERIAL('1eqLh1k6T2UvHkjwmuB_hr',$,$,$,(#7067),#7069);
#7074=IFCPRODUCTDEFINITIONSHAPE($,$,(#7151,#7148));
#7090=IFCPROPERTYSET('0t9L6aF010Uu54PfRTVfre',$,'EPset_Parametric',$,(#7092));
#7091=IFCRELDEFINESBYPROPERTIES('1IUJapISnASvgZfZ71Canp',$,$,$,(#7067),#7090);
#7092=IFCPROPERTYSINGLEVALUE('Engine',$,IFCLABEL('Bonsai.DumbLayer2'),$);
#7106=IFCRELCONNECTSPATHELEMENTS('07F8xmAQP5zuOeBzKAH7V1',$,$,$,$,#7067,#6814,(),(),.ATPATH.,.ATSTART.);
#7125=IFCCARTESIANPOINTLIST2D(((0.,0.),(0.,0.10000000000000001),(6.9514852123481035,0.10000000000000001),(6.9514852123481035,0.)));
#7126=IFCINDEXEDPOLYCURVE(#7125,(IFCLINEINDEX((1,2,3,4,1))),$);
#7127=IFCARBITRARYCLOSEDPROFILEDEF(.AREA.,$,#7126);
#7128=IFCCARTESIANPOINT((0.,0.,0.));
#7129=IFCDIRECTION((0.,0.,1.));
#7130=IFCDIRECTION((1.,0.,0.));
#7131=IFCAXIS2PLACEMENT3D(#7128,#7129,#7130);
#7132=IFCDIRECTION((0.,0.,1.));
#7133=IFCEXTRUDEDAREASOLID(#7127,#7131,#7132,3.);
#7134=IFCSHAPEREPRESENTATION(#11,'Body','SweptSolid',(#7133));
#7135=IFCCARTESIANPOINTLIST2D(((0.,0.),(6.9514852123481035,0.)));
#7136=IFCINDEXEDPOLYCURVE(#7135,$,$);
#7137=IFCSHAPEREPRESENTATION(#23,'Axis','Curve2D',(#7136));
#7138=IFCRELCONNECTSPATHELEMENTS('0mVzYtWBrC7f08JhYWFljB',$,$,$,$,#7067,#6220,(),(),.ATPATH.,.ATEND.);
#7139=IFCCARTESIANPOINTLIST2D(((0.10000078131239801,0.),(0.099605480047474632,0.10000000000000001),(3.5115563476140155,0.10000000000000001),(3.5115563639060832,0.)));
#7140=IFCINDEXEDPOLYCURVE(#7139,(IFCLINEINDEX((1,2,3,4,1))),$);
#7141=IFCARBITRARYCLOSEDPROFILEDEF(.AREA.,$,#7140);
#7142=IFCCARTESIANPOINT((0.,0.,0.));
#7143=IFCDIRECTION((0.,0.,1.));
#7144=IFCDIRECTION((1.,0.,0.));
#7145=IFCAXIS2PLACEMENT3D(#7142,#7143,#7144);
#7146=IFCDIRECTION((0.,0.,1.));
#7147=IFCEXTRUDEDAREASOLID(#7141,#7145,#7146,3.);
#7148=IFCSHAPEREPRESENTATION(#11,'Body','SweptSolid',(#7147));
#7149=IFCCARTESIANPOINTLIST2D(((0.,0.),(3.6115563639060846,0.)));
#7150=IFCINDEXEDPOLYCURVE(#7149,$,$);
#7151=IFCSHAPEREPRESENTATION(#23,'Axis','Curve2D',(#7150));
#7152=IFCCARTESIANPOINTLIST2D(((0.,0.),(0.10000004649123768,0.10000000000000001),(7.0514320965514266,0.10000000000000001),(7.151432089001637,0.)));
#7153=IFCINDEXEDPOLYCURVE(#7152,(IFCLINEINDEX((1,2,3,4,1))),$);
#7154=IFCARBITRARYCLOSEDPROFILEDEF(.AREA.,$,#7153);
#7155=IFCCARTESIANPOINT((0.,0.,0.));
#7156=IFCDIRECTION((0.,0.,1.));
#7157=IFCDIRECTION((1.,0.,0.));
#7158=IFCAXIS2PLACEMENT3D(#7155,#7156,#7157);
#7159=IFCDIRECTION((0.,0.,1.));
#7160=IFCEXTRUDEDAREASOLID(#7154,#7158,#7159,3.);
#7161=IFCSHAPEREPRESENTATION(#11,'Body','SweptSolid',(#7160));
#7162=IFCCARTESIANPOINTLIST2D(((0.,0.),(7.151432089001637,0.)));
#7163=IFCINDEXEDPOLYCURVE(#7162,$,$);
#7164=IFCSHAPEREPRESENTATION(#23,'Axis','Curve2D',(#7163));
#7165=IFCDOORTYPE('171xSaIcfD5uoY_aGDa4qZ',$,'TerraceDoor',$,$,(#7166),(#7168,#7176,#7254),$,$,.DOOR.,.SINGLE_SWING_LEFT.,$,$);
#7166=IFCPROPERTYSET('0XwmIp1BzCyRAwbhJWUW1v',$,'BBIM_Door',$,(#7167));
#7167=IFCPROPERTYSINGLEVALUE('Data',$,IFCTEXT('{"door_type": "SINGLE_SWING_LEFT", "overall_height": 2.0, "overall_width": 0.8999999761581421, "lining_properties": {"lining_depth": 0.05000000074505806, "lining_thickness": 0.05000000074505806, "lining_offset": 0.0, "lining_to_panel_offset_x": 0.02500000037252903, "lining_to_panel_offset_y": 0.02500000037252903, "transom_thickness": 0.0, "casing_thickness": 0.07500000298023224, "casing_depth": 0.004999999888241291, "threshold_thickness": 0.02500000037252903, "threshold_depth": 0.10000000149011612, "threshold_offset": 0.0}, "panel_properties": {"panel_depth": 0.03500000014901161, "panel_width_ratio": 1.0}}'),$);
#7168=IFCREPRESENTATIONMAP(#7169,#10434);
#7169=IFCAXIS2PLACEMENT3D(#7170,#7171,#7172);
#7170=IFCCARTESIANPOINT((0.,0.,0.));
#7171=IFCDIRECTION((0.,0.,1.));
#7172=IFCDIRECTION((1.,0.,0.));
#7176=IFCREPRESENTATIONMAP(#7177,#10507);
#7177=IFCAXIS2PLACEMENT3D(#7178,#7179,#7180);
#7178=IFCCARTESIANPOINT((0.,0.,0.));
#7179=IFCDIRECTION((0.,0.,1.));
#7180=IFCDIRECTION((1.,0.,0.));
#7254=IFCREPRESENTATIONMAP(#7255,#10521);
#7255=IFCAXIS2PLACEMENT3D(#7256,#7257,#7258);
#7256=IFCCARTESIANPOINT((0.,0.,0.));
#7257=IFCDIRECTION((0.,0.,1.));
#7258=IFCDIRECTION((1.,0.,0.));
#7273=IFCDOOR('2Gc1Y4pCD8_hoUKcT7naER',$,'Door',$,$,#10546,#7282,$,2.,0.89999997615814209,$,.SINGLE_SWING_LEFT.,$);
#7274=IFCRELDEFINESBYTYPE('25sAAzoADEWv3CqRoWbF8k',$,$,$,(#7273),#7165);
#7275=IFCCARTESIANPOINT((0.,0.,0.));
#7276=IFCDIRECTION((1.,0.,0.));
#7277=IFCDIRECTION((0.,1.,0.));
#7278=IFCDIRECTION((0.,0.,1.));
#7279=IFCCARTESIANTRANSFORMATIONOPERATOR3D(#7276,#7277,#7275,1.,#7278);
#7280=IFCMAPPEDITEM(#7168,#7279);
#7281=IFCSHAPEREPRESENTATION(#18,'Profile','MappedRepresentation',(#7280));
#7282=IFCPRODUCTDEFINITIONSHAPE($,$,(#7281,#7289,#7296));
#7283=IFCCARTESIANPOINT((0.,0.,0.));
#7284=IFCDIRECTION((1.,0.,0.));
#7285=IFCDIRECTION((0.,1.,0.));
#7286=IFCDIRECTION((0.,0.,1.));
#7287=IFCCARTESIANTRANSFORMATIONOPERATOR3D(#7284,#7285,#7283,1.,#7286);
#7288=IFCMAPPEDITEM(#7176,#7287);
#7289=IFCSHAPEREPRESENTATION(#11,'Body','MappedRepresentation',(#7288));
#7290=IFCCARTESIANPOINT((0.,0.,0.));
#7291=IFCDIRECTION((1.,0.,0.));
#7292=IFCDIRECTION((0.,1.,0.));
#7293=IFCDIRECTION((0.,0.,1.));
#7294=IFCCARTESIANTRANSFORMATIONOPERATOR3D(#7291,#7292,#7290,1.,#7293);
#7295=IFCMAPPEDITEM(#7254,#7294);
#7296=IFCSHAPEREPRESENTATION(#24,'Body','MappedRepresentation',(#7295));
#7297=IFCOPENINGELEMENT('0XO10ZqMvASeLwbgWmgVxz',$,'Opening',$,$,#10541,#7325,$,.OPENING.);
#7313=IFCCARTESIANPOINT((0.,0.,0.));
#7314=IFCDIRECTION((1.,0.,0.));
#7315=IFCDIRECTION((0.,0.,1.));
#7316=IFCAXIS2PLACEMENT3D(#7313,#7315,#7314);
#7317=IFCREPRESENTATIONMAP(#7316,#10531);
#7318=IFCCARTESIANPOINT((0.,0.,0.));
#7319=IFCDIRECTION((1.,0.,0.));
#7320=IFCDIRECTION((0.,1.,0.));
#7321=IFCDIRECTION((0.,0.,1.));
#7322=IFCCARTESIANTRANSFORMATIONOPERATOR3D(#7319,#7320,#7318,1.,#7321);
#7323=IFCMAPPEDITEM(#7317,#7322);
#7324=IFCSHAPEREPRESENTATION(#11,'Body','MappedRepresentation',(#7323));
#7325=IFCPRODUCTDEFINITIONSHAPE($,$,(#7324));
#7326=IFCRELVOIDSELEMENT('0ZCHVy7b5DivN1h6cOQodx',$,$,$,#6295,#7297);
#7332=IFCRELFILLSELEMENT('2iaHGD9kvC3hrOGkUPJGwH',$,$,$,#7297,#7273);
#7338=IFCDOORTYPE('1pDIQV4fXANw4EGeb3Hlo5',$,'TerBedroomDoor2F',$,$,(#7339),(#7341,#7349,#7427),$,$,.DOOR.,.SINGLE_SWING_LEFT.,$,$);
#7339=IFCPROPERTYSET('2DSOug3zHFSBXKZgCkQX$o',$,'BBIM_Door',$,(#7340));
#7340=IFCPROPERTYSINGLEVALUE('Data',$,IFCTEXT('{"door_type": "SINGLE_SWING_LEFT", "overall_height": 2.0, "overall_width": 0.8999999761581421, "lining_properties": {"lining_depth": 0.05000000074505806, "lining_thickness": 0.05000000074505806, "lining_offset": 0.0, "lining_to_panel_offset_x": 0.02500000037252903, "lining_to_panel_offset_y": 0.02500000037252903, "transom_thickness": 0.0, "casing_thickness": 0.07500000298023224, "casing_depth": 0.004999999888241291, "threshold_thickness": 0.02500000037252903, "threshold_depth": 0.10000000149011612, "threshold_offset": 0.0}, "panel_properties": {"panel_depth": 0.03500000014901161, "panel_width_ratio": 1.0}}'),$);
#7341=IFCREPRESENTATIONMAP(#7342,#7346);
#7342=IFCAXIS2PLACEMENT3D(#7343,#7344,#7345);
#7343=IFCCARTESIANPOINT((0.,0.,0.));
#7344=IFCDIRECTION((0.,0.,1.));
#7345=IFCDIRECTION((1.,0.,0.));
#7346=IFCSHAPEREPRESENTATION(#18,'Profile','Curve3D',(#7347));
#7347=IFCINDEXEDPOLYCURVE(#7348,(IFCLINEINDEX((1,2,3,4,1))),$);
#7348=IFCCARTESIANPOINTLIST3D(((0.,0.,0.),(0.89999997615814209,0.,0.),(0.89999997615814209,0.,2.),(0.,0.,2.)));
#7349=IFCREPRESENTATIONMAP(#7350,#7354);
#7350=IFCAXIS2PLACEMENT3D(#7351,#7352,#7353);
#7351=IFCCARTESIANPOINT((0.,0.,0.));
#7352=IFCDIRECTION((0.,0.,1.));
#7353=IFCDIRECTION((1.,0.,0.));
#7354=IFCSHAPEREPRESENTATION(#11,'Body','SweptSolid',(#7355,#7364,#7373,#7382,#7391,#7400,#7409,#7418));
#7355=IFCEXTRUDEDAREASOLID(#7356,#7359,#7363,0.02500000037252903);
#7356=IFCARBITRARYCLOSEDPROFILEDEF(.AREA.,$,#7357);
#7357=IFCINDEXEDPOLYCURVE(#7358,(IFCLINEINDEX((1,2,3,4,5,6,7,8,1))),$);
#7358=IFCCARTESIANPOINTLIST2D(((0.,0.),(0.,2.),(0.89999997615814209,2.),(0.89999997615814209,0.),(0.87499997578561306,0.),(0.87499997578561306,1.974999999627471),(0.02500000037252903,1.974999999627471),(0.02500000037252903,0.)));
#7359=IFCAXIS2PLACEMENT3D(#7360,#7361,#7362);
#7360=IFCCARTESIANPOINT((0.,0.02500000037252903,0.));
#7361=IFCDIRECTION((0.,-1.,0.));
#7362=IFCDIRECTION((1.,0.,0.));
#7363=IFCDIRECTION((0.,0.,-1.));
#7364=IFCEXTRUDEDAREASOLID(#7365,#7368,#7372,0.02500000037252903);
#7365=IFCARBITRARYCLOSEDPROFILEDEF(.AREA.,$,#7366);
#7366=IFCINDEXEDPOLYCURVE(#7367,(IFCLINEINDEX((1,2,3,4,5,6,7,8,1))),$);
#7367=IFCCARTESIANPOINTLIST2D(((0.,0.),(0.,2.),(0.89999997615814209,2.),(0.89999997615814209,0.),(0.84999997541308403,0.),(0.84999997541308403,1.9499999992549419),(0.05000000074505806,1.9499999992549419),(0.05000000074505806,0.)));
#7368=IFCAXIS2PLACEMENT3D(#7369,#7370,#7371);
#7369=IFCCARTESIANPOINT((0.,0.,0.));
#7370=IFCDIRECTION((0.,-1.,0.));
#7371=IFCDIRECTION((1.,0.,0.));
#7372=IFCDIRECTION((0.,0.,-1.));
#7373=IFCEXTRUDEDAREASOLID(#7374,#7377,#7381,1.9499999992549419);
#7374=IFCARBITRARYCLOSEDPROFILEDEF(.AREA.,$,#7375);
#7375=IFCINDEXEDPOLYCURVE(#7376,(IFCLINEINDEX((1,2,3,4,1))),$);
#7376=IFCCARTESIANPOINTLIST2D(((0.,0.),(0.84999997541308403,0.),(0.84999997541308403,0.035000000149011612),(0.,0.035000000149011612)));
#7377=IFCAXIS2PLACEMENT3D(#7378,#7379,#7380);
#7378=IFCCARTESIANPOINT((0.02500000037252903,0.02500000037252903,0.02500000037252903));
#7379=IFCDIRECTION((0.,0.,1.));
#7380=IFCDIRECTION((1.,0.,0.));
#7381=IFCDIRECTION((0.,0.,1.));
#7382=IFCEXTRUDEDAREASOLID(#7383,#7386,#7390,0.02);
#7383=IFCARBITRARYCLOSEDPROFILEDEF(.AREA.,$,#7384);
#7384=IFCINDEXEDPOLYCURVE(#7385,(IFCLINEINDEX((1,2,3,4,5,6,1))),$);
#7385=IFCCARTESIANPOINTLIST2D(((0.,0.),(0.,-0.040000000000000001),(-0.11999999999999988,-0.040000000000000001),(-0.11999999999999988,-0.02),(-0.020000000000000018,-0.02),(-0.020000000000000018,0.)));
#7386=IFCAXIS2PLACEMENT3D(#7387,#7388,#7389);
#7387=IFCCARTESIANPOINT((0.82499997578561302,0.02500000037252903,1.015000000372529));
#7388=IFCDIRECTION((0.,0.,1.));
#7389=IFCDIRECTION((1.,0.,0.));
#7390=IFCDIRECTION((0.,0.,1.));
#7391=IFCEXTRUDEDAREASOLID(#7392,#7395,#7399,0.02);
#7392=IFCARBITRARYCLOSEDPROFILEDEF(.AREA.,$,#7393);
#7393=IFCINDEXEDPOLYCURVE(#7394,(IFCLINEINDEX((1,2,3,4,5,6,1))),$);
#7394=IFCCARTESIANPOINTLIST2D(((0.,0.),(0.,0.040000000000000008),(-0.11999999999999988,0.040000000000000008),(-0.11999999999999988,0.020000000000000004),(-0.020000000000000018,0.020000000000000004),(-0.020000000000000018,0.)));
#7395=IFCAXIS2PLACEMENT3D(#7396,#7397,#7398);
#7396=IFCCARTESIANPOINT((0.82499997578561302,0.060000000521540642,1.015000000372529));
#7397=IFCDIRECTION((0.,0.,1.));
#7398=IFCDIRECTION((1.,0.,0.));
#7399=IFCDIRECTION((0.,0.,1.));
#7400=IFCEXTRUDEDAREASOLID(#7401,#7404,#7408,0.02500000037252903);
#7401=IFCARBITRARYCLOSEDPROFILEDEF(.AREA.,$,#7402);
#7402=IFCINDEXEDPOLYCURVE(#7403,(IFCLINEINDEX((1,2,3,4,1))),$);
#7403=IFCCARTESIANPOINTLIST2D(((0.,0.),(0.79999997466802597,0.),(0.79999997466802597,0.10000000149011612),(0.,0.10000000149011612)));
#7404=IFCAXIS2PLACEMENT3D(#7405,#7406,#7407);
#7405=IFCCARTESIANPOINT((0.05000000074505806,0.,0.));
#7406=IFCDIRECTION((0.,0.,1.));
#7407=IFCDIRECTION((1.,0.,0.));
#7408=IFCDIRECTION((0.,0.,1.));
#7409=IFCEXTRUDEDAREASOLID(#7410,#7413,#7417,0.004999999888241291);
#7410=IFCARBITRARYCLOSEDPROFILEDEF(.AREA.,$,#7411);
#7411=IFCINDEXEDPOLYCURVE(#7412,(IFCLINEINDEX((1,2,3,4,5,6,7,8,1))),$);
#7412=IFCCARTESIANPOINTLIST2D(((0.,0.),(0.,2.0250000022351742),(0.94999998062849045,2.0250000022351742),(0.94999998062849045,0.),(0.87499997764825821,0.),(0.87499997764825821,1.9499999992549419),(0.075000002980232239,1.9499999992549419),(0.075000002980232239,0.)));
#7413=IFCAXIS2PLACEMENT3D(#7414,#7415,#7416);
#7414=IFCCARTESIANPOINT((-0.025000002235174179,-0.004999999888241291,0.));
#7415=IFCDIRECTION((0.,-1.,0.));
#7416=IFCDIRECTION((1.,0.,0.));
#7417=IFCDIRECTION((0.,0.,-1.));
#7418=IFCEXTRUDEDAREASOLID(#7419,#7422,#7426,0.004999999888241291);
#7419=IFCARBITRARYCLOSEDPROFILEDEF(.AREA.,$,#7420);
#7420=IFCINDEXEDPOLYCURVE(#7421,(IFCLINEINDEX((1,2,3,4,5,6,7,8,1))),$);
#7421=IFCCARTESIANPOINTLIST2D(((0.,0.),(0.,2.0250000022351742),(0.94999998062849045,2.0250000022351742),(0.94999998062849045,0.),(0.89999997802078724,0.),(0.89999997802078724,1.974999999627471),(0.050000002607703209,1.974999999627471),(0.050000002607703209,0.)));
#7422=IFCAXIS2PLACEMENT3D(#7423,#7424,#7425);
#7423=IFCCARTESIANPOINT((-0.025000002235174179,0.05000000074505806,0.));
#7424=IFCDIRECTION((0.,-1.,0.));
#7425=IFCDIRECTION((1.,0.,0.));
#7426=IFCDIRECTION((0.,0.,-1.));
#7427=IFCREPRESENTATIONMAP(#7428,#7432);
#7428=IFCAXIS2PLACEMENT3D(#7429,#7430,#7431);
#7429=IFCCARTESIANPOINT((0.,0.,0.));
#7430=IFCDIRECTION((0.,0.,1.));
#7431=IFCDIRECTION((1.,0.,0.));
#7432=IFCSHAPEREPRESENTATION(#24,'Body','Curve2D',(#7433,#7435,#7437,#7444));
#7433=IFCINDEXEDPOLYCURVE(#7434,(IFCLINEINDEX((1,2,3,4,5,6,1))),$);
#7434=IFCCARTESIANPOINTLIST2D(((0.,0.),(0.,0.05000000074505806),(0.02500000037252903,0.05000000074505806),(0.02500000037252903,0.02500000037252903),(0.05000000074505806,0.02500000037252903),(0.05000000074505806,0.)));
#7435=IFCINDEXEDPOLYCURVE(#7436,(IFCLINEINDEX((1,2,3,4,5,6,1))),$);
#7436=IFCCARTESIANPOINTLIST2D(((0.89999997615814209,0.),(0.89999997615814209,0.05000000074505806),(0.87499997578561306,0.05000000074505806),(0.87499997578561306,0.02500000037252903),(0.84999997541308403,0.02500000037252903),(0.84999997541308403,0.)));
#7437=IFCTRIMMEDCURVE(#7438,(#7442),(#7443),.T.,.CARTESIAN.);
#7438=IFCELLIPSE(#7439,0.81499997526407242,0.84999997541308403);
#7439=IFCAXIS2PLACEMENT2D(#7440,#7441);
#7440=IFCCARTESIANPOINT((0.060000000521540642,0.05000000074505806));
#7441=IFCDIRECTION((1.,0.));
#7442=IFCCARTESIANPOINT((0.87499997578561306,0.05000000074505806));
#7443=IFCCARTESIANPOINT((0.060000000521540642,0.89999997615814209));
#7444=IFCINDEXEDPOLYCURVE(#7445,(IFCLINEINDEX((1,2,3,4,1))),$);
#7445=IFCCARTESIANPOINTLIST2D(((0.02500000037252903,0.05000000074505806),(0.060000000521540642,0.05000000074505806),(0.060000000521540642,0.89999997615814209),(0.02500000037252903,0.89999997615814209)));
#7446=IFCDOOR('0pRKX5MQ52df62RazMIHNt',$,'Door',$,$,#7510,#7455,$,2.,0.89999997615814209,$,$,$);
#7447=IFCRELDEFINESBYTYPE('0RPG58Sq5Dzhd79DnxtYvJ',$,$,$,(#7446),#7338);
#7448=IFCCARTESIANPOINT((0.,0.,0.));
#7449=IFCDIRECTION((1.,0.,0.));
#7450=IFCDIRECTION((0.,1.,0.));
#7451=IFCDIRECTION((0.,0.,1.));
#7452=IFCCARTESIANTRANSFORMATIONOPERATOR3D(#7449,#7450,#7448,1.,#7451);
#7453=IFCMAPPEDITEM(#7341,#7452);
#7454=IFCSHAPEREPRESENTATION(#18,'Profile','MappedRepresentation',(#7453));
#7455=IFCPRODUCTDEFINITIONSHAPE($,$,(#7454,#7462,#7469));
#7456=IFCCARTESIANPOINT((0.,0.,0.));
#7457=IFCDIRECTION((1.,0.,0.));
#7458=IFCDIRECTION((0.,1.,0.));
#7459=IFCDIRECTION((0.,0.,1.));
#7460=IFCCARTESIANTRANSFORMATIONOPERATOR3D(#7457,#7458,#7456,1.,#7459);
#7461=IFCMAPPEDITEM(#7349,#7460);
#7462=IFCSHAPEREPRESENTATION(#11,'Body','MappedRepresentation',(#7461));
#7463=IFCCARTESIANPOINT((0.,0.,0.));
#7464=IFCDIRECTION((1.,0.,0.));
#7465=IFCDIRECTION((0.,1.,0.));
#7466=IFCDIRECTION((0.,0.,1.));
#7467=IFCCARTESIANTRANSFORMATIONOPERATOR3D(#7464,#7465,#7463,1.,#7466);
#7468=IFCMAPPEDITEM(#7427,#7467);
#7469=IFCSHAPEREPRESENTATION(#24,'Body','MappedRepresentation',(#7468));
#7470=IFCOPENINGELEMENT('2HJU7ILUDE$vOb_Pi37pXp',$,'Opening',$,$,#7504,#7498,$,.OPENING.);
#7476=IFCCARTESIANPOINTLIST2D(((0.,0.),(0.89999997615814209,0.),(0.89999997615814209,2.),(0.,2.)));
#7477=IFCINDEXEDPOLYCURVE(#7476,(IFCLINEINDEX((1,2,3,4,1))),$);
#7478=IFCARBITRARYCLOSEDPROFILEDEF(.AREA.,$,#7477);
#7479=IFCCARTESIANPOINT((0.,-0.60000002384185791,0.));
#7480=IFCDIRECTION((0.,-1.,0.));
#7481=IFCDIRECTION((1.,0.,0.));
#7482=IFCAXIS2PLACEMENT3D(#7479,#7480,#7481);
#7483=IFCDIRECTION((0.,0.,-1.));
#7484=IFCEXTRUDEDAREASOLID(#7478,#7482,#7483,1.2);
#7485=IFCSHAPEREPRESENTATION(#11,'Body','SweptSolid',(#7484));
#7486=IFCCARTESIANPOINT((0.,0.,0.));
#7487=IFCDIRECTION((1.,0.,0.));
#7488=IFCDIRECTION((0.,0.,1.));
#7489=IFCAXIS2PLACEMENT3D(#7486,#7488,#7487);
#7490=IFCREPRESENTATIONMAP(#7489,#7485);
#7491=IFCCARTESIANPOINT((0.,0.,0.));
#7492=IFCDIRECTION((1.,0.,0.));
#7493=IFCDIRECTION((0.,1.,0.));
#7494=IFCDIRECTION((0.,0.,1.));
#7495=IFCCARTESIANTRANSFORMATIONOPERATOR3D(#7492,#7493,#7491,1.,#7494);
#7496=IFCMAPPEDITEM(#7490,#7495);
#7497=IFCSHAPEREPRESENTATION(#11,'Body','MappedRepresentation',(#7496));
#7498=IFCPRODUCTDEFINITIONSHAPE($,$,(#7497));
#7499=IFCRELVOIDSELEMENT('3FKzr7ul91D9Ic42iECLKI',$,$,$,#6859,#7470);
#7500=IFCCARTESIANPOINT((3.7126581640389116,0.10000001039352902,0.));
#7501=IFCDIRECTION((0.,0.,1.));
#7502=IFCDIRECTION((-0.99999999999999611,8.7422790784314003E-08,0.));
#7503=IFCAXIS2PLACEMENT3D(#7500,#7501,#7502);
#7504=IFCLOCALPLACEMENT(#10003,#7503);
#7505=IFCRELFILLSELEMENT('3o0hu609f9UgirhqsaWu1m',$,$,$,#7470,#7446);
#7506=IFCCARTESIANPOINT((0.,1.1102230246251565E-16,0.));
#7507=IFCDIRECTION((0.,0.,1.));
#7508=IFCDIRECTION((0.99999999999999989,0.,0.));
#7509=IFCAXIS2PLACEMENT3D(#7506,#7507,#7508);
#7510=IFCLOCALPLACEMENT(#7504,#7509);
#7511=IFCDOORTYPE('03PSgQBsvEKfMXaFdv9xqv',$,'MastersDoor2F',$,$,(#7512),(#7514,#7522,#7600),$,$,.DOOR.,.SINGLE_SWING_LEFT.,$,$);
#7512=IFCPROPERTYSET('3mdgjPgDXArQkQbIu2Ewek',$,'BBIM_Door',$,(#7513));
#7513=IFCPROPERTYSINGLEVALUE('Data',$,IFCTEXT('{"door_type": "SINGLE_SWING_LEFT", "overall_height": 2.0, "overall_width": 0.8999999761581421, "lining_properties": {"lining_depth": 0.05000000074505806, "lining_thickness": 0.05000000074505806, "lining_offset": 0.0, "lining_to_panel_offset_x": 0.02500000037252903, "lining_to_panel_offset_y": 0.02500000037252903, "transom_thickness": 0.0, "casing_thickness": 0.07500000298023224, "casing_depth": 0.004999999888241291, "threshold_thickness": 0.02500000037252903, "threshold_depth": 0.10000000149011612, "threshold_offset": 0.0}, "panel_properties": {"panel_depth": 0.03500000014901161, "panel_width_ratio": 1.0}}'),$);
#7514=IFCREPRESENTATIONMAP(#7515,#7519);
#7515=IFCAXIS2PLACEMENT3D(#7516,#7517,#7518);
#7516=IFCCARTESIANPOINT((0.,0.,0.));
#7517=IFCDIRECTION((0.,0.,1.));
#7518=IFCDIRECTION((1.,0.,0.));
#7519=IFCSHAPEREPRESENTATION(#18,'Profile','Curve3D',(#7520));
#7520=IFCINDEXEDPOLYCURVE(#7521,(IFCLINEINDEX((1,2,3,4,1))),$);
#7521=IFCCARTESIANPOINTLIST3D(((0.,0.,0.),(0.89999997615814209,0.,0.),(0.89999997615814209,0.,2.),(0.,0.,2.)));
#7522=IFCREPRESENTATIONMAP(#7523,#7527);
#7523=IFCAXIS2PLACEMENT3D(#7524,#7525,#7526);
#7524=IFCCARTESIANPOINT((0.,0.,0.));
#7525=IFCDIRECTION((0.,0.,1.));
#7526=IFCDIRECTION((1.,0.,0.));
#7527=IFCSHAPEREPRESENTATION(#11,'Body','SweptSolid',(#7528,#7537,#7546,#7555,#7564,#7573,#7582,#7591));
#7528=IFCEXTRUDEDAREASOLID(#7529,#7532,#7536,0.02500000037252903);
#7529=IFCARBITRARYCLOSEDPROFILEDEF(.AREA.,$,#7530);
#7530=IFCINDEXEDPOLYCURVE(#7531,(IFCLINEINDEX((1,2,3,4,5,6,7,8,1))),$);
#7531=IFCCARTESIANPOINTLIST2D(((0.,0.),(0.,2.),(0.89999997615814209,2.),(0.89999997615814209,0.),(0.87499997578561306,0.),(0.87499997578561306,1.974999999627471),(0.02500000037252903,1.974999999627471),(0.02500000037252903,0.)));
#7532=IFCAXIS2PLACEMENT3D(#7533,#7534,#7535);
#7533=IFCCARTESIANPOINT((0.,0.02500000037252903,0.));
#7534=IFCDIRECTION((0.,-1.,0.));
#7535=IFCDIRECTION((1.,0.,0.));
#7536=IFCDIRECTION((0.,0.,-1.));
#7537=IFCEXTRUDEDAREASOLID(#7538,#7541,#7545,0.02500000037252903);
#7538=IFCARBITRARYCLOSEDPROFILEDEF(.AREA.,$,#7539);
#7539=IFCINDEXEDPOLYCURVE(#7540,(IFCLINEINDEX((1,2,3,4,5,6,7,8,1))),$);
#7540=IFCCARTESIANPOINTLIST2D(((0.,0.),(0.,2.),(0.89999997615814209,2.),(0.89999997615814209,0.),(0.84999997541308403,0.),(0.84999997541308403,1.9499999992549419),(0.05000000074505806,1.9499999992549419),(0.05000000074505806,0.)));
#7541=IFCAXIS2PLACEMENT3D(#7542,#7543,#7544);
#7542=IFCCARTESIANPOINT((0.,0.,0.));
#7543=IFCDIRECTION((0.,-1.,0.));
#7544=IFCDIRECTION((1.,0.,0.));
#7545=IFCDIRECTION((0.,0.,-1.));
#7546=IFCEXTRUDEDAREASOLID(#7547,#7550,#7554,1.9499999992549419);
#7547=IFCARBITRARYCLOSEDPROFILEDEF(.AREA.,$,#7548);
#7548=IFCINDEXEDPOLYCURVE(#7549,(IFCLINEINDEX((1,2,3,4,1))),$);
#7549=IFCCARTESIANPOINTLIST2D(((0.,0.),(0.84999997541308403,0.),(0.84999997541308403,0.035000000149011612),(0.,0.035000000149011612)));
#7550=IFCAXIS2PLACEMENT3D(#7551,#7552,#7553);
#7551=IFCCARTESIANPOINT((0.02500000037252903,0.02500000037252903,0.02500000037252903));
#7552=IFCDIRECTION((0.,0.,1.));
#7553=IFCDIRECTION((1.,0.,0.));
#7554=IFCDIRECTION((0.,0.,1.));
#7555=IFCEXTRUDEDAREASOLID(#7556,#7559,#7563,0.02);
#7556=IFCARBITRARYCLOSEDPROFILEDEF(.AREA.,$,#7557);
#7557=IFCINDEXEDPOLYCURVE(#7558,(IFCLINEINDEX((1,2,3,4,5,6,1))),$);
#7558=IFCCARTESIANPOINTLIST2D(((0.,0.),(0.,-0.040000000000000001),(-0.11999999999999988,-0.040000000000000001),(-0.11999999999999988,-0.02),(-0.020000000000000018,-0.02),(-0.020000000000000018,0.)));
#7559=IFCAXIS2PLACEMENT3D(#7560,#7561,#7562);
#7560=IFCCARTESIANPOINT((0.82499997578561302,0.02500000037252903,1.015000000372529));
#7561=IFCDIRECTION((0.,0.,1.));
#7562=IFCDIRECTION((1.,0.,0.));
#7563=IFCDIRECTION((0.,0.,1.));
#7564=IFCEXTRUDEDAREASOLID(#7565,#7568,#7572,0.02);
#7565=IFCARBITRARYCLOSEDPROFILEDEF(.AREA.,$,#7566);
#7566=IFCINDEXEDPOLYCURVE(#7567,(IFCLINEINDEX((1,2,3,4,5,6,1))),$);
#7567=IFCCARTESIANPOINTLIST2D(((0.,0.),(0.,0.040000000000000008),(-0.11999999999999988,0.040000000000000008),(-0.11999999999999988,0.020000000000000004),(-0.020000000000000018,0.020000000000000004),(-0.020000000000000018,0.)));
#7568=IFCAXIS2PLACEMENT3D(#7569,#7570,#7571);
#7569=IFCCARTESIANPOINT((0.82499997578561302,0.060000000521540642,1.015000000372529));
#7570=IFCDIRECTION((0.,0.,1.));
#7571=IFCDIRECTION((1.,0.,0.));
#7572=IFCDIRECTION((0.,0.,1.));
#7573=IFCEXTRUDEDAREASOLID(#7574,#7577,#7581,0.02500000037252903);
#7574=IFCARBITRARYCLOSEDPROFILEDEF(.AREA.,$,#7575);
#7575=IFCINDEXEDPOLYCURVE(#7576,(IFCLINEINDEX((1,2,3,4,1))),$);
#7576=IFCCARTESIANPOINTLIST2D(((0.,0.),(0.79999997466802597,0.),(0.79999997466802597,0.10000000149011612),(0.,0.10000000149011612)));
#7577=IFCAXIS2PLACEMENT3D(#7578,#7579,#7580);
#7578=IFCCARTESIANPOINT((0.05000000074505806,0.,0.));
#7579=IFCDIRECTION((0.,0.,1.));
#7580=IFCDIRECTION((1.,0.,0.));
#7581=IFCDIRECTION((0.,0.,1.));
#7582=IFCEXTRUDEDAREASOLID(#7583,#7586,#7590,0.004999999888241291);
#7583=IFCARBITRARYCLOSEDPROFILEDEF(.AREA.,$,#7584);
#7584=IFCINDEXEDPOLYCURVE(#7585,(IFCLINEINDEX((1,2,3,4,5,6,7,8,1))),$);
#7585=IFCCARTESIANPOINTLIST2D(((0.,0.),(0.,2.0250000022351742),(0.94999998062849045,2.0250000022351742),(0.94999998062849045,0.),(0.87499997764825821,0.),(0.87499997764825821,1.9499999992549419),(0.075000002980232239,1.9499999992549419),(0.075000002980232239,0.)));
#7586=IFCAXIS2PLACEMENT3D(#7587,#7588,#7589);
#7587=IFCCARTESIANPOINT((-0.025000002235174179,-0.004999999888241291,0.));
#7588=IFCDIRECTION((0.,-1.,0.));
#7589=IFCDIRECTION((1.,0.,0.));
#7590=IFCDIRECTION((0.,0.,-1.));
#7591=IFCEXTRUDEDAREASOLID(#7592,#7595,#7599,0.004999999888241291);
#7592=IFCARBITRARYCLOSEDPROFILEDEF(.AREA.,$,#7593);
#7593=IFCINDEXEDPOLYCURVE(#7594,(IFCLINEINDEX((1,2,3,4,5,6,7,8,1))),$);
#7594=IFCCARTESIANPOINTLIST2D(((0.,0.),(0.,2.0250000022351742),(0.94999998062849045,2.0250000022351742),(0.94999998062849045,0.),(0.89999997802078724,0.),(0.89999997802078724,1.974999999627471),(0.050000002607703209,1.974999999627471),(0.050000002607703209,0.)));
#7595=IFCAXIS2PLACEMENT3D(#7596,#7597,#7598);
#7596=IFCCARTESIANPOINT((-0.025000002235174179,0.05000000074505806,0.));
#7597=IFCDIRECTION((0.,-1.,0.));
#7598=IFCDIRECTION((1.,0.,0.));
#7599=IFCDIRECTION((0.,0.,-1.));
#7600=IFCREPRESENTATIONMAP(#7601,#7605);
#7601=IFCAXIS2PLACEMENT3D(#7602,#7603,#7604);
#7602=IFCCARTESIANPOINT((0.,0.,0.));
#7603=IFCDIRECTION((0.,0.,1.));
#7604=IFCDIRECTION((1.,0.,0.));
#7605=IFCSHAPEREPRESENTATION(#24,'Body','Curve2D',(#7606,#7608,#7610,#7617));
#7606=IFCINDEXEDPOLYCURVE(#7607,(IFCLINEINDEX((1,2,3,4,5,6,1))),$);
#7607=IFCCARTESIANPOINTLIST2D(((0.,0.),(0.,0.05000000074505806),(0.02500000037252903,0.05000000074505806),(0.02500000037252903,0.02500000037252903),(0.05000000074505806,0.02500000037252903),(0.05000000074505806,0.)));
#7608=IFCINDEXEDPOLYCURVE(#7609,(IFCLINEINDEX((1,2,3,4,5,6,1))),$);
#7609=IFCCARTESIANPOINTLIST2D(((0.89999997615814209,0.),(0.89999997615814209,0.05000000074505806),(0.87499997578561306,0.05000000074505806),(0.87499997578561306,0.02500000037252903),(0.84999997541308403,0.02500000037252903),(0.84999997541308403,0.)));
#7610=IFCTRIMMEDCURVE(#7611,(#7615),(#7616),.T.,.CARTESIAN.);
#7611=IFCELLIPSE(#7612,0.81499997526407242,0.84999997541308403);
#7612=IFCAXIS2PLACEMENT2D(#7613,#7614);
#7613=IFCCARTESIANPOINT((0.060000000521540642,0.05000000074505806));
#7614=IFCDIRECTION((1.,0.));
#7615=IFCCARTESIANPOINT((0.87499997578561306,0.05000000074505806));
#7616=IFCCARTESIANPOINT((0.060000000521540642,0.89999997615814209));
#7617=IFCINDEXEDPOLYCURVE(#7618,(IFCLINEINDEX((1,2,3,4,1))),$);
#7618=IFCCARTESIANPOINTLIST2D(((0.02500000037252903,0.05000000074505806),(0.060000000521540642,0.05000000074505806),(0.060000000521540642,0.89999997615814209),(0.02500000037252903,0.89999997615814209)));
#7619=IFCDOOR('2pFIi78j5EFfWSrRAwaw2g',$,'Door',$,$,#7683,#7628,$,2.,0.89999997615814209,$,$,$);
#7620=IFCRELDEFINESBYTYPE('3Fk5sIPkX32fw3WC$rkMC8',$,$,$,(#7619),#7511);
#7621=IFCCARTESIANPOINT((0.,0.,0.));
#7622=IFCDIRECTION((1.,0.,0.));
#7623=IFCDIRECTION((0.,1.,0.));
#7624=IFCDIRECTION((0.,0.,1.));
#7625=IFCCARTESIANTRANSFORMATIONOPERATOR3D(#7622,#7623,#7621,1.,#7624);
#7626=IFCMAPPEDITEM(#7514,#7625);
#7627=IFCSHAPEREPRESENTATION(#18,'Profile','MappedRepresentation',(#7626));
#7628=IFCPRODUCTDEFINITIONSHAPE($,$,(#7627,#7635,#7642));
#7629=IFCCARTESIANPOINT((0.,0.,0.));
#7630=IFCDIRECTION((1.,0.,0.));
#7631=IFCDIRECTION((0.,1.,0.));
#7632=IFCDIRECTION((0.,0.,1.));
#7633=IFCCARTESIANTRANSFORMATIONOPERATOR3D(#7630,#7631,#7629,1.,#7632);
#7634=IFCMAPPEDITEM(#7522,#7633);
#7635=IFCSHAPEREPRESENTATION(#11,'Body','MappedRepresentation',(#7634));
#7636=IFCCARTESIANPOINT((0.,0.,0.));
#7637=IFCDIRECTION((1.,0.,0.));
#7638=IFCDIRECTION((0.,1.,0.));
#7639=IFCDIRECTION((0.,0.,1.));
#7640=IFCCARTESIANTRANSFORMATIONOPERATOR3D(#7637,#7638,#7636,1.,#7639);
#7641=IFCMAPPEDITEM(#7600,#7640);
#7642=IFCSHAPEREPRESENTATION(#24,'Body','MappedRepresentation',(#7641));
#7643=IFCOPENINGELEMENT('2VuRqTnBj3sR9AEBLPr4Dp',$,'Opening',$,$,#7677,#7671,$,.OPENING.);
#7649=IFCCARTESIANPOINTLIST2D(((0.,0.),(0.89999997615814209,0.),(0.89999997615814209,2.),(0.,2.)));
#7650=IFCINDEXEDPOLYCURVE(#7649,(IFCLINEINDEX((1,2,3,4,1))),$);
#7651=IFCARBITRARYCLOSEDPROFILEDEF(.AREA.,$,#7650);
#7652=IFCCARTESIANPOINT((0.,-0.60000002384185791,0.));
#7653=IFCDIRECTION((0.,-1.,0.));
#7654=IFCDIRECTION((1.,0.,0.));
#7655=IFCAXIS2PLACEMENT3D(#7652,#7653,#7654);
#7656=IFCDIRECTION((0.,0.,-1.));
#7657=IFCEXTRUDEDAREASOLID(#7651,#7655,#7656,1.2);
#7658=IFCSHAPEREPRESENTATION(#11,'Body','SweptSolid',(#7657));
#7659=IFCCARTESIANPOINT((0.,0.,0.));
#7660=IFCDIRECTION((1.,0.,0.));
#7661=IFCDIRECTION((0.,0.,1.));
#7662=IFCAXIS2PLACEMENT3D(#7659,#7661,#7660);
#7663=IFCREPRESENTATIONMAP(#7662,#7658);
#7664=IFCCARTESIANPOINT((0.,0.,0.));
#7665=IFCDIRECTION((1.,0.,0.));
#7666=IFCDIRECTION((0.,1.,0.));
#7667=IFCDIRECTION((0.,0.,1.));
#7668=IFCCARTESIANTRANSFORMATIONOPERATOR3D(#7665,#7666,#7664,1.,#7667);
#7669=IFCMAPPEDITEM(#7663,#7668);
#7670=IFCSHAPEREPRESENTATION(#11,'Body','MappedRepresentation',(#7669));
#7671=IFCPRODUCTDEFINITIONSHAPE($,$,(#7670));
#7672=IFCRELVOIDSELEMENT('2iyIZ8HTP88v6iqgm3JHSB',$,$,$,#6814,#7643);
#7673=IFCCARTESIANPOINT((3.8864782619056317,0.10000000639024864,0.));
#7674=IFCDIRECTION((0.,0.,1.));
#7675=IFCDIRECTION((-0.99999999999997879,2.0675199549364393E-07,0.));
#7676=IFCAXIS2PLACEMENT3D(#7673,#7674,#7675);
#7677=IFCLOCALPLACEMENT(#9998,#7676);
#7678=IFCRELFILLSELEMENT('2MMDExE1L1pvyis1_Mqacp',$,$,$,#7643,#7619);
#7679=IFCCARTESIANPOINT((-4.4408920985006262E-16,0.,0.));
#7680=IFCDIRECTION((0.,0.,1.));
#7681=IFCDIRECTION((1.0000000000000002,8.6736173798840355E-19,0.));
#7682=IFCAXIS2PLACEMENT3D(#7679,#7680,#7681);
#7683=IFCLOCALPLACEMENT(#7677,#7682);
#7684=IFCDOORTYPE('1o5AT1Jh9Btf8i9j0sPsk0',$,'BathroomDoor2F',$,$,(#7685),(#7687,#7695,#7773),$,$,.DOOR.,.SINGLE_SWING_LEFT.,$,$);
#7685=IFCPROPERTYSET('1QTnk4KjHAYuME7J4mxP9x',$,'BBIM_Door',$,(#7686));
#7686=IFCPROPERTYSINGLEVALUE('Data',$,IFCTEXT('{"door_type": "SINGLE_SWING_LEFT", "overall_height": 2.0, "overall_width": 0.8999999761581421, "lining_properties": {"lining_depth": 0.05000000074505806, "lining_thickness": 0.05000000074505806, "lining_offset": 0.0, "lining_to_panel_offset_x": 0.02500000037252903, "lining_to_panel_offset_y": 0.02500000037252903, "transom_thickness": 0.0, "casing_thickness": 0.07500000298023224, "casing_depth": 0.004999999888241291, "threshold_thickness": 0.02500000037252903, "threshold_depth": 0.10000000149011612, "threshold_offset": 0.0}, "panel_properties": {"panel_depth": 0.03500000014901161, "panel_width_ratio": 1.0}}'),$);
#7687=IFCREPRESENTATIONMAP(#7688,#7692);
#7688=IFCAXIS2PLACEMENT3D(#7689,#7690,#7691);
#7689=IFCCARTESIANPOINT((0.,0.,0.));
#7690=IFCDIRECTION((0.,0.,1.));
#7691=IFCDIRECTION((1.,0.,0.));
#7692=IFCSHAPEREPRESENTATION(#18,'Profile','Curve3D',(#7693));
#7693=IFCINDEXEDPOLYCURVE(#7694,(IFCLINEINDEX((1,2,3,4,1))),$);
#7694=IFCCARTESIANPOINTLIST3D(((0.,0.,0.),(0.89999997615814209,0.,0.),(0.89999997615814209,0.,2.),(0.,0.,2.)));
#7695=IFCREPRESENTATIONMAP(#7696,#7700);
#7696=IFCAXIS2PLACEMENT3D(#7697,#7698,#7699);
#7697=IFCCARTESIANPOINT((0.,0.,0.));
#7698=IFCDIRECTION((0.,0.,1.));
#7699=IFCDIRECTION((1.,0.,0.));
#7700=IFCSHAPEREPRESENTATION(#11,'Body','SweptSolid',(#7701,#7710,#7719,#7728,#7737,#7746,#7755,#7764));
#7701=IFCEXTRUDEDAREASOLID(#7702,#7705,#7709,0.02500000037252903);
#7702=IFCARBITRARYCLOSEDPROFILEDEF(.AREA.,$,#7703);
#7703=IFCINDEXEDPOLYCURVE(#7704,(IFCLINEINDEX((1,2,3,4,5,6,7,8,1))),$);
#7704=IFCCARTESIANPOINTLIST2D(((0.,0.),(0.,2.),(0.89999997615814209,2.),(0.89999997615814209,0.),(0.87499997578561306,0.),(0.87499997578561306,1.974999999627471),(0.02500000037252903,1.974999999627471),(0.02500000037252903,0.)));
#7705=IFCAXIS2PLACEMENT3D(#7706,#7707,#7708);
#7706=IFCCARTESIANPOINT((0.,0.02500000037252903,0.));
#7707=IFCDIRECTION((0.,-1.,0.));
#7708=IFCDIRECTION((1.,0.,0.));
#7709=IFCDIRECTION((0.,0.,-1.));
#7710=IFCEXTRUDEDAREASOLID(#7711,#7714,#7718,0.02500000037252903);
#7711=IFCARBITRARYCLOSEDPROFILEDEF(.AREA.,$,#7712);
#7712=IFCINDEXEDPOLYCURVE(#7713,(IFCLINEINDEX((1,2,3,4,5,6,7,8,1))),$);
#7713=IFCCARTESIANPOINTLIST2D(((0.,0.),(0.,2.),(0.89999997615814209,2.),(0.89999997615814209,0.),(0.84999997541308403,0.),(0.84999997541308403,1.9499999992549419),(0.05000000074505806,1.9499999992549419),(0.05000000074505806,0.)));
#7714=IFCAXIS2PLACEMENT3D(#7715,#7716,#7717);
#7715=IFCCARTESIANPOINT((0.,0.,0.));
#7716=IFCDIRECTION((0.,-1.,0.));
#7717=IFCDIRECTION((1.,0.,0.));
#7718=IFCDIRECTION((0.,0.,-1.));
#7719=IFCEXTRUDEDAREASOLID(#7720,#7723,#7727,1.9499999992549419);
#7720=IFCARBITRARYCLOSEDPROFILEDEF(.AREA.,$,#7721);
#7721=IFCINDEXEDPOLYCURVE(#7722,(IFCLINEINDEX((1,2,3,4,1))),$);
#7722=IFCCARTESIANPOINTLIST2D(((0.,0.),(0.84999997541308403,0.),(0.84999997541308403,0.035000000149011612),(0.,0.035000000149011612)));
#7723=IFCAXIS2PLACEMENT3D(#7724,#7725,#7726);
#7724=IFCCARTESIANPOINT((0.02500000037252903,0.02500000037252903,0.02500000037252903));
#7725=IFCDIRECTION((0.,0.,1.));
#7726=IFCDIRECTION((1.,0.,0.));
#7727=IFCDIRECTION((0.,0.,1.));
#7728=IFCEXTRUDEDAREASOLID(#7729,#7732,#7736,0.02);
#7729=IFCARBITRARYCLOSEDPROFILEDEF(.AREA.,$,#7730);
#7730=IFCINDEXEDPOLYCURVE(#7731,(IFCLINEINDEX((1,2,3,4,5,6,1))),$);
#7731=IFCCARTESIANPOINTLIST2D(((0.,0.),(0.,-0.040000000000000001),(-0.11999999999999988,-0.040000000000000001),(-0.11999999999999988,-0.02),(-0.020000000000000018,-0.02),(-0.020000000000000018,0.)));
#7732=IFCAXIS2PLACEMENT3D(#7733,#7734,#7735);
#7733=IFCCARTESIANPOINT((0.82499997578561302,0.02500000037252903,1.015000000372529));
#7734=IFCDIRECTION((0.,0.,1.));
#7735=IFCDIRECTION((1.,0.,0.));
#7736=IFCDIRECTION((0.,0.,1.));
#7737=IFCEXTRUDEDAREASOLID(#7738,#7741,#7745,0.02);
#7738=IFCARBITRARYCLOSEDPROFILEDEF(.AREA.,$,#7739);
#7739=IFCINDEXEDPOLYCURVE(#7740,(IFCLINEINDEX((1,2,3,4,5,6,1))),$);
#7740=IFCCARTESIANPOINTLIST2D(((0.,0.),(0.,0.040000000000000008),(-0.11999999999999988,0.040000000000000008),(-0.11999999999999988,0.020000000000000004),(-0.020000000000000018,0.020000000000000004),(-0.020000000000000018,0.)));
#7741=IFCAXIS2PLACEMENT3D(#7742,#7743,#7744);
#7742=IFCCARTESIANPOINT((0.82499997578561302,0.060000000521540642,1.015000000372529));
#7743=IFCDIRECTION((0.,0.,1.));
#7744=IFCDIRECTION((1.,0.,0.));
#7745=IFCDIRECTION((0.,0.,1.));
#7746=IFCEXTRUDEDAREASOLID(#7747,#7750,#7754,0.02500000037252903);
#7747=IFCARBITRARYCLOSEDPROFILEDEF(.AREA.,$,#7748);
#7748=IFCINDEXEDPOLYCURVE(#7749,(IFCLINEINDEX((1,2,3,4,1))),$);
#7749=IFCCARTESIANPOINTLIST2D(((0.,0.),(0.79999997466802597,0.),(0.79999997466802597,0.10000000149011612),(0.,0.10000000149011612)));
#7750=IFCAXIS2PLACEMENT3D(#7751,#7752,#7753);
#7751=IFCCARTESIANPOINT((0.05000000074505806,0.,0.));
#7752=IFCDIRECTION((0.,0.,1.));
#7753=IFCDIRECTION((1.,0.,0.));
#7754=IFCDIRECTION((0.,0.,1.));
#7755=IFCEXTRUDEDAREASOLID(#7756,#7759,#7763,0.004999999888241291);
#7756=IFCARBITRARYCLOSEDPROFILEDEF(.AREA.,$,#7757);
#7757=IFCINDEXEDPOLYCURVE(#7758,(IFCLINEINDEX((1,2,3,4,5,6,7,8,1))),$);
#7758=IFCCARTESIANPOINTLIST2D(((0.,0.),(0.,2.0250000022351742),(0.94999998062849045,2.0250000022351742),(0.94999998062849045,0.),(0.87499997764825821,0.),(0.87499997764825821,1.9499999992549419),(0.075000002980232239,1.9499999992549419),(0.075000002980232239,0.)));
#7759=IFCAXIS2PLACEMENT3D(#7760,#7761,#7762);
#7760=IFCCARTESIANPOINT((-0.025000002235174179,-0.004999999888241291,0.));
#7761=IFCDIRECTION((0.,-1.,0.));
#7762=IFCDIRECTION((1.,0.,0.));
#7763=IFCDIRECTION((0.,0.,-1.));
#7764=IFCEXTRUDEDAREASOLID(#7765,#7768,#7772,0.004999999888241291);
#7765=IFCARBITRARYCLOSEDPROFILEDEF(.AREA.,$,#7766);
#7766=IFCINDEXEDPOLYCURVE(#7767,(IFCLINEINDEX((1,2,3,4,5,6,7,8,1))),$);
#7767=IFCCARTESIANPOINTLIST2D(((0.,0.),(0.,2.0250000022351742),(0.94999998062849045,2.0250000022351742),(0.94999998062849045,0.),(0.89999997802078724,0.),(0.89999997802078724,1.974999999627471),(0.050000002607703209,1.974999999627471),(0.050000002607703209,0.)));
#7768=IFCAXIS2PLACEMENT3D(#7769,#7770,#7771);
#7769=IFCCARTESIANPOINT((-0.025000002235174179,0.05000000074505806,0.));
#7770=IFCDIRECTION((0.,-1.,0.));
#7771=IFCDIRECTION((1.,0.,0.));
#7772=IFCDIRECTION((0.,0.,-1.));
#7773=IFCREPRESENTATIONMAP(#7774,#7778);
#7774=IFCAXIS2PLACEMENT3D(#7775,#7776,#7777);
#7775=IFCCARTESIANPOINT((0.,0.,0.));
#7776=IFCDIRECTION((0.,0.,1.));
#7777=IFCDIRECTION((1.,0.,0.));
#7778=IFCSHAPEREPRESENTATION(#24,'Body','Curve2D',(#7779,#7781,#7783,#7790));
#7779=IFCINDEXEDPOLYCURVE(#7780,(IFCLINEINDEX((1,2,3,4,5,6,1))),$);
#7780=IFCCARTESIANPOINTLIST2D(((0.,0.),(0.,0.05000000074505806),(0.02500000037252903,0.05000000074505806),(0.02500000037252903,0.02500000037252903),(0.05000000074505806,0.02500000037252903),(0.05000000074505806,0.)));
#7781=IFCINDEXEDPOLYCURVE(#7782,(IFCLINEINDEX((1,2,3,4,5,6,1))),$);
#7782=IFCCARTESIANPOINTLIST2D(((0.89999997615814209,0.),(0.89999997615814209,0.05000000074505806),(0.87499997578561306,0.05000000074505806),(0.87499997578561306,0.02500000037252903),(0.84999997541308403,0.02500000037252903),(0.84999997541308403,0.)));
#7783=IFCTRIMMEDCURVE(#7784,(#7788),(#7789),.T.,.CARTESIAN.);
#7784=IFCELLIPSE(#7785,0.81499997526407242,0.84999997541308403);
#7785=IFCAXIS2PLACEMENT2D(#7786,#7787);
#7786=IFCCARTESIANPOINT((0.060000000521540642,0.05000000074505806));
#7787=IFCDIRECTION((1.,0.));
#7788=IFCCARTESIANPOINT((0.87499997578561306,0.05000000074505806));
#7789=IFCCARTESIANPOINT((0.060000000521540642,0.89999997615814209));
#7790=IFCINDEXEDPOLYCURVE(#7791,(IFCLINEINDEX((1,2,3,4,1))),$);
#7791=IFCCARTESIANPOINTLIST2D(((0.02500000037252903,0.05000000074505806),(0.060000000521540642,0.05000000074505806),(0.060000000521540642,0.89999997615814209),(0.02500000037252903,0.89999997615814209)));
#7802=IFCDOORTYPE('2kTEt$V3H82fcr1owHRbGt',$,'Bedroom2Door-2F',$,$,(#7803),(#7805,#7813,#7891),$,$,.DOOR.,.SINGLE_SWING_LEFT.,$,$);
#7803=IFCPROPERTYSET('0pejCdKoj9e803zhxW_UFw',$,'BBIM_Door',$,(#7804));
#7804=IFCPROPERTYSINGLEVALUE('Data',$,IFCTEXT('{"door_type": "SINGLE_SWING_RIGHT", "overall_height": 2.0, "overall_width": 0.8999999761581421, "lining_properties": {"lining_depth": 0.05000000074505806, "lining_thickness": 0.05000000074505806, "lining_offset": 0.0, "lining_to_panel_offset_x": 0.02500000037252903, "lining_to_panel_offset_y": 0.02500000037252903, "transom_thickness": 0.0, "casing_thickness": 0.07500000298023224, "casing_depth": 0.004999999888241291, "threshold_thickness": 0.02500000037252903, "threshold_depth": 0.10000000149011612, "threshold_offset": 0.0}, "panel_properties": {"panel_depth": 0.03500000014901161, "panel_width_ratio": 1.0}}'),$);
#7805=IFCREPRESENTATIONMAP(#7806,#10195);
#7806=IFCAXIS2PLACEMENT3D(#7807,#7808,#7809);
#7807=IFCCARTESIANPOINT((0.,0.,0.));
#7808=IFCDIRECTION((0.,0.,1.));
#7809=IFCDIRECTION((1.,0.,0.));
#7813=IFCREPRESENTATIONMAP(#7814,#10268);
#7814=IFCAXIS2PLACEMENT3D(#7815,#7816,#7817);
#7815=IFCCARTESIANPOINT((0.,0.,0.));
#7816=IFCDIRECTION((0.,0.,1.));
#7817=IFCDIRECTION((1.,0.,0.));
#7891=IFCREPRESENTATIONMAP(#7892,#10286);
#7892=IFCAXIS2PLACEMENT3D(#7893,#7894,#7895);
#7893=IFCCARTESIANPOINT((0.,0.,0.));
#7894=IFCDIRECTION((0.,0.,1.));
#7895=IFCDIRECTION((1.,0.,0.));
#7910=IFCDOOR('0pJVVd7KD1qu4H5dMn2CbN',$,'Door',$,$,#10311,#7919,$,2.,0.89999997615814209,$,.SINGLE_SWING_RIGHT.,$);
#7911=IFCRELDEFINESBYTYPE('04GTUemtTEJQCePx$3JxRM',$,$,$,(#7910),#7802);
#7912=IFCCARTESIANPOINT((0.,0.,0.));
#7913=IFCDIRECTION((1.,0.,0.));
#7914=IFCDIRECTION((0.,1.,0.));
#7915=IFCDIRECTION((0.,0.,1.));
#7916=IFCCARTESIANTRANSFORMATIONOPERATOR3D(#7913,#7914,#7912,1.,#7915);
#7917=IFCMAPPEDITEM(#7805,#7916);
#7918=IFCSHAPEREPRESENTATION(#18,'Profile','MappedRepresentation',(#7917));
#7919=IFCPRODUCTDEFINITIONSHAPE($,$,(#7918,#7926,#7933));
#7920=IFCCARTESIANPOINT((0.,0.,0.));
#7921=IFCDIRECTION((1.,0.,0.));
#7922=IFCDIRECTION((0.,1.,0.));
#7923=IFCDIRECTION((0.,0.,1.));
#7924=IFCCARTESIANTRANSFORMATIONOPERATOR3D(#7921,#7922,#7920,1.,#7923);
#7925=IFCMAPPEDITEM(#7813,#7924);
#7926=IFCSHAPEREPRESENTATION(#11,'Body','MappedRepresentation',(#7925));
#7927=IFCCARTESIANPOINT((0.,0.,0.));
#7928=IFCDIRECTION((1.,0.,0.));
#7929=IFCDIRECTION((0.,1.,0.));
#7930=IFCDIRECTION((0.,0.,1.));
#7931=IFCCARTESIANTRANSFORMATIONOPERATOR3D(#7928,#7929,#7927,1.,#7930);
#7932=IFCMAPPEDITEM(#7891,#7931);
#7933=IFCSHAPEREPRESENTATION(#24,'Body','MappedRepresentation',(#7932));
#7934=IFCOPENINGELEMENT('1R0hluWfb6O8P1l6J3qdm5',$,'Opening',$,$,#10306,#7962,$,.OPENING.);
#7950=IFCCARTESIANPOINT((0.,0.,0.));
#7951=IFCDIRECTION((1.,0.,0.));
#7952=IFCDIRECTION((0.,0.,1.));
#7953=IFCAXIS2PLACEMENT3D(#7950,#7952,#7951);
#7954=IFCREPRESENTATIONMAP(#7953,#10296);
#7955=IFCCARTESIANPOINT((0.,0.,0.));
#7956=IFCDIRECTION((1.,0.,0.));
#7957=IFCDIRECTION((0.,1.,0.));
#7958=IFCDIRECTION((0.,0.,1.));
#7959=IFCCARTESIANTRANSFORMATIONOPERATOR3D(#7956,#7957,#7955,1.,#7958);
#7960=IFCMAPPEDITEM(#7954,#7959);
#7961=IFCSHAPEREPRESENTATION(#11,'Body','MappedRepresentation',(#7960));
#7962=IFCPRODUCTDEFINITIONSHAPE($,$,(#7961));
#7963=IFCRELVOIDSELEMENT('3ANzDD3pv6IOZ8rE$eGU$3',$,$,$,#6814,#7934);
#7969=IFCRELFILLSELEMENT('0FNRWwXJT3ruXbnvPtQ5lR',$,$,$,#7934,#7910);
#7975=IFCDOORTYPE('06ccYw8Wv8nuKDhpUV10Vd',$,'T&BDoor2F',$,$,(#7976),(#7978,#7986,#8064),$,$,.DOOR.,.SINGLE_SWING_LEFT.,$,$);
#7976=IFCPROPERTYSET('3V$IVquaH4ffQO4UBVGrpm',$,'BBIM_Door',$,(#7977));
#7977=IFCPROPERTYSINGLEVALUE('Data',$,IFCTEXT('{"door_type": "SINGLE_SWING_RIGHT", "overall_height": 2.0, "overall_width": 0.7589079141616821, "lining_properties": {"lining_depth": 0.05000000074505806, "lining_thickness": 0.05000000074505806, "lining_offset": 0.0, "lining_to_panel_offset_x": 0.02500000037252903, "lining_to_panel_offset_y": 0.02500000037252903, "transom_thickness": 0.0, "casing_thickness": 0.07500000298023224, "casing_depth": 0.004999999888241291, "threshold_thickness": 0.02500000037252903, "threshold_depth": 0.10000000149011612, "threshold_offset": 0.0}, "panel_properties": {"panel_depth": 0.03500000014901161, "panel_width_ratio": 1.0}}'),$);
#7978=IFCREPRESENTATIONMAP(#7979,#10314);
#7979=IFCAXIS2PLACEMENT3D(#7980,#7981,#7982);
#7980=IFCCARTESIANPOINT((0.,0.,0.));
#7981=IFCDIRECTION((0.,0.,1.));
#7982=IFCDIRECTION((1.,0.,0.));
#7986=IFCREPRESENTATIONMAP(#7987,#10387);
#7987=IFCAXIS2PLACEMENT3D(#7988,#7989,#7990);
#7988=IFCCARTESIANPOINT((0.,0.,0.));
#7989=IFCDIRECTION((0.,0.,1.));
#7990=IFCDIRECTION((1.,0.,0.));
#8064=IFCREPRESENTATIONMAP(#8065,#10401);
#8065=IFCAXIS2PLACEMENT3D(#8066,#8067,#8068);
#8066=IFCCARTESIANPOINT((0.,0.,0.));
#8067=IFCDIRECTION((0.,0.,1.));
#8068=IFCDIRECTION((1.,0.,0.));
#8084=IFCRELDEFINESBYTYPE('0hthvXvBPF4AZ4YpGNo5mJ',$,$,$,(#8206),#7975);
#8206=IFCDOOR('0LkewdRfT6qvQr4Ij6Bsea',$,'Door',$,$,#10426,#8214,$,2.,0.75890791416168213,$,$,$);
#8207=IFCCARTESIANPOINT((0.,0.,0.));
#8208=IFCDIRECTION((1.,0.,0.));
#8209=IFCDIRECTION((0.,1.,0.));
#8210=IFCDIRECTION((0.,0.,1.));
#8211=IFCCARTESIANTRANSFORMATIONOPERATOR3D(#8208,#8209,#8207,1.,#8210);
#8212=IFCMAPPEDITEM(#7978,#8211);
#8213=IFCSHAPEREPRESENTATION(#18,'Profile','MappedRepresentation',(#8212));
#8214=IFCPRODUCTDEFINITIONSHAPE($,$,(#8213,#8221,#8228));
#8215=IFCCARTESIANPOINT((0.,0.,0.));
#8216=IFCDIRECTION((1.,0.,0.));
#8217=IFCDIRECTION((0.,1.,0.));
#8218=IFCDIRECTION((0.,0.,1.));
#8219=IFCCARTESIANTRANSFORMATIONOPERATOR3D(#8216,#8217,#8215,1.,#8218);
#8220=IFCMAPPEDITEM(#7986,#8219);
#8221=IFCSHAPEREPRESENTATION(#11,'Body','MappedRepresentation',(#8220));
#8222=IFCCARTESIANPOINT((0.,0.,0.));
#8223=IFCDIRECTION((1.,0.,0.));
#8224=IFCDIRECTION((0.,1.,0.));
#8225=IFCDIRECTION((0.,0.,1.));
#8226=IFCCARTESIANTRANSFORMATIONOPERATOR3D(#8223,#8224,#8222,1.,#8225);
#8227=IFCMAPPEDITEM(#8064,#8226);
#8228=IFCSHAPEREPRESENTATION(#24,'Body','MappedRepresentation',(#8227));
#8229=IFCOPENINGELEMENT('01TeO78A5BzwGIfho62ewI',$,'Opening',$,$,#10421,#8257,$,.OPENING.);
#8245=IFCCARTESIANPOINT((0.,0.,0.));
#8246=IFCDIRECTION((1.,0.,0.));
#8247=IFCDIRECTION((0.,0.,1.));
#8248=IFCAXIS2PLACEMENT3D(#8245,#8247,#8246);
#8249=IFCREPRESENTATIONMAP(#8248,#10411);
#8250=IFCCARTESIANPOINT((0.,0.,0.));
#8251=IFCDIRECTION((1.,0.,0.));
#8252=IFCDIRECTION((0.,1.,0.));
#8253=IFCDIRECTION((0.,0.,1.));
#8254=IFCCARTESIANTRANSFORMATIONOPERATOR3D(#8251,#8252,#8250,1.,#8253);
#8255=IFCMAPPEDITEM(#8249,#8254);
#8256=IFCSHAPEREPRESENTATION(#11,'Body','MappedRepresentation',(#8255));
#8257=IFCPRODUCTDEFINITIONSHAPE($,$,(#8256));
#8258=IFCRELVOIDSELEMENT('20GaSoRivCd9A8v9fafutF',$,$,$,#6963,#8229);
#8264=IFCRELFILLSELEMENT('3w_0bIaLHAi923jcga4ufE',$,$,$,#8229,#8206);
#8385=IFCWINDOWTYPE('2MgNeXM7H6xhWGGdysaM3$',$,'Bedroom2Window-2F',$,$,(#8386),(#8388,#8396,#8482),$,$,.WINDOW.,.SINGLE_PANEL.,$,$);
#8386=IFCPROPERTYSET('0nVgQ8gR18NAAzxyTsanZ8',$,'BBIM_Window',$,(#8387));
#8387=IFCPROPERTYSINGLEVALUE('Data',$,IFCTEXT('{"window_type": "DOUBLE_PANEL_VERTICAL", "overall_height": 0.8999999761581421, "overall_width": 1.2256964445114136, "lining_properties": {"lining_depth": 0.05000000074505806, "lining_thickness": 0.05000000074505806, "lining_offset": 0.05000000074505806, "lining_to_panel_offset_x": 0.02500000037252903, "lining_to_panel_offset_y": 0.02500000037252903, "mullion_thickness": 0.05000000074505806, "first_mullion_offset": 0.6136178374290466}, "panel_properties": {"frame_depth": [0.03500000014901161, 0.03500000014901161, 0.03500000014901161], "frame_thickness": [0.03500000014901161, 0.03500000014901161, 0.03500000014901161]}}'),$);
#8388=IFCREPRESENTATIONMAP(#8389,#8393);
#8389=IFCAXIS2PLACEMENT3D(#8390,#8391,#8392);
#8390=IFCCARTESIANPOINT((0.,0.,0.));
#8391=IFCDIRECTION((0.,0.,1.));
#8392=IFCDIRECTION((1.,0.,0.));
#8393=IFCSHAPEREPRESENTATION(#18,'Profile','Curve3D',(#8394));
#8394=IFCINDEXEDPOLYCURVE(#8395,(IFCLINEINDEX((1,2,3,4,1))),$);
#8395=IFCCARTESIANPOINTLIST3D(((0.,0.,0.),(1.2256964445114136,0.,0.),(1.2256964445114136,0.,0.89999997615814209),(0.,0.,0.89999997615814209)));
#8396=IFCREPRESENTATIONMAP(#8397,#8401);
#8397=IFCAXIS2PLACEMENT3D(#8398,#8399,#8400);
#8398=IFCCARTESIANPOINT((0.,0.,0.));
#8399=IFCDIRECTION((0.,0.,1.));
#8400=IFCDIRECTION((1.,0.,0.));
#8401=IFCSHAPEREPRESENTATION(#11,'Body','SweptSolid',(#8402,#8411,#8422,#8433,#8442,#8451,#8462,#8473));
#8402=IFCEXTRUDEDAREASOLID(#8403,#8406,#8410,0.0099999997764825821);
#8403=IFCARBITRARYCLOSEDPROFILEDEF(.AREA.,$,#8404);
#8404=IFCINDEXEDPOLYCURVE(#8405,(IFCLINEINDEX((1,2,3,4,5,6,7,8,1))),$);
#8405=IFCCARTESIANPOINTLIST2D(((0.61361783742904663,0.),(0.,0.),(0.,0.89999997615814209),(0.61361783742904663,0.89999997615814209),(0.61361783742904663,0.87499997578561306),(0.02500000037252903,0.87499997578561306),(0.02500000037252903,0.02500000037252903),(0.61361783742904663,0.02500000037252903)));
#8406=IFCAXIS2PLACEMENT3D(#8407,#8408,#8409);
#8407=IFCCARTESIANPOINT((0.,0.090000001713633537,0.));
#8408=IFCDIRECTION((0.,-1.,0.));
#8409=IFCDIRECTION((1.,0.,0.));
#8410=IFCDIRECTION((0.,0.,-1.));
#8411=IFCEXTRUDEDAREASOLID(#8412,#8417,#8421,0.040000000968575478);
#8412=IFCARBITRARYPROFILEDEFWITHVOIDS(.AREA.,$,#8413,(#8415));
#8413=IFCINDEXEDPOLYCURVE(#8414,(IFCLINEINDEX((1,2,3,4,1))),$);
#8414=IFCCARTESIANPOINTLIST2D(((0.,0.),(0.61361783742904663,0.),(0.61361783742904663,0.89999997615814209),(0.,0.89999997615814209)));
#8415=IFCINDEXEDPOLYCURVE(#8416,(IFCLINEINDEX((1,2,3,4,1))),$);
#8416=IFCCARTESIANPOINTLIST2D(((0.05000000074505806,0.05000000074505806),(0.5886178370565176,0.05000000074505806),(0.5886178370565176,0.84999997541308403),(0.05000000074505806,0.84999997541308403)));
#8417=IFCAXIS2PLACEMENT3D(#8418,#8419,#8420);
#8418=IFCCARTESIANPOINT((0.,0.05000000074505806,0.));
#8419=IFCDIRECTION((0.,-1.,0.));
#8420=IFCDIRECTION((1.,0.,0.));
#8421=IFCDIRECTION((0.,0.,-1.));
#8422=IFCEXTRUDEDAREASOLID(#8423,#8428,#8432,0.035000000149011612);
#8423=IFCARBITRARYPROFILEDEFWITHVOIDS(.AREA.,$,#8424,(#8426));
#8424=IFCINDEXEDPOLYCURVE(#8425,(IFCLINEINDEX((1,2,3,4,1))),$);
#8425=IFCCARTESIANPOINTLIST2D(((0.,0.),(0.5886178370565176,0.),(0.5886178370565176,0.84999997541308403),(0.,0.84999997541308403)));
#8426=IFCINDEXEDPOLYCURVE(#8427,(IFCLINEINDEX((1,2,3,4,1))),$);
#8427=IFCCARTESIANPOINTLIST2D(((0.035000000149011612,0.035000000149011612),(0.55361783690750599,0.035000000149011612),(0.55361783690750599,0.81499997526407242),(0.035000000149011612,0.81499997526407242)));
#8428=IFCAXIS2PLACEMENT3D(#8429,#8430,#8431);
#8429=IFCCARTESIANPOINT((0.02500000037252903,0.090000001713633537,0.02500000037252903));
#8430=IFCDIRECTION((0.,-1.,0.));
#8431=IFCDIRECTION((1.,0.,0.));
#8432=IFCDIRECTION((0.,0.,-1.));
#8433=IFCEXTRUDEDAREASOLID(#8434,#8437,#8441,0.01);
#8434=IFCARBITRARYCLOSEDPROFILEDEF(.AREA.,$,#8435);
#8435=IFCINDEXEDPOLYCURVE(#8436,(IFCLINEINDEX((1,2,3,4,1))),$);
#8436=IFCCARTESIANPOINTLIST2D(((0.035000000149011612,0.035000000149011612),(0.55361783690750599,0.035000000149011612),(0.55361783690750599,0.81499997526407242),(0.035000000149011612,0.81499997526407242)));
#8437=IFCAXIS2PLACEMENT3D(#8438,#8439,#8440);
#8438=IFCCARTESIANPOINT((0.02500000037252903,0.10250000178813934,0.02500000037252903));
#8439=IFCDIRECTION((0.,-1.,0.));
#8440=IFCDIRECTION((1.,0.,0.));
#8441=IFCDIRECTION((0.,0.,-1.));
#8442=IFCEXTRUDEDAREASOLID(#8443,#8446,#8450,0.0099999997764825821);
#8443=IFCARBITRARYCLOSEDPROFILEDEF(.AREA.,$,#8444);
#8444=IFCINDEXEDPOLYCURVE(#8445,(IFCLINEINDEX((1,2,3,4,5,6,7,8,1))),$);
#8445=IFCCARTESIANPOINTLIST2D(((0.,0.89999997615814209),(0.61207860708236694,0.89999997615814209),(0.61207860708236694,0.),(0.,0.),(0.,0.02500000037252903),(0.58707860670983791,0.02500000037252903),(0.58707860670983791,0.87499997578561306),(0.,0.87499997578561306)));
#8446=IFCAXIS2PLACEMENT3D(#8447,#8448,#8449);
#8447=IFCCARTESIANPOINT((0.61361783742904663,0.090000001713633537,0.));
#8448=IFCDIRECTION((0.,-1.,0.));
#8449=IFCDIRECTION((1.,0.,0.));
#8450=IFCDIRECTION((0.,0.,-1.));
#8451=IFCEXTRUDEDAREASOLID(#8452,#8457,#8461,0.040000000968575478);
#8452=IFCARBITRARYPROFILEDEFWITHVOIDS(.AREA.,$,#8453,(#8455));
#8453=IFCINDEXEDPOLYCURVE(#8454,(IFCLINEINDEX((1,2,3,4,1))),$);
#8454=IFCCARTESIANPOINTLIST2D(((0.,0.),(0.61207860708236694,0.),(0.61207860708236694,0.89999997615814209),(0.,0.89999997615814209)));
#8455=IFCINDEXEDPOLYCURVE(#8456,(IFCLINEINDEX((1,2,3,4,1))),$);
#8456=IFCCARTESIANPOINTLIST2D(((0.02500000037252903,0.05000000074505806),(0.56207860633730888,0.05000000074505806),(0.56207860633730888,0.84999997541308403),(0.02500000037252903,0.84999997541308403)));
#8457=IFCAXIS2PLACEMENT3D(#8458,#8459,#8460);
#8458=IFCCARTESIANPOINT((0.61361783742904663,0.05000000074505806,0.));
#8459=IFCDIRECTION((0.,-1.,0.));
#8460=IFCDIRECTION((1.,0.,0.));
#8461=IFCDIRECTION((0.,0.,-1.));
#8462=IFCEXTRUDEDAREASOLID(#8463,#8468,#8472,0.035000000149011612);
#8463=IFCARBITRARYPROFILEDEFWITHVOIDS(.AREA.,$,#8464,(#8466));
#8464=IFCINDEXEDPOLYCURVE(#8465,(IFCLINEINDEX((1,2,3,4,1))),$);
#8465=IFCCARTESIANPOINTLIST2D(((0.,0.),(0.58707860670983791,0.),(0.58707860670983791,0.84999997541308403),(0.,0.84999997541308403)));
#8466=IFCINDEXEDPOLYCURVE(#8467,(IFCLINEINDEX((1,2,3,4,1))),$);
#8467=IFCCARTESIANPOINTLIST2D(((0.035000000149011612,0.035000000149011612),(0.5520786065608263,0.035000000149011612),(0.5520786065608263,0.81499997526407242),(0.035000000149011612,0.81499997526407242)));
#8468=IFCAXIS2PLACEMENT3D(#8469,#8470,#8471);
#8469=IFCCARTESIANPOINT((0.61361783742904663,0.090000001713633537,0.02500000037252903));
#8470=IFCDIRECTION((0.,-1.,0.));
#8471=IFCDIRECTION((1.,0.,0.));
#8472=IFCDIRECTION((0.,0.,-1.));
#8473=IFCEXTRUDEDAREASOLID(#8474,#8477,#8481,0.01);
#8474=IFCARBITRARYCLOSEDPROFILEDEF(.AREA.,$,#8475);
#8475=IFCINDEXEDPOLYCURVE(#8476,(IFCLINEINDEX((1,2,3,4,1))),$);
#8476=IFCCARTESIANPOINTLIST2D(((0.035000000149011612,0.035000000149011612),(0.5520786065608263,0.035000000149011612),(0.5520786065608263,0.81499997526407242),(0.035000000149011612,0.81499997526407242)));
#8477=IFCAXIS2PLACEMENT3D(#8478,#8479,#8480);
#8478=IFCCARTESIANPOINT((0.61361783742904663,0.10250000178813934,0.02500000037252903));
#8479=IFCDIRECTION((0.,-1.,0.));
#8480=IFCDIRECTION((1.,0.,0.));
#8481=IFCDIRECTION((0.,0.,-1.));
#8482=IFCREPRESENTATIONMAP(#8483,#8487);
#8483=IFCAXIS2PLACEMENT3D(#8484,#8485,#8486);
#8484=IFCCARTESIANPOINT((0.,0.,0.));
#8485=IFCDIRECTION((0.,0.,1.));
#8486=IFCDIRECTION((1.,0.,0.));
#8487=IFCSHAPEREPRESENTATION(#24,'Body','Curve2D',(#8488,#8490,#8492,#8494,#8496,#8498,#8500,#8502,#8504,#8506,#8508,#8510,#8512,#8514,#8516,#8518));
#8488=IFCINDEXEDPOLYCURVE(#8489,$,$);
#8489=IFCCARTESIANPOINTLIST2D(((0.05000000074505806,0.05000000074505806),(0.5886178370565176,0.05000000074505806)));
#8490=IFCINDEXEDPOLYCURVE(#8491,(IFCLINEINDEX((1,2,3,4,5,6,1))),$);
#8491=IFCCARTESIANPOINTLIST2D(((0.,0.10000000149011612),(0.02500000037252903,0.10000000149011612),(0.02500000037252903,0.090000001713633537),(0.05000000074505806,0.090000001713633537),(0.05000000074505806,0.05000000074505806),(0.,0.05000000074505806)));
#8492=IFCINDEXEDPOLYCURVE(#8493,$,$);
#8493=IFCCARTESIANPOINTLIST2D(((0.61361783742904663,0.10000000149011612),(0.61361783742904663,0.10000000149011612),(0.61361783742904663,0.090000001713633537),(0.5886178370565176,0.090000001713633537),(0.5886178370565176,0.05000000074505806),(0.61361783742904663,0.05000000074505806)));
#8494=IFCINDEXEDPOLYCURVE(#8495,(IFCLINEINDEX((1,2,3,4,1))),$);
#8495=IFCCARTESIANPOINTLIST2D(((0.02500000037252903,0.090000001713633537),(0.060000000521540642,0.090000001713633537),(0.060000000521540642,0.12500000186264515),(0.02500000037252903,0.12500000186264515)));
#8496=IFCINDEXEDPOLYCURVE(#8497,(IFCLINEINDEX((1,2,3,4,1))),$);
#8497=IFCCARTESIANPOINTLIST2D(((0.61361783742904663,0.090000001713633537),(0.57861783728003502,0.090000001713633537),(0.57861783728003502,0.12500000186264515),(0.61361783742904663,0.12500000186264515)));
#8498=IFCINDEXEDPOLYCURVE(#8499,$,$);
#8499=IFCCARTESIANPOINTLIST2D(((0.060000000521540642,0.090000001713633537),(0.57861783728003502,0.090000001713633537)));
#8500=IFCINDEXEDPOLYCURVE(#8501,$,$);
#8501=IFCCARTESIANPOINTLIST2D(((0.060000000521540642,0.12500000186264515),(0.57861783728003502,0.12500000186264515)));
#8502=IFCINDEXEDPOLYCURVE(#8503,$,$);
#8503=IFCCARTESIANPOINTLIST2D(((0.060000000521540642,0.10750000178813934),(0.57861783728003502,0.10750000178813934)));
#8504=IFCINDEXEDPOLYCURVE(#8505,$,$);
#8505=IFCCARTESIANPOINTLIST2D(((0.63861783780157566,0.05000000074505806),(1.1756964437663555,0.05000000074505806)));
#8506=IFCINDEXEDPOLYCURVE(#8507,$,$);
#8507=IFCCARTESIANPOINTLIST2D(((0.61361783742904663,0.10000000149011612),(0.61361783742904663,0.10000000149011612),(0.61361783742904663,0.090000001713633537),(0.63861783780157566,0.090000001713633537),(0.63861783780157566,0.05000000074505806),(0.61361783742904663,0.05000000074505806)));
#8508=IFCINDEXEDPOLYCURVE(#8509,(IFCLINEINDEX((1,2,3,4,5,6,1))),$);
#8509=IFCCARTESIANPOINTLIST2D(((1.2256964445114136,0.10000000149011612),(1.2006964441388845,0.10000000149011612),(1.2006964441388845,0.090000001713633537),(1.1756964437663555,0.090000001713633537),(1.1756964437663555,0.05000000074505806),(1.2256964445114136,0.05000000074505806)));
#8510=IFCINDEXEDPOLYCURVE(#8511,(IFCLINEINDEX((1,2,3,4,1))),$);
#8511=IFCCARTESIANPOINTLIST2D(((0.61361783742904663,0.090000001713633537),(0.64861783757805824,0.090000001713633537),(0.64861783757805824,0.12500000186264515),(0.61361783742904663,0.12500000186264515)));
#8512=IFCINDEXEDPOLYCURVE(#8513,(IFCLINEINDEX((1,2,3,4,1))),$);
#8513=IFCCARTESIANPOINTLIST2D(((1.2006964441388845,0.090000001713633537),(1.1656964439898729,0.090000001713633537),(1.1656964439898729,0.12500000186264515),(1.2006964441388845,0.12500000186264515)));
#8514=IFCINDEXEDPOLYCURVE(#8515,$,$);
#8515=IFCCARTESIANPOINTLIST2D(((0.64861783757805824,0.090000001713633537),(1.1656964439898729,0.090000001713633537)));
#8516=IFCINDEXEDPOLYCURVE(#8517,$,$);
#8517=IFCCARTESIANPOINTLIST2D(((0.64861783757805824,0.12500000186264515),(1.1656964439898729,0.12500000186264515)));
#8518=IFCINDEXEDPOLYCURVE(#8519,$,$);
#8519=IFCCARTESIANPOINTLIST2D(((0.64861783757805824,0.10750000178813934),(1.1656964439898729,0.10750000178813934)));
#8520=IFCWINDOW('2MzQQjZSjBaxapz7EySLEk',$,'Window',$,$,#9537,#8529,$,0.89999997615814209,1.2256964445114136,$,$,$);
#8521=IFCRELDEFINESBYTYPE('2P0ZtAKCj0futiUSDTSx3o',$,$,$,(#8520),#8385);
#8522=IFCCARTESIANPOINT((0.,0.,0.));
#8523=IFCDIRECTION((1.,0.,0.));
#8524=IFCDIRECTION((0.,1.,0.));
#8525=IFCDIRECTION((0.,0.,1.));
#8526=IFCCARTESIANTRANSFORMATIONOPERATOR3D(#8523,#8524,#8522,1.,#8525);
#8527=IFCMAPPEDITEM(#8388,#8526);
#8528=IFCSHAPEREPRESENTATION(#18,'Profile','MappedRepresentation',(#8527));
#8529=IFCPRODUCTDEFINITIONSHAPE($,$,(#8528,#8536,#8543));
#8530=IFCCARTESIANPOINT((0.,0.,0.));
#8531=IFCDIRECTION((1.,0.,0.));
#8532=IFCDIRECTION((0.,1.,0.));
#8533=IFCDIRECTION((0.,0.,1.));
#8534=IFCCARTESIANTRANSFORMATIONOPERATOR3D(#8531,#8532,#8530,1.,#8533);
#8535=IFCMAPPEDITEM(#8396,#8534);
#8536=IFCSHAPEREPRESENTATION(#11,'Body','MappedRepresentation',(#8535));
#8537=IFCCARTESIANPOINT((0.,0.,0.));
#8538=IFCDIRECTION((1.,0.,0.));
#8539=IFCDIRECTION((0.,1.,0.));
#8540=IFCDIRECTION((0.,0.,1.));
#8541=IFCCARTESIANTRANSFORMATIONOPERATOR3D(#8538,#8539,#8537,1.,#8540);
#8542=IFCMAPPEDITEM(#8482,#8541);
#8543=IFCSHAPEREPRESENTATION(#24,'Body','MappedRepresentation',(#8542));
#8544=IFCOPENINGELEMENT('0MaYBVHe10fhRXnT_yjAbM',$,'Opening',$,$,#8594,#8572,$,.OPENING.);
#8550=IFCCARTESIANPOINTLIST2D(((0.,0.),(1.2256964445114136,0.),(1.2256964445114136,0.89999997615814209),(0.,0.89999997615814209)));
#8551=IFCINDEXEDPOLYCURVE(#8550,(IFCLINEINDEX((1,2,3,4,1))),$);
#8552=IFCARBITRARYCLOSEDPROFILEDEF(.AREA.,$,#8551);
#8553=IFCCARTESIANPOINT((0.,-0.60000002384185791,0.));
#8554=IFCDIRECTION((0.,-1.,0.));
#8555=IFCDIRECTION((1.,0.,0.));
#8556=IFCAXIS2PLACEMENT3D(#8553,#8554,#8555);
#8557=IFCDIRECTION((0.,0.,-1.));
#8558=IFCEXTRUDEDAREASOLID(#8552,#8556,#8557,1.2);
#8559=IFCSHAPEREPRESENTATION(#11,'Body','SweptSolid',(#8558));
#8560=IFCCARTESIANPOINT((0.,0.,0.));
#8561=IFCDIRECTION((1.,0.,0.));
#8562=IFCDIRECTION((0.,0.,1.));
#8563=IFCAXIS2PLACEMENT3D(#8560,#8562,#8561);
#8564=IFCREPRESENTATIONMAP(#8563,#8559);
#8565=IFCCARTESIANPOINT((0.,0.,0.));
#8566=IFCDIRECTION((1.,0.,0.));
#8567=IFCDIRECTION((0.,1.,0.));
#8568=IFCDIRECTION((0.,0.,1.));
#8569=IFCCARTESIANTRANSFORMATIONOPERATOR3D(#8566,#8567,#8565,1.,#8568);
#8570=IFCMAPPEDITEM(#8564,#8569);
#8571=IFCSHAPEREPRESENTATION(#11,'Body','MappedRepresentation',(#8570));
#8572=IFCPRODUCTDEFINITIONSHAPE($,$,(#8571));
#8573=IFCRELVOIDSELEMENT('0bISP8KFjDxhG3FblEm8cR',$,$,$,#6345,#8544);
#8579=IFCRELFILLSELEMENT('2dBBu4OLT8u8PXomI$5FS2',$,$,$,#8544,#8520);
#8590=IFCCARTESIANPOINT((0.24736527838506817,2.384185791015625E-07,1.));
#8591=IFCDIRECTION((0.,0.,1.));
#8592=IFCDIRECTION((0.99999999999997158,-2.3841857910155572E-07,0.));
#8593=IFCAXIS2PLACEMENT3D(#8590,#8591,#8592);
#8594=IFCLOCALPLACEMENT(#9988,#8593);
#8600=IFCWINDOWTYPE('0ZUsDzPnzFlfYJ6yiJeVun',$,'Masters1-2F',$,$,(#8601),(#8603,#8611,#8659),$,$,.WINDOW.,.SINGLE_PANEL.,$,$);
#8601=IFCPROPERTYSET('08fbCm6RrBWwBuciRflc3O',$,'BBIM_Window',$,(#8602));
#8602=IFCPROPERTYSINGLEVALUE('Data',$,IFCTEXT('{"window_type": "SINGLE_PANEL", "overall_height": 0.8999999761581421, "overall_width": 0.8361900448799133, "lining_properties": {"lining_depth": 0.05000000074505806, "lining_thickness": 0.05000000074505806, "lining_offset": 0.05000000074505806, "lining_to_panel_offset_x": 0.02500000037252903, "lining_to_panel_offset_y": 0.02500000037252903}, "panel_properties": {"frame_depth": [0.03500000014901161, 0.03500000014901161, 0.03500000014901161], "frame_thickness": [0.03500000014901161, 0.03500000014901161, 0.03500000014901161]}}'),$);
#8603=IFCREPRESENTATIONMAP(#8604,#8823);
#8604=IFCAXIS2PLACEMENT3D(#8605,#8606,#8607);
#8605=IFCCARTESIANPOINT((0.,0.,0.));
#8606=IFCDIRECTION((0.,0.,1.));
#8607=IFCDIRECTION((1.,0.,0.));
#8611=IFCREPRESENTATIONMAP(#8612,#8866);
#8612=IFCAXIS2PLACEMENT3D(#8613,#8614,#8615);
#8613=IFCCARTESIANPOINT((0.,0.,0.));
#8614=IFCDIRECTION((0.,0.,1.));
#8615=IFCDIRECTION((1.,0.,0.));
#8659=IFCREPRESENTATIONMAP(#8660,#8889);
#8660=IFCAXIS2PLACEMENT3D(#8661,#8662,#8663);
#8661=IFCCARTESIANPOINT((0.,0.,0.));
#8662=IFCDIRECTION((0.,0.,1.));
#8663=IFCDIRECTION((1.,0.,0.));
#8681=IFCWINDOW('2XxHNYvCL5FexfdktgA12L',$,'Window',$,$,#8914,#8690,$,0.89999997615814209,0.83619004487991333,$,.SINGLE_PANEL.,$);
#8682=IFCRELDEFINESBYTYPE('0NOANeOS9DH9jg1Ef$357E',$,$,$,(#8681),#8600);
#8683=IFCCARTESIANPOINT((0.,0.,0.));
#8684=IFCDIRECTION((1.,0.,0.));
#8685=IFCDIRECTION((0.,1.,0.));
#8686=IFCDIRECTION((0.,0.,1.));
#8687=IFCCARTESIANTRANSFORMATIONOPERATOR3D(#8684,#8685,#8683,1.,#8686);
#8688=IFCMAPPEDITEM(#8603,#8687);
#8689=IFCSHAPEREPRESENTATION(#18,'Profile','MappedRepresentation',(#8688));
#8690=IFCPRODUCTDEFINITIONSHAPE($,$,(#8689,#8697,#8704));
#8691=IFCCARTESIANPOINT((0.,0.,0.));
#8692=IFCDIRECTION((1.,0.,0.));
#8693=IFCDIRECTION((0.,1.,0.));
#8694=IFCDIRECTION((0.,0.,1.));
#8695=IFCCARTESIANTRANSFORMATIONOPERATOR3D(#8692,#8693,#8691,1.,#8694);
#8696=IFCMAPPEDITEM(#8611,#8695);
#8697=IFCSHAPEREPRESENTATION(#11,'Body','MappedRepresentation',(#8696));
#8698=IFCCARTESIANPOINT((0.,0.,0.));
#8699=IFCDIRECTION((1.,0.,0.));
#8700=IFCDIRECTION((0.,1.,0.));
#8701=IFCDIRECTION((0.,0.,1.));
#8702=IFCCARTESIANTRANSFORMATIONOPERATOR3D(#8699,#8700,#8698,1.,#8701);
#8703=IFCMAPPEDITEM(#8659,#8702);
#8704=IFCSHAPEREPRESENTATION(#24,'Body','MappedRepresentation',(#8703));
#8705=IFCOPENINGELEMENT('3CNe23rHf43gAl69QbzLNj',$,'Opening',$,$,#8909,#8733,$,.OPENING.);
#8721=IFCCARTESIANPOINT((0.,0.,0.));
#8722=IFCDIRECTION((1.,0.,0.));
#8723=IFCDIRECTION((0.,0.,1.));
#8724=IFCAXIS2PLACEMENT3D(#8721,#8723,#8722);
#8725=IFCREPRESENTATIONMAP(#8724,#8899);
#8726=IFCCARTESIANPOINT((0.,0.,0.));
#8727=IFCDIRECTION((1.,0.,0.));
#8728=IFCDIRECTION((0.,1.,0.));
#8729=IFCDIRECTION((0.,0.,1.));
#8730=IFCCARTESIANTRANSFORMATIONOPERATOR3D(#8727,#8728,#8726,1.,#8729);
#8731=IFCMAPPEDITEM(#8725,#8730);
#8732=IFCSHAPEREPRESENTATION(#11,'Body','MappedRepresentation',(#8731));
#8733=IFCPRODUCTDEFINITIONSHAPE($,$,(#8732));
#8734=IFCRELVOIDSELEMENT('1a6HRJjZD9Jv2jXvzERvk8',$,$,$,#6220,#8705);
#8740=IFCRELFILLSELEMENT('1chu4IpUn6ZOY9DSCQ6Buc',$,$,$,#8705,#8681);
#8821=IFCCARTESIANPOINTLIST3D(((0.,0.,0.),(0.83619004487991333,0.,0.),(0.83619004487991333,0.,0.89999997615814209),(0.,0.,0.89999997615814209)));
#8822=IFCINDEXEDPOLYCURVE(#8821,(IFCLINEINDEX((1,2,3,4,1))),$);
#8823=IFCSHAPEREPRESENTATION(#18,'Profile','Curve3D',(#8822));
#8824=IFCCARTESIANPOINTLIST2D(((0.,0.),(0.83619004487991333,0.),(0.83619004487991333,0.89999997615814209),(0.,0.89999997615814209)));
#8825=IFCINDEXEDPOLYCURVE(#8824,(IFCLINEINDEX((1,2,3,4,1))),$);
#8826=IFCCARTESIANPOINTLIST2D(((0.02500000037252903,0.02500000037252903),(0.8111900445073843,0.02500000037252903),(0.8111900445073843,0.87499997578561306),(0.02500000037252903,0.87499997578561306)));
#8827=IFCINDEXEDPOLYCURVE(#8826,(IFCLINEINDEX((1,2,3,4,1))),$);
#8828=IFCARBITRARYPROFILEDEFWITHVOIDS(.AREA.,$,#8825,(#8827));
#8829=IFCCARTESIANPOINT((0.,0.090000001713633537,0.));
#8830=IFCDIRECTION((0.,-1.,0.));
#8831=IFCDIRECTION((1.,0.,0.));
#8832=IFCAXIS2PLACEMENT3D(#8829,#8830,#8831);
#8833=IFCDIRECTION((0.,0.,-1.));
#8834=IFCEXTRUDEDAREASOLID(#8828,#8832,#8833,0.0099999997764825821);
#8835=IFCCARTESIANPOINTLIST2D(((0.,0.),(0.83619004487991333,0.),(0.83619004487991333,0.89999997615814209),(0.,0.89999997615814209)));
#8836=IFCINDEXEDPOLYCURVE(#8835,(IFCLINEINDEX((1,2,3,4,1))),$);
#8837=IFCCARTESIANPOINTLIST2D(((0.05000000074505806,0.05000000074505806),(0.78619004413485527,0.05000000074505806),(0.78619004413485527,0.84999997541308403),(0.05000000074505806,0.84999997541308403)));
#8838=IFCINDEXEDPOLYCURVE(#8837,(IFCLINEINDEX((1,2,3,4,1))),$);
#8839=IFCARBITRARYPROFILEDEFWITHVOIDS(.AREA.,$,#8836,(#8838));
#8840=IFCCARTESIANPOINT((0.,0.05000000074505806,0.));
#8841=IFCDIRECTION((0.,-1.,0.));
#8842=IFCDIRECTION((1.,0.,0.));
#8843=IFCAXIS2PLACEMENT3D(#8840,#8841,#8842);
#8844=IFCDIRECTION((0.,0.,-1.));
#8845=IFCEXTRUDEDAREASOLID(#8839,#8843,#8844,0.040000000968575478);
#8846=IFCCARTESIANPOINTLIST2D(((0.,0.),(0.78619004413485527,0.),(0.78619004413485527,0.84999997541308403),(0.,0.84999997541308403)));
#8847=IFCINDEXEDPOLYCURVE(#8846,(IFCLINEINDEX((1,2,3,4,1))),$);
#8848=IFCCARTESIANPOINTLIST2D(((0.035000000149011612,0.035000000149011612),(0.75119004398584366,0.035000000149011612),(0.75119004398584366,0.81499997526407242),(0.035000000149011612,0.81499997526407242)));
#8849=IFCINDEXEDPOLYCURVE(#8848,(IFCLINEINDEX((1,2,3,4,1))),$);
#8850=IFCARBITRARYPROFILEDEFWITHVOIDS(.AREA.,$,#8847,(#8849));
#8851=IFCCARTESIANPOINT((0.02500000037252903,0.090000001713633537,0.02500000037252903));
#8852=IFCDIRECTION((0.,-1.,0.));
#8853=IFCDIRECTION((1.,0.,0.));
#8854=IFCAXIS2PLACEMENT3D(#8851,#8852,#8853);
#8855=IFCDIRECTION((0.,0.,-1.));
#8856=IFCEXTRUDEDAREASOLID(#8850,#8854,#8855,0.035000000149011612);
#8857=IFCINDEXEDPOLYCURVE(#8858,(IFCLINEINDEX((1,2,3,4,1))),$);
#8858=IFCCARTESIANPOINTLIST2D(((0.035000000149011612,0.035000000149011612),(0.75119004398584366,0.035000000149011612),(0.75119004398584366,0.81499997526407242),(0.035000000149011612,0.81499997526407242)));
#8859=IFCARBITRARYCLOSEDPROFILEDEF(.AREA.,$,#8857);
#8860=IFCCARTESIANPOINT((0.02500000037252903,0.10250000178813934,0.02500000037252903));
#8861=IFCDIRECTION((0.,-1.,0.));
#8862=IFCDIRECTION((1.,0.,0.));
#8863=IFCAXIS2PLACEMENT3D(#8860,#8861,#8862);
#8864=IFCDIRECTION((0.,0.,-1.));
#8865=IFCEXTRUDEDAREASOLID(#8859,#8863,#8864,0.01);
#8866=IFCSHAPEREPRESENTATION(#11,'Body','SweptSolid',(#8834,#8845,#8856,#8865));
#8867=IFCSHAPEREPRESENTATION(#11,'Body','SweptSolid',(#8834,#8845));
#8868=IFCSHAPEASPECT((#8867),'Lining',$,.T.,#8690);
#8869=IFCSHAPEREPRESENTATION(#11,'Body','SweptSolid',(#8856));
#8870=IFCSHAPEASPECT((#8869),'Framing',$,.T.,#8690);
#8871=IFCSHAPEREPRESENTATION(#11,'Body','SweptSolid',(#8865));
#8872=IFCSHAPEASPECT((#8871),'Glazing',$,.T.,#8690);
#8873=IFCCARTESIANPOINTLIST2D(((0.05000000074505806,0.05000000074505806),(0.78619004413485527,0.05000000074505806)));
#8874=IFCINDEXEDPOLYCURVE(#8873,$,$);
#8875=IFCCARTESIANPOINTLIST2D(((0.,0.10000000149011612),(0.02500000037252903,0.10000000149011612),(0.02500000037252903,0.090000001713633537),(0.05000000074505806,0.090000001713633537),(0.05000000074505806,0.05000000074505806),(0.,0.05000000074505806)));
#8876=IFCINDEXEDPOLYCURVE(#8875,(IFCLINEINDEX((1,2,3,4,5,6,1))),$);
#8877=IFCCARTESIANPOINTLIST2D(((0.83619004487991333,0.10000000149011612),(0.8111900445073843,0.10000000149011612),(0.8111900445073843,0.090000001713633537),(0.78619004413485527,0.090000001713633537),(0.78619004413485527,0.05000000074505806),(0.83619004487991333,0.05000000074505806)));
#8878=IFCINDEXEDPOLYCURVE(#8877,(IFCLINEINDEX((1,2,3,4,5,6,1))),$);
#8879=IFCCARTESIANPOINTLIST2D(((0.02500000037252903,0.090000001713633537),(0.060000000521540642,0.090000001713633537),(0.060000000521540642,0.12500000186264515),(0.02500000037252903,0.12500000186264515)));
#8880=IFCINDEXEDPOLYCURVE(#8879,(IFCLINEINDEX((1,2,3,4,1))),$);
#8881=IFCINDEXEDPOLYCURVE(#8882,(IFCLINEINDEX((1,2,3,4,1))),$);
#8882=IFCCARTESIANPOINTLIST2D(((0.8111900445073843,0.090000001713633537),(0.77619004435837269,0.090000001713633537),(0.77619004435837269,0.12500000186264515),(0.8111900445073843,0.12500000186264515)));
#8883=IFCCARTESIANPOINTLIST2D(((0.060000000521540642,0.090000001713633537),(0.77619004435837269,0.090000001713633537)));
#8884=IFCINDEXEDPOLYCURVE(#8883,$,$);
#8885=IFCINDEXEDPOLYCURVE(#8886,$,$);
#8886=IFCCARTESIANPOINTLIST2D(((0.060000000521540642,0.12500000186264515),(0.77619004435837269,0.12500000186264515)));
#8887=IFCINDEXEDPOLYCURVE(#8888,$,$);
#8888=IFCCARTESIANPOINTLIST2D(((0.060000000521540642,0.10750000178813934),(0.77619004435837269,0.10750000178813934)));
#8889=IFCSHAPEREPRESENTATION(#24,'Body','Curve2D',(#8874,#8876,#8878,#8880,#8881,#8884,#8885,#8887));
#8890=IFCCARTESIANPOINTLIST2D(((0.,0.),(0.83619004487991333,0.),(0.83619004487991333,0.89999997615814209),(0.,0.89999997615814209)));
#8891=IFCINDEXEDPOLYCURVE(#8890,(IFCLINEINDEX((1,2,3,4,1))),$);
#8892=IFCARBITRARYCLOSEDPROFILEDEF(.AREA.,$,#8891);
#8893=IFCCARTESIANPOINT((0.,-0.60000002384185791,0.));
#8894=IFCDIRECTION((0.,-1.,0.));
#8895=IFCDIRECTION((1.,0.,0.));
#8896=IFCAXIS2PLACEMENT3D(#8893,#8894,#8895);
#8897=IFCDIRECTION((0.,0.,-1.));
#8898=IFCEXTRUDEDAREASOLID(#8892,#8896,#8897,1.2);
#8899=IFCSHAPEREPRESENTATION(#11,'Body','SweptSolid',(#8898));
#8905=IFCCARTESIANPOINT((6.1627268115588469,1.9189129178975861E-06,1.));
#8906=IFCDIRECTION((0.,0.,1.));
#8907=IFCDIRECTION((0.99999999999999289,1.1920928244535129E-07,0.));
#8908=IFCAXIS2PLACEMENT3D(#8905,#8906,#8907);
#8909=IFCLOCALPLACEMENT(#9968,#8908);
#8910=IFCCARTESIANPOINT((2.2204460492503131E-16,0.,0.));
#8911=IFCDIRECTION((0.,0.,1.));
#8912=IFCDIRECTION((1.,0.,0.));
#8913=IFCAXIS2PLACEMENT3D(#8910,#8911,#8912);
#8914=IFCLOCALPLACEMENT(#8909,#8913);
#8915=IFCWINDOWTYPE('3dUqudczv0hP2gD8q6Tptk',$,'Masters2-2F',$,$,(#8916),(#8918,#8926,#8974),$,$,.WINDOW.,.SINGLE_PANEL.,$,$);
#8916=IFCPROPERTYSET('3dhyGDdw12zec8xNBsAYtc',$,'BBIM_Window',$,(#8917));
#8917=IFCPROPERTYSINGLEVALUE('Data',$,IFCTEXT('{"window_type": "SINGLE_PANEL", "overall_height": 0.8999999761581421, "overall_width": 0.8361900448799133, "lining_properties": {"lining_depth": 0.05000000074505806, "lining_thickness": 0.05000000074505806, "lining_offset": 0.05000000074505806, "lining_to_panel_offset_x": 0.02500000037252903, "lining_to_panel_offset_y": 0.02500000037252903}, "panel_properties": {"frame_depth": [0.03500000014901161, 0.03500000014901161, 0.03500000014901161], "frame_thickness": [0.03500000014901161, 0.03500000014901161, 0.03500000014901161]}}'),$);
#8918=IFCREPRESENTATIONMAP(#8919,#8923);
#8919=IFCAXIS2PLACEMENT3D(#8920,#8921,#8922);
#8920=IFCCARTESIANPOINT((0.,0.,0.));
#8921=IFCDIRECTION((0.,0.,1.));
#8922=IFCDIRECTION((1.,0.,0.));
#8923=IFCSHAPEREPRESENTATION(#18,'Profile','Curve3D',(#8924));
#8924=IFCINDEXEDPOLYCURVE(#8925,(IFCLINEINDEX((1,2,3,4,1))),$);
#8925=IFCCARTESIANPOINTLIST3D(((0.,0.,0.),(0.83619004487991333,0.,0.),(0.83619004487991333,0.,0.89999997615814209),(0.,0.,0.89999997615814209)));
#8926=IFCREPRESENTATIONMAP(#8927,#8931);
#8927=IFCAXIS2PLACEMENT3D(#8928,#8929,#8930);
#8928=IFCCARTESIANPOINT((0.,0.,0.));
#8929=IFCDIRECTION((0.,0.,1.));
#8930=IFCDIRECTION((1.,0.,0.));
#8931=IFCSHAPEREPRESENTATION(#11,'Body','SweptSolid',(#8932,#8943,#8954,#8965));
#8932=IFCEXTRUDEDAREASOLID(#8933,#8938,#8942,0.0099999997764825821);
#8933=IFCARBITRARYPROFILEDEFWITHVOIDS(.AREA.,$,#8934,(#8936));
#8934=IFCINDEXEDPOLYCURVE(#8935,(IFCLINEINDEX((1,2,3,4,1))),$);
#8935=IFCCARTESIANPOINTLIST2D(((0.,0.),(0.83619004487991333,0.),(0.83619004487991333,0.89999997615814209),(0.,0.89999997615814209)));
#8936=IFCINDEXEDPOLYCURVE(#8937,(IFCLINEINDEX((1,2,3,4,1))),$);
#8937=IFCCARTESIANPOINTLIST2D(((0.02500000037252903,0.02500000037252903),(0.8111900445073843,0.02500000037252903),(0.8111900445073843,0.87499997578561306),(0.02500000037252903,0.87499997578561306)));
#8938=IFCAXIS2PLACEMENT3D(#8939,#8940,#8941);
#8939=IFCCARTESIANPOINT((0.,0.090000001713633537,0.));
#8940=IFCDIRECTION((0.,-1.,0.));
#8941=IFCDIRECTION((1.,0.,0.));
#8942=IFCDIRECTION((0.,0.,-1.));
#8943=IFCEXTRUDEDAREASOLID(#8944,#8949,#8953,0.040000000968575478);
#8944=IFCARBITRARYPROFILEDEFWITHVOIDS(.AREA.,$,#8945,(#8947));
#8945=IFCINDEXEDPOLYCURVE(#8946,(IFCLINEINDEX((1,2,3,4,1))),$);
#8946=IFCCARTESIANPOINTLIST2D(((0.,0.),(0.83619004487991333,0.),(0.83619004487991333,0.89999997615814209),(0.,0.89999997615814209)));
#8947=IFCINDEXEDPOLYCURVE(#8948,(IFCLINEINDEX((1,2,3,4,1))),$);
#8948=IFCCARTESIANPOINTLIST2D(((0.05000000074505806,0.05000000074505806),(0.78619004413485527,0.05000000074505806),(0.78619004413485527,0.84999997541308403),(0.05000000074505806,0.84999997541308403)));
#8949=IFCAXIS2PLACEMENT3D(#8950,#8951,#8952);
#8950=IFCCARTESIANPOINT((0.,0.05000000074505806,0.));
#8951=IFCDIRECTION((0.,-1.,0.));
#8952=IFCDIRECTION((1.,0.,0.));
#8953=IFCDIRECTION((0.,0.,-1.));
#8954=IFCEXTRUDEDAREASOLID(#8955,#8960,#8964,0.035000000149011612);
#8955=IFCARBITRARYPROFILEDEFWITHVOIDS(.AREA.,$,#8956,(#8958));
#8956=IFCINDEXEDPOLYCURVE(#8957,(IFCLINEINDEX((1,2,3,4,1))),$);
#8957=IFCCARTESIANPOINTLIST2D(((0.,0.),(0.78619004413485527,0.),(0.78619004413485527,0.84999997541308403),(0.,0.84999997541308403)));
#8958=IFCINDEXEDPOLYCURVE(#8959,(IFCLINEINDEX((1,2,3,4,1))),$);
#8959=IFCCARTESIANPOINTLIST2D(((0.035000000149011612,0.035000000149011612),(0.75119004398584366,0.035000000149011612),(0.75119004398584366,0.81499997526407242),(0.035000000149011612,0.81499997526407242)));
#8960=IFCAXIS2PLACEMENT3D(#8961,#8962,#8963);
#8961=IFCCARTESIANPOINT((0.02500000037252903,0.090000001713633537,0.02500000037252903));
#8962=IFCDIRECTION((0.,-1.,0.));
#8963=IFCDIRECTION((1.,0.,0.));
#8964=IFCDIRECTION((0.,0.,-1.));
#8965=IFCEXTRUDEDAREASOLID(#8966,#8969,#8973,0.01);
#8966=IFCARBITRARYCLOSEDPROFILEDEF(.AREA.,$,#8967);
#8967=IFCINDEXEDPOLYCURVE(#8968,(IFCLINEINDEX((1,2,3,4,1))),$);
#8968=IFCCARTESIANPOINTLIST2D(((0.035000000149011612,0.035000000149011612),(0.75119004398584366,0.035000000149011612),(0.75119004398584366,0.81499997526407242),(0.035000000149011612,0.81499997526407242)));
#8969=IFCAXIS2PLACEMENT3D(#8970,#8971,#8972);
#8970=IFCCARTESIANPOINT((0.02500000037252903,0.10250000178813934,0.02500000037252903));
#8971=IFCDIRECTION((0.,-1.,0.));
#8972=IFCDIRECTION((1.,0.,0.));
#8973=IFCDIRECTION((0.,0.,-1.));
#8974=IFCREPRESENTATIONMAP(#8975,#8979);
#8975=IFCAXIS2PLACEMENT3D(#8976,#8977,#8978);
#8976=IFCCARTESIANPOINT((0.,0.,0.));
#8977=IFCDIRECTION((0.,0.,1.));
#8978=IFCDIRECTION((1.,0.,0.));
#8979=IFCSHAPEREPRESENTATION(#24,'Body','Curve2D',(#8980,#8982,#8984,#8986,#8988,#8990,#8992,#8994));
#8980=IFCINDEXEDPOLYCURVE(#8981,$,$);
#8981=IFCCARTESIANPOINTLIST2D(((0.05000000074505806,0.05000000074505806),(0.78619004413485527,0.05000000074505806)));
#8982=IFCINDEXEDPOLYCURVE(#8983,(IFCLINEINDEX((1,2,3,4,5,6,1))),$);
#8983=IFCCARTESIANPOINTLIST2D(((0.,0.10000000149011612),(0.02500000037252903,0.10000000149011612),(0.02500000037252903,0.090000001713633537),(0.05000000074505806,0.090000001713633537),(0.05000000074505806,0.05000000074505806),(0.,0.05000000074505806)));
#8984=IFCINDEXEDPOLYCURVE(#8985,(IFCLINEINDEX((1,2,3,4,5,6,1))),$);
#8985=IFCCARTESIANPOINTLIST2D(((0.83619004487991333,0.10000000149011612),(0.8111900445073843,0.10000000149011612),(0.8111900445073843,0.090000001713633537),(0.78619004413485527,0.090000001713633537),(0.78619004413485527,0.05000000074505806),(0.83619004487991333,0.05000000074505806)));
#8986=IFCINDEXEDPOLYCURVE(#8987,(IFCLINEINDEX((1,2,3,4,1))),$);
#8987=IFCCARTESIANPOINTLIST2D(((0.02500000037252903,0.090000001713633537),(0.060000000521540642,0.090000001713633537),(0.060000000521540642,0.12500000186264515),(0.02500000037252903,0.12500000186264515)));
#8988=IFCINDEXEDPOLYCURVE(#8989,(IFCLINEINDEX((1,2,3,4,1))),$);
#8989=IFCCARTESIANPOINTLIST2D(((0.8111900445073843,0.090000001713633537),(0.77619004435837269,0.090000001713633537),(0.77619004435837269,0.12500000186264515),(0.8111900445073843,0.12500000186264515)));
#8990=IFCINDEXEDPOLYCURVE(#8991,$,$);
#8991=IFCCARTESIANPOINTLIST2D(((0.060000000521540642,0.090000001713633537),(0.77619004435837269,0.090000001713633537)));
#8992=IFCINDEXEDPOLYCURVE(#8993,$,$);
#8993=IFCCARTESIANPOINTLIST2D(((0.060000000521540642,0.12500000186264515),(0.77619004435837269,0.12500000186264515)));
#8994=IFCINDEXEDPOLYCURVE(#8995,$,$);
#8995=IFCCARTESIANPOINTLIST2D(((0.060000000521540642,0.10750000178813934),(0.77619004435837269,0.10750000178813934)));
#8996=IFCWINDOW('0u_kfrD558axstUDDZdBMC',$,'Window',$,$,#9542,#9005,$,0.89999997615814209,0.83619004487991333,$,$,$);
#8997=IFCRELDEFINESBYTYPE('3r3FdtKd90DwGZeyWiUuxO',$,$,$,(#8996),#8915);
#8998=IFCCARTESIANPOINT((0.,0.,0.));
#8999=IFCDIRECTION((1.,0.,0.));
#9000=IFCDIRECTION((0.,1.,0.));
#9001=IFCDIRECTION((0.,0.,1.));
#9002=IFCCARTESIANTRANSFORMATIONOPERATOR3D(#8999,#9000,#8998,1.,#9001);
#9003=IFCMAPPEDITEM(#8918,#9002);
#9004=IFCSHAPEREPRESENTATION(#18,'Profile','MappedRepresentation',(#9003));
#9005=IFCPRODUCTDEFINITIONSHAPE($,$,(#9004,#9012,#9019));
#9006=IFCCARTESIANPOINT((0.,0.,0.));
#9007=IFCDIRECTION((1.,0.,0.));
#9008=IFCDIRECTION((0.,1.,0.));
#9009=IFCDIRECTION((0.,0.,1.));
#9010=IFCCARTESIANTRANSFORMATIONOPERATOR3D(#9007,#9008,#9006,1.,#9009);
#9011=IFCMAPPEDITEM(#8926,#9010);
#9012=IFCSHAPEREPRESENTATION(#11,'Body','MappedRepresentation',(#9011));
#9013=IFCCARTESIANPOINT((0.,0.,0.));
#9014=IFCDIRECTION((1.,0.,0.));
#9015=IFCDIRECTION((0.,1.,0.));
#9016=IFCDIRECTION((0.,0.,1.));
#9017=IFCCARTESIANTRANSFORMATIONOPERATOR3D(#9014,#9015,#9013,1.,#9016);
#9018=IFCMAPPEDITEM(#8974,#9017);
#9019=IFCSHAPEREPRESENTATION(#24,'Body','MappedRepresentation',(#9018));
#9020=IFCOPENINGELEMENT('1lbG4HPOz4Vgc1Dx7RwV7l',$,'Opening',$,$,#9070,#9048,$,.OPENING.);
#9026=IFCCARTESIANPOINTLIST2D(((0.,0.),(0.83619004487991333,0.),(0.83619004487991333,0.89999997615814209),(0.,0.89999997615814209)));
#9027=IFCINDEXEDPOLYCURVE(#9026,(IFCLINEINDEX((1,2,3,4,1))),$);
#9028=IFCARBITRARYCLOSEDPROFILEDEF(.AREA.,$,#9027);
#9029=IFCCARTESIANPOINT((0.,-0.60000002384185791,0.));
#9030=IFCDIRECTION((0.,-1.,0.));
#9031=IFCDIRECTION((1.,0.,0.));
#9032=IFCAXIS2PLACEMENT3D(#9029,#9030,#9031);
#9033=IFCDIRECTION((0.,0.,-1.));
#9034=IFCEXTRUDEDAREASOLID(#9028,#9032,#9033,1.2);
#9035=IFCSHAPEREPRESENTATION(#11,'Body','SweptSolid',(#9034));
#9036=IFCCARTESIANPOINT((0.,0.,0.));
#9037=IFCDIRECTION((1.,0.,0.));
#9038=IFCDIRECTION((0.,0.,1.));
#9039=IFCAXIS2PLACEMENT3D(#9036,#9038,#9037);
#9040=IFCREPRESENTATIONMAP(#9039,#9035);
#9041=IFCCARTESIANPOINT((0.,0.,0.));
#9042=IFCDIRECTION((1.,0.,0.));
#9043=IFCDIRECTION((0.,1.,0.));
#9044=IFCDIRECTION((0.,0.,1.));
#9045=IFCCARTESIANTRANSFORMATIONOPERATOR3D(#9042,#9043,#9041,1.,#9044);
#9046=IFCMAPPEDITEM(#9040,#9045);
#9047=IFCSHAPEREPRESENTATION(#11,'Body','MappedRepresentation',(#9046));
#9048=IFCPRODUCTDEFINITIONSHAPE($,$,(#9047));
#9049=IFCRELVOIDSELEMENT('0rcs_3GPLFmeoeaaSNRZxP',$,$,$,#6220,#9020);
#9055=IFCRELFILLSELEMENT('0CHTjYGr15$ezLlOdDmyNO',$,$,$,#9020,#8996);
#9066=IFCCARTESIANPOINT((3.5758201400346987,6.8370746753032563E-07,1.));
#9067=IFCDIRECTION((0.,0.,1.));
#9068=IFCDIRECTION((0.99999999999999289,1.1920928244535129E-07,0.));
#9069=IFCAXIS2PLACEMENT3D(#9066,#9067,#9068);
#9070=IFCLOCALPLACEMENT(#9968,#9069);
#9157=IFCWINDOWTYPE('0kwp9tY5DEzxN1sGMALDNd',$,'Bedroom1',$,$,(#9158),(#9160,#9168,#9216),$,$,.WINDOW.,.SINGLE_PANEL.,$,$);
#9158=IFCPROPERTYSET('1kUekyz$zDKxJgF32rJgdf',$,'BBIM_Window',$,(#9159));
#9159=IFCPROPERTYSINGLEVALUE('Data',$,IFCTEXT('{"window_type": "SINGLE_PANEL", "overall_height": 0.8999999761581421, "overall_width": 0.8361900448799133, "lining_properties": {"lining_depth": 0.05000000074505806, "lining_thickness": 0.05000000074505806, "lining_offset": 0.05000000074505806, "lining_to_panel_offset_x": 0.02500000037252903, "lining_to_panel_offset_y": 0.02500000037252903}, "panel_properties": {"frame_depth": [0.03500000014901161, 0.03500000014901161, 0.03500000014901161], "frame_thickness": [0.03500000014901161, 0.03500000014901161, 0.03500000014901161]}}'),$);
#9160=IFCREPRESENTATIONMAP(#9161,#9165);
#9161=IFCAXIS2PLACEMENT3D(#9162,#9163,#9164);
#9162=IFCCARTESIANPOINT((0.,0.,0.));
#9163=IFCDIRECTION((0.,0.,1.));
#9164=IFCDIRECTION((1.,0.,0.));
#9165=IFCSHAPEREPRESENTATION(#18,'Profile','Curve3D',(#9166));
#9166=IFCINDEXEDPOLYCURVE(#9167,(IFCLINEINDEX((1,2,3,4,1))),$);
#9167=IFCCARTESIANPOINTLIST3D(((0.,0.,0.),(0.83619004487991333,0.,0.),(0.83619004487991333,0.,0.89999997615814209),(0.,0.,0.89999997615814209)));
#9168=IFCREPRESENTATIONMAP(#9169,#9173);
#9169=IFCAXIS2PLACEMENT3D(#9170,#9171,#9172);
#9170=IFCCARTESIANPOINT((0.,0.,0.));
#9171=IFCDIRECTION((0.,0.,1.));
#9172=IFCDIRECTION((1.,0.,0.));
#9173=IFCSHAPEREPRESENTATION(#11,'Body','SweptSolid',(#9174,#9185,#9196,#9207));
#9174=IFCEXTRUDEDAREASOLID(#9175,#9180,#9184,0.0099999997764825821);
#9175=IFCARBITRARYPROFILEDEFWITHVOIDS(.AREA.,$,#9176,(#9178));
#9176=IFCINDEXEDPOLYCURVE(#9177,(IFCLINEINDEX((1,2,3,4,1))),$);
#9177=IFCCARTESIANPOINTLIST2D(((0.,0.),(0.83619004487991333,0.),(0.83619004487991333,0.89999997615814209),(0.,0.89999997615814209)));
#9178=IFCINDEXEDPOLYCURVE(#9179,(IFCLINEINDEX((1,2,3,4,1))),$);
#9179=IFCCARTESIANPOINTLIST2D(((0.02500000037252903,0.02500000037252903),(0.8111900445073843,0.02500000037252903),(0.8111900445073843,0.87499997578561306),(0.02500000037252903,0.87499997578561306)));
#9180=IFCAXIS2PLACEMENT3D(#9181,#9182,#9183);
#9181=IFCCARTESIANPOINT((0.,0.090000001713633537,0.));
#9182=IFCDIRECTION((0.,-1.,0.));
#9183=IFCDIRECTION((1.,0.,0.));
#9184=IFCDIRECTION((0.,0.,-1.));
#9185=IFCEXTRUDEDAREASOLID(#9186,#9191,#9195,0.040000000968575478);
#9186=IFCARBITRARYPROFILEDEFWITHVOIDS(.AREA.,$,#9187,(#9189));
#9187=IFCINDEXEDPOLYCURVE(#9188,(IFCLINEINDEX((1,2,3,4,1))),$);
#9188=IFCCARTESIANPOINTLIST2D(((0.,0.),(0.83619004487991333,0.),(0.83619004487991333,0.89999997615814209),(0.,0.89999997615814209)));
#9189=IFCINDEXEDPOLYCURVE(#9190,(IFCLINEINDEX((1,2,3,4,1))),$);
#9190=IFCCARTESIANPOINTLIST2D(((0.05000000074505806,0.05000000074505806),(0.78619004413485527,0.05000000074505806),(0.78619004413485527,0.84999997541308403),(0.05000000074505806,0.84999997541308403)));
#9191=IFCAXIS2PLACEMENT3D(#9192,#9193,#9194);
#9192=IFCCARTESIANPOINT((0.,0.05000000074505806,0.));
#9193=IFCDIRECTION((0.,-1.,0.));
#9194=IFCDIRECTION((1.,0.,0.));
#9195=IFCDIRECTION((0.,0.,-1.));
#9196=IFCEXTRUDEDAREASOLID(#9197,#9202,#9206,0.035000000149011612);
#9197=IFCARBITRARYPROFILEDEFWITHVOIDS(.AREA.,$,#9198,(#9200));
#9198=IFCINDEXEDPOLYCURVE(#9199,(IFCLINEINDEX((1,2,3,4,1))),$);
#9199=IFCCARTESIANPOINTLIST2D(((0.,0.),(0.78619004413485527,0.),(0.78619004413485527,0.84999997541308403),(0.,0.84999997541308403)));
#9200=IFCINDEXEDPOLYCURVE(#9201,(IFCLINEINDEX((1,2,3,4,1))),$);
#9201=IFCCARTESIANPOINTLIST2D(((0.035000000149011612,0.035000000149011612),(0.75119004398584366,0.035000000149011612),(0.75119004398584366,0.81499997526407242),(0.035000000149011612,0.81499997526407242)));
#9202=IFCAXIS2PLACEMENT3D(#9203,#9204,#9205);
#9203=IFCCARTESIANPOINT((0.02500000037252903,0.090000001713633537,0.02500000037252903));
#9204=IFCDIRECTION((0.,-1.,0.));
#9205=IFCDIRECTION((1.,0.,0.));
#9206=IFCDIRECTION((0.,0.,-1.));
#9207=IFCEXTRUDEDAREASOLID(#9208,#9211,#9215,0.01);
#9208=IFCARBITRARYCLOSEDPROFILEDEF(.AREA.,$,#9209);
#9209=IFCINDEXEDPOLYCURVE(#9210,(IFCLINEINDEX((1,2,3,4,1))),$);
#9210=IFCCARTESIANPOINTLIST2D(((0.035000000149011612,0.035000000149011612),(0.75119004398584366,0.035000000149011612),(0.75119004398584366,0.81499997526407242),(0.035000000149011612,0.81499997526407242)));
#9211=IFCAXIS2PLACEMENT3D(#9212,#9213,#9214);
#9212=IFCCARTESIANPOINT((0.02500000037252903,0.10250000178813934,0.02500000037252903));
#9213=IFCDIRECTION((0.,-1.,0.));
#9214=IFCDIRECTION((1.,0.,0.));
#9215=IFCDIRECTION((0.,0.,-1.));
#9216=IFCREPRESENTATIONMAP(#9217,#9221);
#9217=IFCAXIS2PLACEMENT3D(#9218,#9219,#9220);
#9218=IFCCARTESIANPOINT((0.,0.,0.));
#9219=IFCDIRECTION((0.,0.,1.));
#9220=IFCDIRECTION((1.,0.,0.));
#9221=IFCSHAPEREPRESENTATION(#24,'Body','Curve2D',(#9222,#9224,#9226,#9228,#9230,#9232,#9234,#9236));
#9222=IFCINDEXEDPOLYCURVE(#9223,$,$);
#9223=IFCCARTESIANPOINTLIST2D(((0.05000000074505806,0.05000000074505806),(0.78619004413485527,0.05000000074505806)));
#9224=IFCINDEXEDPOLYCURVE(#9225,(IFCLINEINDEX((1,2,3,4,5,6,1))),$);
#9225=IFCCARTESIANPOINTLIST2D(((0.,0.10000000149011612),(0.02500000037252903,0.10000000149011612),(0.02500000037252903,0.090000001713633537),(0.05000000074505806,0.090000001713633537),(0.05000000074505806,0.05000000074505806),(0.,0.05000000074505806)));
#9226=IFCINDEXEDPOLYCURVE(#9227,(IFCLINEINDEX((1,2,3,4,5,6,1))),$);
#9227=IFCCARTESIANPOINTLIST2D(((0.83619004487991333,0.10000000149011612),(0.8111900445073843,0.10000000149011612),(0.8111900445073843,0.090000001713633537),(0.78619004413485527,0.090000001713633537),(0.78619004413485527,0.05000000074505806),(0.83619004487991333,0.05000000074505806)));
#9228=IFCINDEXEDPOLYCURVE(#9229,(IFCLINEINDEX((1,2,3,4,1))),$);
#9229=IFCCARTESIANPOINTLIST2D(((0.02500000037252903,0.090000001713633537),(0.060000000521540642,0.090000001713633537),(0.060000000521540642,0.12500000186264515),(0.02500000037252903,0.12500000186264515)));
#9230=IFCINDEXEDPOLYCURVE(#9231,(IFCLINEINDEX((1,2,3,4,1))),$);
#9231=IFCCARTESIANPOINTLIST2D(((0.8111900445073843,0.090000001713633537),(0.77619004435837269,0.090000001713633537),(0.77619004435837269,0.12500000186264515),(0.8111900445073843,0.12500000186264515)));
#9232=IFCINDEXEDPOLYCURVE(#9233,$,$);
#9233=IFCCARTESIANPOINTLIST2D(((0.060000000521540642,0.090000001713633537),(0.77619004435837269,0.090000001713633537)));
#9234=IFCINDEXEDPOLYCURVE(#9235,$,$);
#9235=IFCCARTESIANPOINTLIST2D(((0.060000000521540642,0.12500000186264515),(0.77619004435837269,0.12500000186264515)));
#9236=IFCINDEXEDPOLYCURVE(#9237,$,$);
#9237=IFCCARTESIANPOINTLIST2D(((0.060000000521540642,0.10750000178813934),(0.77619004435837269,0.10750000178813934)));
#9238=IFCWINDOW('1uRZsguLPAQPx7AYQ9rD5A',$,'Window',$,$,#9547,#9247,$,0.89999997615814209,0.83619004487991333,$,$,$);
#9239=IFCRELDEFINESBYTYPE('2vC531mNjCve_HspT4jJdN',$,$,$,(#9238),#9157);
#9240=IFCCARTESIANPOINT((0.,0.,0.));
#9241=IFCDIRECTION((1.,0.,0.));
#9242=IFCDIRECTION((0.,1.,0.));
#9243=IFCDIRECTION((0.,0.,1.));
#9244=IFCCARTESIANTRANSFORMATIONOPERATOR3D(#9241,#9242,#9240,1.,#9243);
#9245=IFCMAPPEDITEM(#9160,#9244);
#9246=IFCSHAPEREPRESENTATION(#18,'Profile','MappedRepresentation',(#9245));
#9247=IFCPRODUCTDEFINITIONSHAPE($,$,(#9246,#9254,#9261));
#9248=IFCCARTESIANPOINT((0.,0.,0.));
#9249=IFCDIRECTION((1.,0.,0.));
#9250=IFCDIRECTION((0.,1.,0.));
#9251=IFCDIRECTION((0.,0.,1.));
#9252=IFCCARTESIANTRANSFORMATIONOPERATOR3D(#9249,#9250,#9248,1.,#9251);
#9253=IFCMAPPEDITEM(#9168,#9252);
#9254=IFCSHAPEREPRESENTATION(#11,'Body','MappedRepresentation',(#9253));
#9255=IFCCARTESIANPOINT((0.,0.,0.));
#9256=IFCDIRECTION((1.,0.,0.));
#9257=IFCDIRECTION((0.,1.,0.));
#9258=IFCDIRECTION((0.,0.,1.));
#9259=IFCCARTESIANTRANSFORMATIONOPERATOR3D(#9256,#9257,#9255,1.,#9258);
#9260=IFCMAPPEDITEM(#9216,#9259);
#9261=IFCSHAPEREPRESENTATION(#24,'Body','MappedRepresentation',(#9260));
#9262=IFCOPENINGELEMENT('0raXwZC813cwzcG9Ink$CX',$,'Opening',$,$,#9312,#9290,$,.OPENING.);
#9268=IFCCARTESIANPOINTLIST2D(((0.,0.),(0.83619004487991333,0.),(0.83619004487991333,0.89999997615814209),(0.,0.89999997615814209)));
#9269=IFCINDEXEDPOLYCURVE(#9268,(IFCLINEINDEX((1,2,3,4,1))),$);
#9270=IFCARBITRARYCLOSEDPROFILEDEF(.AREA.,$,#9269);
#9271=IFCCARTESIANPOINT((0.,-0.60000002384185791,0.));
#9272=IFCDIRECTION((0.,-1.,0.));
#9273=IFCDIRECTION((1.,0.,0.));
#9274=IFCAXIS2PLACEMENT3D(#9271,#9272,#9273);
#9275=IFCDIRECTION((0.,0.,-1.));
#9276=IFCEXTRUDEDAREASOLID(#9270,#9274,#9275,1.2);
#9277=IFCSHAPEREPRESENTATION(#11,'Body','SweptSolid',(#9276));
#9278=IFCCARTESIANPOINT((0.,0.,0.));
#9279=IFCDIRECTION((1.,0.,0.));
#9280=IFCDIRECTION((0.,0.,1.));
#9281=IFCAXIS2PLACEMENT3D(#9278,#9280,#9279);
#9282=IFCREPRESENTATIONMAP(#9281,#9277);
#9283=IFCCARTESIANPOINT((0.,0.,0.));
#9284=IFCDIRECTION((1.,0.,0.));
#9285=IFCDIRECTION((0.,1.,0.));
#9286=IFCDIRECTION((0.,0.,1.));
#9287=IFCCARTESIANTRANSFORMATIONOPERATOR3D(#9284,#9285,#9283,1.,#9286);
#9288=IFCMAPPEDITEM(#9282,#9287);
#9289=IFCSHAPEREPRESENTATION(#11,'Body','MappedRepresentation',(#9288));
#9290=IFCPRODUCTDEFINITIONSHAPE($,$,(#9289));
#9291=IFCRELVOIDSELEMENT('1MMpfx3PfEbP3awmrN7zTd',$,$,$,#6220,#9262);
#9297=IFCRELFILLSELEMENT('3Q0Nb3HHr2chJ_FgwNgEeO',$,$,$,#9262,#9238);
#9308=IFCCARTESIANPOINT((1.5512275020189215,3.597228044327494E-07,1.));
#9309=IFCDIRECTION((0.,0.,1.));
#9310=IFCDIRECTION((0.99999999999999289,1.1920928244535129E-07,0.));
#9311=IFCAXIS2PLACEMENT3D(#9308,#9309,#9310);
#9312=IFCLOCALPLACEMENT(#9968,#9311);
#9318=IFCWINDOWTYPE('1gXcFgZz9DjfBcT_OMBgzN',$,'Bedroom1w2-2F',$,$,(#9319),(#9321,#9329,#9415),$,$,.WINDOW.,.SINGLE_PANEL.,$,$);
#9319=IFCPROPERTYSET('1WdxEVjuvEcxFfC2lBIgkZ',$,'BBIM_Window',$,(#9320));
#9320=IFCPROPERTYSINGLEVALUE('Data',$,IFCTEXT('{"window_type": "DOUBLE_PANEL_VERTICAL", "overall_height": 0.8999999761581421, "overall_width": 1.2256964445114136, "lining_properties": {"lining_depth": 0.05000000074505806, "lining_thickness": 0.05000000074505806, "lining_offset": 0.05000000074505806, "lining_to_panel_offset_x": 0.02500000037252903, "lining_to_panel_offset_y": 0.02500000037252903, "mullion_thickness": 0.05000000074505806, "first_mullion_offset": 0.6136178374290466}, "panel_properties": {"frame_depth": [0.03500000014901161, 0.03500000014901161, 0.03500000014901161], "frame_thickness": [0.03500000014901161, 0.03500000014901161, 0.03500000014901161]}}'),$);
#9321=IFCREPRESENTATIONMAP(#9322,#9326);
#9322=IFCAXIS2PLACEMENT3D(#9323,#9324,#9325);
#9323=IFCCARTESIANPOINT((0.,0.,0.));
#9324=IFCDIRECTION((0.,0.,1.));
#9325=IFCDIRECTION((1.,0.,0.));
#9326=IFCSHAPEREPRESENTATION(#18,'Profile','Curve3D',(#9327));
#9327=IFCINDEXEDPOLYCURVE(#9328,(IFCLINEINDEX((1,2,3,4,1))),$);
#9328=IFCCARTESIANPOINTLIST3D(((0.,0.,0.),(1.2256964445114136,0.,0.),(1.2256964445114136,0.,0.89999997615814209),(0.,0.,0.89999997615814209)));
#9329=IFCREPRESENTATIONMAP(#9330,#9334);
#9330=IFCAXIS2PLACEMENT3D(#9331,#9332,#9333);
#9331=IFCCARTESIANPOINT((0.,0.,0.));
#9332=IFCDIRECTION((0.,0.,1.));
#9333=IFCDIRECTION((1.,0.,0.));
#9334=IFCSHAPEREPRESENTATION(#11,'Body','SweptSolid',(#9335,#9344,#9355,#9366,#9375,#9384,#9395,#9406));
#9335=IFCEXTRUDEDAREASOLID(#9336,#9339,#9343,0.0099999997764825821);
#9336=IFCARBITRARYCLOSEDPROFILEDEF(.AREA.,$,#9337);
#9337=IFCINDEXEDPOLYCURVE(#9338,(IFCLINEINDEX((1,2,3,4,5,6,7,8,1))),$);
#9338=IFCCARTESIANPOINTLIST2D(((0.61361783742904663,0.),(0.,0.),(0.,0.89999997615814209),(0.61361783742904663,0.89999997615814209),(0.61361783742904663,0.87499997578561306),(0.02500000037252903,0.87499997578561306),(0.02500000037252903,0.02500000037252903),(0.61361783742904663,0.02500000037252903)));
#9339=IFCAXIS2PLACEMENT3D(#9340,#9341,#9342);
#9340=IFCCARTESIANPOINT((0.,0.090000001713633537,0.));
#9341=IFCDIRECTION((0.,-1.,0.));
#9342=IFCDIRECTION((1.,0.,0.));
#9343=IFCDIRECTION((0.,0.,-1.));
#9344=IFCEXTRUDEDAREASOLID(#9345,#9350,#9354,0.040000000968575478);
#9345=IFCARBITRARYPROFILEDEFWITHVOIDS(.AREA.,$,#9346,(#9348));
#9346=IFCINDEXEDPOLYCURVE(#9347,(IFCLINEINDEX((1,2,3,4,1))),$);
#9347=IFCCARTESIANPOINTLIST2D(((0.,0.),(0.61361783742904663,0.),(0.61361783742904663,0.89999997615814209),(0.,0.89999997615814209)));
#9348=IFCINDEXEDPOLYCURVE(#9349,(IFCLINEINDEX((1,2,3,4,1))),$);
#9349=IFCCARTESIANPOINTLIST2D(((0.05000000074505806,0.05000000074505806),(0.5886178370565176,0.05000000074505806),(0.5886178370565176,0.84999997541308403),(0.05000000074505806,0.84999997541308403)));
#9350=IFCAXIS2PLACEMENT3D(#9351,#9352,#9353);
#9351=IFCCARTESIANPOINT((0.,0.05000000074505806,0.));
#9352=IFCDIRECTION((0.,-1.,0.));
#9353=IFCDIRECTION((1.,0.,0.));
#9354=IFCDIRECTION((0.,0.,-1.));
#9355=IFCEXTRUDEDAREASOLID(#9356,#9361,#9365,0.035000000149011612);
#9356=IFCARBITRARYPROFILEDEFWITHVOIDS(.AREA.,$,#9357,(#9359));
#9357=IFCINDEXEDPOLYCURVE(#9358,(IFCLINEINDEX((1,2,3,4,1))),$);
#9358=IFCCARTESIANPOINTLIST2D(((0.,0.),(0.5886178370565176,0.),(0.5886178370565176,0.84999997541308403),(0.,0.84999997541308403)));
#9359=IFCINDEXEDPOLYCURVE(#9360,(IFCLINEINDEX((1,2,3,4,1))),$);
#9360=IFCCARTESIANPOINTLIST2D(((0.035000000149011612,0.035000000149011612),(0.55361783690750599,0.035000000149011612),(0.55361783690750599,0.81499997526407242),(0.035000000149011612,0.81499997526407242)));
#9361=IFCAXIS2PLACEMENT3D(#9362,#9363,#9364);
#9362=IFCCARTESIANPOINT((0.02500000037252903,0.090000001713633537,0.02500000037252903));
#9363=IFCDIRECTION((0.,-1.,0.));
#9364=IFCDIRECTION((1.,0.,0.));
#9365=IFCDIRECTION((0.,0.,-1.));
#9366=IFCEXTRUDEDAREASOLID(#9367,#9370,#9374,0.01);
#9367=IFCARBITRARYCLOSEDPROFILEDEF(.AREA.,$,#9368);
#9368=IFCINDEXEDPOLYCURVE(#9369,(IFCLINEINDEX((1,2,3,4,1))),$);
#9369=IFCCARTESIANPOINTLIST2D(((0.035000000149011612,0.035000000149011612),(0.55361783690750599,0.035000000149011612),(0.55361783690750599,0.81499997526407242),(0.035000000149011612,0.81499997526407242)));
#9370=IFCAXIS2PLACEMENT3D(#9371,#9372,#9373);
#9371=IFCCARTESIANPOINT((0.02500000037252903,0.10250000178813934,0.02500000037252903));
#9372=IFCDIRECTION((0.,-1.,0.));
#9373=IFCDIRECTION((1.,0.,0.));
#9374=IFCDIRECTION((0.,0.,-1.));
#9375=IFCEXTRUDEDAREASOLID(#9376,#9379,#9383,0.0099999997764825821);
#9376=IFCARBITRARYCLOSEDPROFILEDEF(.AREA.,$,#9377);
#9377=IFCINDEXEDPOLYCURVE(#9378,(IFCLINEINDEX((1,2,3,4,5,6,7,8,1))),$);
#9378=IFCCARTESIANPOINTLIST2D(((0.,0.89999997615814209),(0.61207860708236694,0.89999997615814209),(0.61207860708236694,0.),(0.,0.),(0.,0.02500000037252903),(0.58707860670983791,0.02500000037252903),(0.58707860670983791,0.87499997578561306),(0.,0.87499997578561306)));
#9379=IFCAXIS2PLACEMENT3D(#9380,#9381,#9382);
#9380=IFCCARTESIANPOINT((0.61361783742904663,0.090000001713633537,0.));
#9381=IFCDIRECTION((0.,-1.,0.));
#9382=IFCDIRECTION((1.,0.,0.));
#9383=IFCDIRECTION((0.,0.,-1.));
#9384=IFCEXTRUDEDAREASOLID(#9385,#9390,#9394,0.040000000968575478);
#9385=IFCARBITRARYPROFILEDEFWITHVOIDS(.AREA.,$,#9386,(#9388));
#9386=IFCINDEXEDPOLYCURVE(#9387,(IFCLINEINDEX((1,2,3,4,1))),$);
#9387=IFCCARTESIANPOINTLIST2D(((0.,0.),(0.61207860708236694,0.),(0.61207860708236694,0.89999997615814209),(0.,0.89999997615814209)));
#9388=IFCINDEXEDPOLYCURVE(#9389,(IFCLINEINDEX((1,2,3,4,1))),$);
#9389=IFCCARTESIANPOINTLIST2D(((0.02500000037252903,0.05000000074505806),(0.56207860633730888,0.05000000074505806),(0.56207860633730888,0.84999997541308403),(0.02500000037252903,0.84999997541308403)));
#9390=IFCAXIS2PLACEMENT3D(#9391,#9392,#9393);
#9391=IFCCARTESIANPOINT((0.61361783742904663,0.05000000074505806,0.));
#9392=IFCDIRECTION((0.,-1.,0.));
#9393=IFCDIRECTION((1.,0.,0.));
#9394=IFCDIRECTION((0.,0.,-1.));
#9395=IFCEXTRUDEDAREASOLID(#9396,#9401,#9405,0.035000000149011612);
#9396=IFCARBITRARYPROFILEDEFWITHVOIDS(.AREA.,$,#9397,(#9399));
#9397=IFCINDEXEDPOLYCURVE(#9398,(IFCLINEINDEX((1,2,3,4,1))),$);
#9398=IFCCARTESIANPOINTLIST2D(((0.,0.),(0.58707860670983791,0.),(0.58707860670983791,0.84999997541308403),(0.,0.84999997541308403)));
#9399=IFCINDEXEDPOLYCURVE(#9400,(IFCLINEINDEX((1,2,3,4,1))),$);
#9400=IFCCARTESIANPOINTLIST2D(((0.035000000149011612,0.035000000149011612),(0.5520786065608263,0.035000000149011612),(0.5520786065608263,0.81499997526407242),(0.035000000149011612,0.81499997526407242)));
#9401=IFCAXIS2PLACEMENT3D(#9402,#9403,#9404);
#9402=IFCCARTESIANPOINT((0.61361783742904663,0.090000001713633537,0.02500000037252903));
#9403=IFCDIRECTION((0.,-1.,0.));
#9404=IFCDIRECTION((1.,0.,0.));
#9405=IFCDIRECTION((0.,0.,-1.));
#9406=IFCEXTRUDEDAREASOLID(#9407,#9410,#9414,0.01);
#9407=IFCARBITRARYCLOSEDPROFILEDEF(.AREA.,$,#9408);
#9408=IFCINDEXEDPOLYCURVE(#9409,(IFCLINEINDEX((1,2,3,4,1))),$);
#9409=IFCCARTESIANPOINTLIST2D(((0.035000000149011612,0.035000000149011612),(0.5520786065608263,0.035000000149011612),(0.5520786065608263,0.81499997526407242),(0.035000000149011612,0.81499997526407242)));
#9410=IFCAXIS2PLACEMENT3D(#9411,#9412,#9413);
#9411=IFCCARTESIANPOINT((0.61361783742904663,0.10250000178813934,0.02500000037252903));
#9412=IFCDIRECTION((0.,-1.,0.));
#9413=IFCDIRECTION((1.,0.,0.));
#9414=IFCDIRECTION((0.,0.,-1.));
#9415=IFCREPRESENTATIONMAP(#9416,#9420);
#9416=IFCAXIS2PLACEMENT3D(#9417,#9418,#9419);
#9417=IFCCARTESIANPOINT((0.,0.,0.));
#9418=IFCDIRECTION((0.,0.,1.));
#9419=IFCDIRECTION((1.,0.,0.));
#9420=IFCSHAPEREPRESENTATION(#24,'Body','Curve2D',(#9421,#9423,#9425,#9427,#9429,#9431,#9433,#9435,#9437,#9439,#9441,#9443,#9445,#9447,#9449,#9451));
#9421=IFCINDEXEDPOLYCURVE(#9422,$,$);
#9422=IFCCARTESIANPOINTLIST2D(((0.05000000074505806,0.05000000074505806),(0.5886178370565176,0.05000000074505806)));
#9423=IFCINDEXEDPOLYCURVE(#9424,(IFCLINEINDEX((1,2,3,4,5,6,1))),$);
#9424=IFCCARTESIANPOINTLIST2D(((0.,0.10000000149011612),(0.02500000037252903,0.10000000149011612),(0.02500000037252903,0.090000001713633537),(0.05000000074505806,0.090000001713633537),(0.05000000074505806,0.05000000074505806),(0.,0.05000000074505806)));
#9425=IFCINDEXEDPOLYCURVE(#9426,$,$);
#9426=IFCCARTESIANPOINTLIST2D(((0.61361783742904663,0.10000000149011612),(0.61361783742904663,0.10000000149011612),(0.61361783742904663,0.090000001713633537),(0.5886178370565176,0.090000001713633537),(0.5886178370565176,0.05000000074505806),(0.61361783742904663,0.05000000074505806)));
#9427=IFCINDEXEDPOLYCURVE(#9428,(IFCLINEINDEX((1,2,3,4,1))),$);
#9428=IFCCARTESIANPOINTLIST2D(((0.02500000037252903,0.090000001713633537),(0.060000000521540642,0.090000001713633537),(0.060000000521540642,0.12500000186264515),(0.02500000037252903,0.12500000186264515)));
#9429=IFCINDEXEDPOLYCURVE(#9430,(IFCLINEINDEX((1,2,3,4,1))),$);
#9430=IFCCARTESIANPOINTLIST2D(((0.61361783742904663,0.090000001713633537),(0.57861783728003502,0.090000001713633537),(0.57861783728003502,0.12500000186264515),(0.61361783742904663,0.12500000186264515)));
#9431=IFCINDEXEDPOLYCURVE(#9432,$,$);
#9432=IFCCARTESIANPOINTLIST2D(((0.060000000521540642,0.090000001713633537),(0.57861783728003502,0.090000001713633537)));
#9433=IFCINDEXEDPOLYCURVE(#9434,$,$);
#9434=IFCCARTESIANPOINTLIST2D(((0.060000000521540642,0.12500000186264515),(0.57861783728003502,0.12500000186264515)));
#9435=IFCINDEXEDPOLYCURVE(#9436,$,$);
#9436=IFCCARTESIANPOINTLIST2D(((0.060000000521540642,0.10750000178813934),(0.57861783728003502,0.10750000178813934)));
#9437=IFCINDEXEDPOLYCURVE(#9438,$,$);
#9438=IFCCARTESIANPOINTLIST2D(((0.63861783780157566,0.05000000074505806),(1.1756964437663555,0.05000000074505806)));
#9439=IFCINDEXEDPOLYCURVE(#9440,$,$);
#9440=IFCCARTESIANPOINTLIST2D(((0.61361783742904663,0.10000000149011612),(0.61361783742904663,0.10000000149011612),(0.61361783742904663,0.090000001713633537),(0.63861783780157566,0.090000001713633537),(0.63861783780157566,0.05000000074505806),(0.61361783742904663,0.05000000074505806)));
#9441=IFCINDEXEDPOLYCURVE(#9442,(IFCLINEINDEX((1,2,3,4,5,6,1))),$);
#9442=IFCCARTESIANPOINTLIST2D(((1.2256964445114136,0.10000000149011612),(1.2006964441388845,0.10000000149011612),(1.2006964441388845,0.090000001713633537),(1.1756964437663555,0.090000001713633537),(1.1756964437663555,0.05000000074505806),(1.2256964445114136,0.05000000074505806)));
#9443=IFCINDEXEDPOLYCURVE(#9444,(IFCLINEINDEX((1,2,3,4,1))),$);
#9444=IFCCARTESIANPOINTLIST2D(((0.61361783742904663,0.090000001713633537),(0.64861783757805824,0.090000001713633537),(0.64861783757805824,0.12500000186264515),(0.61361783742904663,0.12500000186264515)));
#9445=IFCINDEXEDPOLYCURVE(#9446,(IFCLINEINDEX((1,2,3,4,1))),$);
#9446=IFCCARTESIANPOINTLIST2D(((1.2006964441388845,0.090000001713633537),(1.1656964439898729,0.090000001713633537),(1.1656964439898729,0.12500000186264515),(1.2006964441388845,0.12500000186264515)));
#9447=IFCINDEXEDPOLYCURVE(#9448,$,$);
#9448=IFCCARTESIANPOINTLIST2D(((0.64861783757805824,0.090000001713633537),(1.1656964439898729,0.090000001713633537)));
#9449=IFCINDEXEDPOLYCURVE(#9450,$,$);
#9450=IFCCARTESIANPOINTLIST2D(((0.64861783757805824,0.12500000186264515),(1.1656964439898729,0.12500000186264515)));
#9451=IFCINDEXEDPOLYCURVE(#9452,$,$);
#9452=IFCCARTESIANPOINTLIST2D(((0.64861783757805824,0.10750000178813934),(1.1656964439898729,0.10750000178813934)));
#9453=IFCWINDOW('1eQhs$A85Fv9ALKPozo4bE',$,'Window',$,$,#9552,#9462,$,0.89999997615814209,1.2256964445114136,$,$,$);
#9454=IFCRELDEFINESBYTYPE('1YZDVIPS5DpwJfpDZ6pQdH',$,$,$,(#9453),#9318);
#9455=IFCCARTESIANPOINT((0.,0.,0.));
#9456=IFCDIRECTION((1.,0.,0.));
#9457=IFCDIRECTION((0.,1.,0.));
#9458=IFCDIRECTION((0.,0.,1.));
#9459=IFCCARTESIANTRANSFORMATIONOPERATOR3D(#9456,#9457,#9455,1.,#9458);
#9460=IFCMAPPEDITEM(#9321,#9459);
#9461=IFCSHAPEREPRESENTATION(#18,'Profile','MappedRepresentation',(#9460));
#9462=IFCPRODUCTDEFINITIONSHAPE($,$,(#9461,#9469,#9476));
#9463=IFCCARTESIANPOINT((0.,0.,0.));
#9464=IFCDIRECTION((1.,0.,0.));
#9465=IFCDIRECTION((0.,1.,0.));
#9466=IFCDIRECTION((0.,0.,1.));
#9467=IFCCARTESIANTRANSFORMATIONOPERATOR3D(#9464,#9465,#9463,1.,#9466);
#9468=IFCMAPPEDITEM(#9329,#9467);
#9469=IFCSHAPEREPRESENTATION(#11,'Body','MappedRepresentation',(#9468));
#9470=IFCCARTESIANPOINT((0.,0.,0.));
#9471=IFCDIRECTION((1.,0.,0.));
#9472=IFCDIRECTION((0.,1.,0.));
#9473=IFCDIRECTION((0.,0.,1.));
#9474=IFCCARTESIANTRANSFORMATIONOPERATOR3D(#9471,#9472,#9470,1.,#9473);
#9475=IFCMAPPEDITEM(#9415,#9474);
#9476=IFCSHAPEREPRESENTATION(#24,'Body','MappedRepresentation',(#9475));
#9477=IFCOPENINGELEMENT('00uy93HsLF1PBCNXuHm_XG',$,'Opening',$,$,#9527,#9505,$,.OPENING.);
#9483=IFCCARTESIANPOINTLIST2D(((0.,0.),(1.2256964445114136,0.),(1.2256964445114136,0.89999997615814209),(0.,0.89999997615814209)));
#9484=IFCINDEXEDPOLYCURVE(#9483,(IFCLINEINDEX((1,2,3,4,1))),$);
#9485=IFCARBITRARYCLOSEDPROFILEDEF(.AREA.,$,#9484);
#9486=IFCCARTESIANPOINT((0.,-0.60000002384185791,0.));
#9487=IFCDIRECTION((0.,-1.,0.));
#9488=IFCDIRECTION((1.,0.,0.));
#9489=IFCAXIS2PLACEMENT3D(#9486,#9487,#9488);
#9490=IFCDIRECTION((0.,0.,-1.));
#9491=IFCEXTRUDEDAREASOLID(#9485,#9489,#9490,1.2);
#9492=IFCSHAPEREPRESENTATION(#11,'Body','SweptSolid',(#9491));
#9493=IFCCARTESIANPOINT((0.,0.,0.));
#9494=IFCDIRECTION((1.,0.,0.));
#9495=IFCDIRECTION((0.,0.,1.));
#9496=IFCAXIS2PLACEMENT3D(#9493,#9495,#9494);
#9497=IFCREPRESENTATIONMAP(#9496,#9492);
#9498=IFCCARTESIANPOINT((0.,0.,0.));
#9499=IFCDIRECTION((1.,0.,0.));
#9500=IFCDIRECTION((0.,1.,0.));
#9501=IFCDIRECTION((0.,0.,1.));
#9502=IFCCARTESIANTRANSFORMATIONOPERATOR3D(#9499,#9500,#9498,1.,#9501);
#9503=IFCMAPPEDITEM(#9497,#9502);
#9504=IFCSHAPEREPRESENTATION(#11,'Body','MappedRepresentation',(#9503));
#9505=IFCPRODUCTDEFINITIONSHAPE($,$,(#9504));
#9506=IFCRELVOIDSELEMENT('3lgHioNEz1quuRt51Em9D2',$,$,$,#6195,#9477);
#9512=IFCRELFILLSELEMENT('0AdcieuC93Audh7CVfUMQo',$,$,$,#9477,#9453);
#9523=IFCCARTESIANPOINT((0.42430349307424226,-3.1160726710055542E-07,1.));
#9524=IFCDIRECTION((0.,0.,1.));
#9525=IFCDIRECTION((0.99999999999997158,-2.3841857910149749E-07,0.));
#9526=IFCAXIS2PLACEMENT3D(#9523,#9524,#9525);
#9527=IFCLOCALPLACEMENT(#9963,#9526);
#9533=IFCCARTESIANPOINT((0.,0.,0.));
#9534=IFCDIRECTION((0.,0.,1.));
#9535=IFCDIRECTION((1.,0.,0.));
#9536=IFCAXIS2PLACEMENT3D(#9533,#9534,#9535);
#9537=IFCLOCALPLACEMENT(#8594,#9536);
#9538=IFCCARTESIANPOINT((0.,0.,0.));
#9539=IFCDIRECTION((0.,0.,1.));
#9540=IFCDIRECTION((1.,0.,0.));
#9541=IFCAXIS2PLACEMENT3D(#9538,#9539,#9540);
#9542=IFCLOCALPLACEMENT(#9070,#9541);
#9543=IFCCARTESIANPOINT((0.,0.,0.));
#9544=IFCDIRECTION((0.,0.,1.));
#9545=IFCDIRECTION((1.,0.,0.));
#9546=IFCAXIS2PLACEMENT3D(#9543,#9544,#9545);
#9547=IFCLOCALPLACEMENT(#9312,#9546);
#9548=IFCCARTESIANPOINT((5.5511151231257827E-17,0.,0.));
#9549=IFCDIRECTION((0.,0.,1.));
#9550=IFCDIRECTION((1.,0.,0.));
#9551=IFCAXIS2PLACEMENT3D(#9548,#9549,#9550);
#9552=IFCLOCALPLACEMENT(#9527,#9551);
#9553=IFCDOORTYPE('1mogkZC9HB1wF24PfH0Fnf',$,'MastersTerrace-2F',$,$,(#9554),(#9556,#9564,#9633,#9645),$,$,.DOOR.,.SINGLE_SWING_LEFT.,$,$);
#9554=IFCPROPERTYSET('1ZfGDSMwfBs97hdYThpw5R',$,'BBIM_Door',$,(#9555));
#9555=IFCPROPERTYSINGLEVALUE('Data',$,IFCTEXT('{"door_type": "SLIDING_TO_RIGHT", "overall_height": 2.0, "overall_width": 1.9641801118850708, "lining_properties": {"lining_depth": 0.05000000074505806, "lining_thickness": 0.05000000074505806, "lining_offset": 0.0, "transom_thickness": 0.0, "casing_thickness": 0.07500000298023224, "casing_depth": 0.004999999888241291, "threshold_thickness": 0.02500000037252903, "threshold_depth": 0.10000000149011612, "threshold_offset": 0.0}, "panel_properties": {"panel_depth": 0.03500000014901161, "panel_width_ratio": 1.0}}'),$);
#9556=IFCREPRESENTATIONMAP(#9557,#9759);
#9557=IFCAXIS2PLACEMENT3D(#9558,#9559,#9560);
#9558=IFCCARTESIANPOINT((0.,0.,0.));
#9559=IFCDIRECTION((0.,0.,1.));
#9560=IFCDIRECTION((1.,0.,0.));
#9564=IFCREPRESENTATIONMAP(#9565,#9823);
#9565=IFCAXIS2PLACEMENT3D(#9566,#9567,#9568);
#9566=IFCCARTESIANPOINT((0.,0.,0.));
#9567=IFCDIRECTION((0.,0.,1.));
#9568=IFCDIRECTION((1.,0.,0.));
#9633=IFCREPRESENTATIONMAP(#9634,#9834);
#9634=IFCAXIS2PLACEMENT3D(#9635,#9636,#9637);
#9635=IFCCARTESIANPOINT((0.,0.,0.));
#9636=IFCDIRECTION((0.,0.,1.));
#9637=IFCDIRECTION((1.,0.,0.));
#9645=IFCREPRESENTATIONMAP(#9646,#9839);
#9646=IFCAXIS2PLACEMENT3D(#9647,#9648,#9649);
#9647=IFCCARTESIANPOINT((0.,0.,0.));
#9648=IFCDIRECTION((0.,0.,1.));
#9649=IFCDIRECTION((1.,0.,0.));
#9655=IFCDOOR('3XtAwGrt53xv8Ktz62QOEO',$,'Door',$,$,#9864,#9664,$,2.,1.9641801118850708,$,.SLIDING_TO_RIGHT.,$);
#9656=IFCRELDEFINESBYTYPE('0gtPk0LILElApLdpVS_BYl',$,$,$,(#9655),#9553);
#9657=IFCCARTESIANPOINT((0.,0.,0.));
#9658=IFCDIRECTION((1.,0.,0.));
#9659=IFCDIRECTION((0.,1.,0.));
#9660=IFCDIRECTION((0.,0.,1.));
#9661=IFCCARTESIANTRANSFORMATIONOPERATOR3D(#9658,#9659,#9657,1.,#9660);
#9662=IFCMAPPEDITEM(#9556,#9661);
#9663=IFCSHAPEREPRESENTATION(#18,'Profile','MappedRepresentation',(#9662));
#9664=IFCPRODUCTDEFINITIONSHAPE($,$,(#9663,#9671,#9678,#9685));
#9665=IFCCARTESIANPOINT((0.,0.,0.));
#9666=IFCDIRECTION((1.,0.,0.));
#9667=IFCDIRECTION((0.,1.,0.));
#9668=IFCDIRECTION((0.,0.,1.));
#9669=IFCCARTESIANTRANSFORMATIONOPERATOR3D(#9666,#9667,#9665,1.,#9668);
#9670=IFCMAPPEDITEM(#9564,#9669);
#9671=IFCSHAPEREPRESENTATION(#11,'Body','MappedRepresentation',(#9670));
#9672=IFCCARTESIANPOINT((0.,0.,0.));
#9673=IFCDIRECTION((1.,0.,0.));
#9674=IFCDIRECTION((0.,1.,0.));
#9675=IFCDIRECTION((0.,0.,1.));
#9676=IFCCARTESIANTRANSFORMATIONOPERATOR3D(#9673,#9674,#9672,1.,#9675);
#9677=IFCMAPPEDITEM(#9633,#9676);
#9678=IFCSHAPEREPRESENTATION(#24,'Body','MappedRepresentation',(#9677));
#9679=IFCCARTESIANPOINT((0.,0.,0.));
#9680=IFCDIRECTION((1.,0.,0.));
#9681=IFCDIRECTION((0.,1.,0.));
#9682=IFCDIRECTION((0.,0.,1.));
#9683=IFCCARTESIANTRANSFORMATIONOPERATOR3D(#9680,#9681,#9679,1.,#9682);
#9684=IFCMAPPEDITEM(#9645,#9683);
#9685=IFCSHAPEREPRESENTATION(#25,'Annotation','MappedRepresentation',(#9684));
#9686=IFCOPENINGELEMENT('3DEBIFZu5DXBrlJ0Q$$0At',$,'Opening',$,$,#9859,#9714,$,.OPENING.);
#9702=IFCCARTESIANPOINT((0.,0.,0.));
#9703=IFCDIRECTION((1.,0.,0.));
#9704=IFCDIRECTION((0.,0.,1.));
#9705=IFCAXIS2PLACEMENT3D(#9702,#9704,#9703);
#9706=IFCREPRESENTATIONMAP(#9705,#9849);
#9707=IFCCARTESIANPOINT((0.,0.,0.));
#9708=IFCDIRECTION((1.,0.,0.));
#9709=IFCDIRECTION((0.,1.,0.));
#9710=IFCDIRECTION((0.,0.,1.));
#9711=IFCCARTESIANTRANSFORMATIONOPERATOR3D(#9708,#9709,#9707,1.,#9710);
#9712=IFCMAPPEDITEM(#9706,#9711);
#9713=IFCSHAPEREPRESENTATION(#11,'Body','MappedRepresentation',(#9712));
#9714=IFCPRODUCTDEFINITIONSHAPE($,$,(#9713));
#9715=IFCRELVOIDSELEMENT('24nlgLdjXFfecan3QYWErX',$,$,$,#6245,#9686);
#9721=IFCRELFILLSELEMENT('0556lkDIL2nuNytSR$WgxR',$,$,$,#9686,#9655);
#9757=IFCCARTESIANPOINTLIST3D(((0.,0.,0.),(1.9641801118850708,0.,0.),(1.9641801118850708,0.,2.),(0.,0.,2.)));
#9758=IFCINDEXEDPOLYCURVE(#9757,(IFCLINEINDEX((1,2,3,4,1))),$);
#9759=IFCSHAPEREPRESENTATION(#18,'Profile','Curve3D',(#9758));
#9760=IFCCARTESIANPOINTLIST2D(((0.,0.),(0.,2.),(1.9641801118850708,2.),(1.9641801118850708,0.),(1.9141801111400127,0.),(1.9141801111400127,1.9499999992549419),(0.05000000074505806,1.9499999992549419),(0.05000000074505806,0.)));
#9761=IFCINDEXEDPOLYCURVE(#9760,(IFCLINEINDEX((1,2,3,4,5,6,7,8,1))),$);
#9762=IFCARBITRARYCLOSEDPROFILEDEF(.AREA.,$,#9761);
#9763=IFCCARTESIANPOINT((0.,0.,0.));
#9764=IFCDIRECTION((0.,-1.,0.));
#9765=IFCDIRECTION((1.,0.,0.));
#9766=IFCAXIS2PLACEMENT3D(#9763,#9764,#9765);
#9767=IFCDIRECTION((0.,0.,-1.));
#9768=IFCEXTRUDEDAREASOLID(#9762,#9766,#9767,0.05000000074505806);
#9769=IFCCARTESIANPOINTLIST2D(((0.,0.),(1.8641801103949547,0.),(1.8641801103949547,0.10000000149011612),(0.,0.10000000149011612)));
#9770=IFCINDEXEDPOLYCURVE(#9769,(IFCLINEINDEX((1,2,3,4,1))),$);
#9771=IFCARBITRARYCLOSEDPROFILEDEF(.AREA.,$,#9770);
#9772=IFCCARTESIANPOINT((0.05000000074505806,0.,0.));
#9773=IFCDIRECTION((0.,0.,1.));
#9774=IFCDIRECTION((1.,0.,0.));
#9775=IFCAXIS2PLACEMENT3D(#9772,#9773,#9774);
#9776=IFCDIRECTION((0.,0.,1.));
#9777=IFCEXTRUDEDAREASOLID(#9771,#9775,#9776,0.02500000037252903);
#9778=IFCCARTESIANPOINTLIST2D(((0.,0.),(0.,2.0250000022351742),(2.0141801163554192,2.0250000022351742),(2.0141801163554192,0.),(1.9391801133751869,0.),(1.9391801133751869,1.9499999992549419),(0.075000002980232239,1.9499999992549419),(0.075000002980232239,0.)));
#9779=IFCINDEXEDPOLYCURVE(#9778,(IFCLINEINDEX((1,2,3,4,5,6,7,8,1))),$);
#9780=IFCARBITRARYCLOSEDPROFILEDEF(.AREA.,$,#9779);
#9781=IFCCARTESIANPOINT((-0.025000002235174179,-0.004999999888241291,0.));
#9782=IFCDIRECTION((0.,-1.,0.));
#9783=IFCDIRECTION((1.,0.,0.));
#9784=IFCAXIS2PLACEMENT3D(#9781,#9782,#9783);
#9785=IFCDIRECTION((0.,0.,-1.));
#9786=IFCEXTRUDEDAREASOLID(#9780,#9784,#9785,0.004999999888241291);
#9787=IFCCARTESIANPOINTLIST2D(((0.,0.),(0.,2.0250000022351742),(2.0141801163554192,2.0250000022351742),(2.0141801163554192,0.),(1.9391801133751869,0.),(1.9391801133751869,1.9499999992549419),(0.075000002980232239,1.9499999992549419),(0.075000002980232239,0.)));
#9788=IFCINDEXEDPOLYCURVE(#9787,(IFCLINEINDEX((1,2,3,4,5,6,7,8,1))),$);
#9789=IFCARBITRARYCLOSEDPROFILEDEF(.AREA.,$,#9788);
#9790=IFCCARTESIANPOINT((-0.025000002235174179,0.05000000074505806,0.));
#9791=IFCDIRECTION((0.,-1.,0.));
#9792=IFCDIRECTION((1.,0.,0.));
#9793=IFCAXIS2PLACEMENT3D(#9790,#9791,#9792);
#9794=IFCDIRECTION((0.,0.,-1.));
#9795=IFCEXTRUDEDAREASOLID(#9789,#9793,#9794,0.004999999888241291);
#9796=IFCCARTESIANPOINTLIST2D(((0.,0.),(1.8641801103949547,0.),(1.8641801103949547,0.035000000149011612),(0.,0.035000000149011612)));
#9797=IFCINDEXEDPOLYCURVE(#9796,(IFCLINEINDEX((1,2,3,4,1))),$);
#9798=IFCARBITRARYCLOSEDPROFILEDEF(.AREA.,$,#9797);
#9799=IFCCARTESIANPOINT((0.05000000074505806,-0.035000000149011612,0.02500000037252903));
#9800=IFCDIRECTION((0.,0.,1.));
#9801=IFCDIRECTION((1.,0.,0.));
#9802=IFCAXIS2PLACEMENT3D(#9799,#9800,#9801);
#9803=IFCDIRECTION((0.,0.,1.));
#9804=IFCEXTRUDEDAREASOLID(#9798,#9802,#9803,1.9249999988824129);
#9805=IFCCARTESIANPOINTLIST2D(((0.,0.),(0.,-0.040000000000000001),(0.12,-0.040000000000000001),(0.12,-0.02),(0.02,-0.02),(0.02,0.)));
#9806=IFCINDEXEDPOLYCURVE(#9805,(IFCLINEINDEX((1,2,3,4,5,6,1))),$);
#9807=IFCARBITRARYCLOSEDPROFILEDEF(.AREA.,$,#9806);
#9808=IFCCARTESIANPOINT((0.10000000074505806,-0.035000000149011612,1.015000000372529));
#9809=IFCDIRECTION((0.,0.,1.));
#9810=IFCDIRECTION((1.,0.,0.));
#9811=IFCAXIS2PLACEMENT3D(#9808,#9809,#9810);
#9812=IFCDIRECTION((0.,0.,1.));
#9813=IFCEXTRUDEDAREASOLID(#9807,#9811,#9812,0.02);
#9814=IFCEXTRUDEDAREASOLID(#9815,#9818,#9822,0.02);
#9815=IFCARBITRARYCLOSEDPROFILEDEF(.AREA.,$,#9816);
#9816=IFCINDEXEDPOLYCURVE(#9817,(IFCLINEINDEX((1,2,3,4,5,6,1))),$);
#9817=IFCCARTESIANPOINTLIST2D(((0.,0.),(0.,0.040000000000000008),(0.11999999999999998,0.040000000000000008),(0.11999999999999998,0.020000000000000004),(0.020000000000000004,0.020000000000000004),(0.020000000000000004,0.)));
#9818=IFCAXIS2PLACEMENT3D(#9819,#9820,#9821);
#9819=IFCCARTESIANPOINT((0.10000000074505806,0.,1.015000000372529));
#9820=IFCDIRECTION((0.,0.,1.));
#9821=IFCDIRECTION((1.,0.,0.));
#9822=IFCDIRECTION((0.,0.,1.));
#9823=IFCSHAPEREPRESENTATION(#11,'Body','SweptSolid',(#9768,#9804,#9813,#9814,#9777,#9786,#9795));
#9824=IFCSHAPEREPRESENTATION(#11,'Body','SweptSolid',(#9768,#9777,#9786,#9795));
#9825=IFCSHAPEASPECT((#9824),'Lining',$,.T.,#9664);
#9826=IFCSHAPEREPRESENTATION(#11,'Body','SweptSolid',(#9804,#9813,#9814));
#9827=IFCSHAPEASPECT((#9826),'Framing',$,.T.,#9664);
#9828=IFCCARTESIANPOINTLIST2D(((0.,0.),(0.05000000074505806,0.),(0.05000000074505806,0.05000000074505806),(0.,0.05000000074505806)));
#9829=IFCINDEXEDPOLYCURVE(#9828,(IFCLINEINDEX((1,2,3,4,1))),$);
#9830=IFCINDEXEDPOLYCURVE(#9831,(IFCLINEINDEX((1,2,3,4,1))),$);
#9831=IFCCARTESIANPOINTLIST2D(((1.9641801118850708,0.),(1.9141801111400127,0.),(1.9141801111400127,0.05000000074505806),(1.9641801118850708,0.05000000074505806)));
#9832=IFCCARTESIANPOINTLIST2D(((2.8462701663374901,-0.035000000149011612),(0.9820900559425354,-0.035000000149011612),(0.9820900559425354,0.),(2.8462701663374901,0.)));
#9833=IFCINDEXEDPOLYCURVE(#9832,(IFCLINEINDEX((1,2,3,4,1))),$);
#9834=IFCSHAPEREPRESENTATION(#24,'Body','Curve2D',(#9829,#9830,#9833));
#9835=IFCCARTESIANPOINTLIST2D(((0.70246303938329213,-0.081587428267465345),(1.2617170725017786,-0.081587428267465345)));
#9836=IFCINDEXEDPOLYCURVE(#9835,$,$);
#9837=IFCCARTESIANPOINTLIST2D(((0.73246303938329216,-0.050529142855162856),(0.70246303938329213,-0.081587428267465345),(0.73246303938329216,-0.11264571367976783)));
#9838=IFCINDEXEDPOLYCURVE(#9837,$,$);
#9839=IFCSHAPEREPRESENTATION(#25,'Annotation','Curve2D',(#9836,#9838));
#9840=IFCCARTESIANPOINTLIST2D(((0.,0.),(1.9641801118850708,0.),(1.9641801118850708,2.),(0.,2.)));
#9841=IFCINDEXEDPOLYCURVE(#9840,(IFCLINEINDEX((1,2,3,4,1))),$);
#9842=IFCARBITRARYCLOSEDPROFILEDEF(.AREA.,$,#9841);
#9843=IFCCARTESIANPOINT((0.,-0.60000002384185791,0.));
#9844=IFCDIRECTION((0.,-1.,0.));
#9845=IFCDIRECTION((1.,0.,0.));
#9846=IFCAXIS2PLACEMENT3D(#9843,#9844,#9845);
#9847=IFCDIRECTION((0.,0.,-1.));
#9848=IFCEXTRUDEDAREASOLID(#9842,#9846,#9847,1.2);
#9849=IFCSHAPEREPRESENTATION(#11,'Body','SweptSolid',(#9848));
#9855=IFCCARTESIANPOINT((3.3358045185612624,0.099998950958251953,0.));
#9856=IFCDIRECTION((0.,0.,1.));
#9857=IFCDIRECTION((-0.99999999999992428,3.8941436741876494E-07,0.));
#9858=IFCAXIS2PLACEMENT3D(#9855,#9856,#9857);
#9859=IFCLOCALPLACEMENT(#9973,#9858);
#9860=IFCCARTESIANPOINT((0.,0.,0.));
#9861=IFCDIRECTION((0.,0.,1.));
#9862=IFCDIRECTION((1.,0.,0.));
#9863=IFCAXIS2PLACEMENT3D(#9860,#9861,#9862);
#9864=IFCLOCALPLACEMENT(#9859,#9863);
#9877=IFCBUILDINGSTOREY('2P9$aqfDH3f8fByj9DXFWQ',$,'3F',$,$,#10023,$,$,$,$);
#9894=IFCSLABTYPE('3uG6pjYsr8jvM3AMC1Gm3E',$,'CeilingSlab',$,$,(#9895),$,$,$,.FLOOR.);
#9895=IFCPROPERTYSET('0zJMUkIA139B724DOhwDEO',$,'EPset_Parametric',$,(#9896));
#9896=IFCPROPERTYSINGLEVALUE('LayerSetDirection',$,IFCLABEL('AXIS3'),$);
#9897=IFCRELASSOCIATESMATERIAL('1GAWvtrIL1zPMM91sWuL9y',$,$,$,(#9894),#9898);
#9898=IFCMATERIALLAYERSET((#9899),$,$);
#9899=IFCMATERIALLAYER(#81,0.10000000000000001,$,$,$,$,$);
#9924=IFCCARTESIANPOINT((0.,0.,3.));
#9925=IFCDIRECTION((0.,0.,1.));
#9926=IFCDIRECTION((1.,0.,0.));
#9927=IFCAXIS2PLACEMENT3D(#9924,#9925,#9926);
#9928=IFCLOCALPLACEMENT(#56,#9927);
#9929=IFCCARTESIANPOINT((4.2266049385070801,-2.5901062488555908,0.));
#9930=IFCDIRECTION((0.,0.,1.));
#9931=IFCDIRECTION((1.,0.,0.));
#9932=IFCAXIS2PLACEMENT3D(#9929,#9930,#9931);
#9933=IFCLOCALPLACEMENT(#9928,#9932);
#9939=IFCCARTESIANPOINT((4.2266054153442383,6.4598941802978516,0.));
#9940=IFCDIRECTION((0.,0.,1.));
#9941=IFCDIRECTION((1.,0.,0.));
#9942=IFCAXIS2PLACEMENT3D(#9939,#9940,#9941);
#9943=IFCLOCALPLACEMENT(#9928,#9942);
#9944=IFCCARTESIANPOINT((4.2266068458557129,6.4598941802978516,0.));
#9945=IFCDIRECTION((0.,0.,1.));
#9946=IFCDIRECTION((-0.99999999999999623,8.7422776573475527E-08,0.));
#9947=IFCAXIS2PLACEMENT3D(#9944,#9945,#9946);
#9948=IFCLOCALPLACEMENT(#9928,#9947);
#9949=IFCCARTESIANPOINT((1.8619010448455811,-2.1769065856933594,0.));
#9950=IFCDIRECTION((0.,0.,1.));
#9951=IFCDIRECTION((-4.3711388286737889E-08,-0.99999999999999911,0.));
#9952=IFCAXIS2PLACEMENT3D(#9949,#9950,#9951);
#9953=IFCLOCALPLACEMENT(#9928,#9952);
#9954=IFCCARTESIANPOINT((0.22660541534425357,6.4598945299890831,0.));
#9955=IFCDIRECTION((0.,0.,1.));
#9956=IFCDIRECTION((-4.3711388286737889E-08,-0.99999999999999911,0.));
#9957=IFCAXIS2PLACEMENT3D(#9954,#9955,#9956);
#9958=IFCLOCALPLACEMENT(#9928,#9957);
#9959=IFCCARTESIANPOINT((0.22660537677159856,5.5774550437927397,0.));
#9960=IFCDIRECTION((0.,0.,1.));
#9961=IFCDIRECTION((-0.99999999999992428,3.8941436741876494E-07,0.));
#9962=IFCAXIS2PLACEMENT3D(#9959,#9960,#9961);
#9963=IFCLOCALPLACEMENT(#9928,#9962);
#9964=IFCCARTESIANPOINT((-3.2733945846558288,5.5774564067430115,0.));
#9965=IFCDIRECTION((0.,0.,1.));
#9966=IFCDIRECTION((7.5497901264043123E-08,-0.99999999999999722,0.));
#9967=IFCAXIS2PLACEMENT3D(#9964,#9965,#9966);
#9968=IFCLOCALPLACEMENT(#9928,#9967);
#9969=IFCCARTESIANPOINT((-3.273394044737715,-1.573975682258606,0.));
#9970=IFCDIRECTION((0.,0.,1.));
#9971=IFCDIRECTION((1.,0.,0.));
#9972=IFCAXIS2PLACEMENT3D(#9969,#9970,#9971);
#9973=IFCLOCALPLACEMENT(#9928,#9972);
#9974=IFCCARTESIANPOINT((0.25408530235290006,-1.573975682258606,0.));
#9975=IFCDIRECTION((0.,0.,1.));
#9976=IFCDIRECTION((-4.3711388286737889E-08,-0.99999999999999911,0.));
#9977=IFCAXIS2PLACEMENT3D(#9974,#9975,#9976);
#9978=IFCLOCALPLACEMENT(#9928,#9977);
#9979=IFCCARTESIANPOINT((0.25408527599795322,-2.1769065856933594,0.));
#9980=IFCDIRECTION((0.,0.,1.));
#9981=IFCDIRECTION((1.,0.,0.));
#9982=IFCAXIS2PLACEMENT3D(#9979,#9980,#9981);
#9983=IFCLOCALPLACEMENT(#9928,#9982);
#9984=IFCCARTESIANPOINT((1.8619010027428615,-3.1401045322418213,0.));
#9985=IFCDIRECTION((0.,0.,1.));
#9986=IFCDIRECTION((1.,0.,0.));
#9987=IFCAXIS2PLACEMENT3D(#9984,#9985,#9986);
#9988=IFCLOCALPLACEMENT(#9928,#9987);
#9989=IFCCARTESIANPOINT((4.2266063690185369,-3.1401045322418213,0.));
#9990=IFCDIRECTION((0.,0.,1.));
#9991=IFCDIRECTION((7.5497901264043123E-08,0.99999999999999722,0.));
#9992=IFCAXIS2PLACEMENT3D(#9989,#9990,#9991);
#9993=IFCLOCALPLACEMENT(#9928,#9992);
#9994=IFCCARTESIANPOINT((0.3540852963924408,-1.473975658416748,0.));
#9995=IFCDIRECTION((0.,0.,1.));
#9996=IFCDIRECTION((-0.0039528943420037242,0.99999218728264128,0.));
#9997=IFCAXIS2PLACEMENT3D(#9994,#9995,#9996);
#9998=IFCLOCALPLACEMENT(#9928,#9997);
#9999=IFCCARTESIANPOINT((4.226606643531829,0.49593418946896634,0.));
#10000=IFCDIRECTION((0.,0.,1.));
#10001=IFCDIRECTION((-0.99999999999992428,3.8941436741876494E-07,0.));
#10002=IFCAXIS2PLACEMENT3D(#9999,#10000,#10001);
#10003=IFCLOCALPLACEMENT(#9928,#10002);
#10004=IFCCARTESIANPOINT((4.2266068458557129,5.0335860252380371,0.));
#10005=IFCDIRECTION((0.,0.,1.));
#10006=IFCDIRECTION((-0.99999999999998868,-1.5099580252808492E-07,0.));
#10007=IFCAXIS2PLACEMENT3D(#10004,#10005,#10006);
#10008=IFCLOCALPLACEMENT(#9928,#10007);
#10009=IFCCARTESIANPOINT((0.33816200494766235,2.6098928451538086,0.));
#10010=IFCDIRECTION((0.,0.,1.));
#10011=IFCDIRECTION((-0.99999999999998868,1.5099580252808492E-07,0.));
#10012=IFCAXIS2PLACEMENT3D(#10009,#10010,#10011);
#10013=IFCLOCALPLACEMENT(#9928,#10012);
#10019=IFCCARTESIANPOINT((0.,0.,6.));
#10020=IFCDIRECTION((0.,0.,1.));
#10021=IFCDIRECTION((1.,0.,0.));
#10022=IFCAXIS2PLACEMENT3D(#10019,#10020,#10021);
#10023=IFCLOCALPLACEMENT(#56,#10022);
#10024=IFCSLAB('3rc_9rFCP3sv6Vo4z2ljK6',$,'Slab',$,$,#10033,#10040,$,$);
#10025=IFCRELCONTAINEDINSPATIALSTRUCTURE('3oxElMzQnCdwUBFIPlCYeI',$,$,$,(#10048,#10024),#9877);
#10026=IFCRELDEFINESBYTYPE('3s6d2jm8PCmQIJNZd6AgTN',$,$,$,(#10024),#9894);
#10027=IFCMATERIALLAYERSETUSAGE(#9898,.AXIS3.,.POSITIVE.,-0.10000000149011612,$);
#10028=IFCRELASSOCIATESMATERIAL('3cVoPleEnCqOMPOo5ty7Ai',$,$,$,(#10024),#10027);
#10029=IFCCARTESIANPOINT((4.2266068458557129,6.4598941802978516,0.));
#10030=IFCDIRECTION((0.,0.,1.));
#10031=IFCDIRECTION((1.,0.,0.));
#10032=IFCAXIS2PLACEMENT3D(#10029,#10030,#10031);
#10033=IFCLOCALPLACEMENT(#10023,#10032);
#10034=IFCCARTESIANPOINTLIST2D(((0.,0.),(-4.0000014305114746,4.76837158203125E-07),(-4.0000014305114746,-0.88243913650512695),(-7.5000014305114746,-0.88243770599365234),(-7.5000009536743164,-8.033869743347168),(-3.9725215435028076,-8.033869743347168),(-3.9725215435028076,-8.6368007659912109),(-2.3647058010101318,-8.6368007659912109),(-2.3647055625915527,-9.5999984741210938),(-4.76837158203125E-07,-9.5999984741210938),(0.,0.)));
#10035=IFCINDEXEDPOLYCURVE(#10034,$,$);
#10036=IFCDIRECTION((0.,0.,1.));
#10037=IFCARBITRARYCLOSEDPROFILEDEF(.AREA.,$,#10035);
#10038=IFCEXTRUDEDAREASOLID(#10037,#10047,#10036,0.10000000000000001);
#10039=IFCSHAPEREPRESENTATION(#11,'Body','SweptSolid',(#10038));
#10040=IFCPRODUCTDEFINITIONSHAPE($,$,(#10039));
#10041=IFCPROPERTYSET('1qUWdWX1D2L8igFeKJbBKJ',$,'EPset_Parametric',$,(#10043));
#10042=IFCRELDEFINESBYPROPERTIES('3hubbVYOb4yR$eaBWXFn_B',$,$,$,(#10024),#10041);
#10043=IFCPROPERTYSINGLEVALUE('Engine',$,IFCLABEL('Bonsai.DumbLayer3'),$);
#10044=IFCCARTESIANPOINT((-0.,-0.,-0.10000000149011612));
#10045=IFCDIRECTION((0.,0.,1.));
#10046=IFCDIRECTION((1.,0.,0.));
#10047=IFCAXIS2PLACEMENT3D(#10044,#10045,#10046);
#10048=IFCROOF('2cPkZQUZf2GPq0n6Alx$I4',$,'Roof',$,$,#10073,#10056,$,$);
#10049=IFCCARTESIANPOINT((0.,0.,0.));
#10050=IFCDIRECTION((1.,0.,0.));
#10051=IFCDIRECTION((0.,1.,0.));
#10052=IFCDIRECTION((0.,0.,1.));
#10053=IFCCARTESIANTRANSFORMATIONOPERATOR3D(#10050,#10051,#10049,1.,#10052);
#10054=IFCMAPPEDITEM(#5331,#10053);
#10055=IFCSHAPEREPRESENTATION(#11,'Body','MappedRepresentation',(#10054));
#10056=IFCPRODUCTDEFINITIONSHAPE($,$,(#10055,#10063));
#10057=IFCCARTESIANPOINT((0.,0.,0.));
#10058=IFCDIRECTION((1.,0.,0.));
#10059=IFCDIRECTION((0.,1.,0.));
#10060=IFCDIRECTION((0.,0.,1.));
#10061=IFCCARTESIANTRANSFORMATIONOPERATOR3D(#10058,#10059,#10057,1.,#10060);
#10062=IFCMAPPEDITEM(#5359,#10061);
#10063=IFCSHAPEREPRESENTATION(#13,'Box','MappedRepresentation',(#10062));
#10069=IFCCARTESIANPOINT((0.49694633483886719,1.6418890953063965,0.10154247283935547));
#10070=IFCDIRECTION((0.,0.,1.));
#10071=IFCDIRECTION((1.,0.,0.));
#10072=IFCAXIS2PLACEMENT3D(#10069,#10070,#10071);
#10073=IFCLOCALPLACEMENT(#10023,#10072);
#10077=IFCCARTESIANPOINTLIST2D(((0.,0.),(0.,2.),(0.89999997615814209,2.),(0.89999997615814209,0.),(0.87499997578561306,0.),(0.87499997578561306,1.974999999627471),(0.02500000037252903,1.974999999627471),(0.02500000037252903,0.)));
#10078=IFCINDEXEDPOLYCURVE(#10077,(IFCLINEINDEX((1,2,3,4,5,6,7,8,1))),$);
#10079=IFCARBITRARYCLOSEDPROFILEDEF(.AREA.,$,#10078);
#10080=IFCCARTESIANPOINT((0.,0.02500000037252903,0.));
#10081=IFCDIRECTION((0.,-1.,0.));
#10082=IFCDIRECTION((1.,0.,0.));
#10083=IFCAXIS2PLACEMENT3D(#10080,#10081,#10082);
#10084=IFCDIRECTION((0.,0.,-1.));
#10085=IFCEXTRUDEDAREASOLID(#10079,#10083,#10084,0.02500000037252903);
#10086=IFCCARTESIANPOINTLIST2D(((0.,0.),(0.,2.),(0.89999997615814209,2.),(0.89999997615814209,0.),(0.84999997541308403,0.),(0.84999997541308403,1.9499999992549419),(0.05000000074505806,1.9499999992549419),(0.05000000074505806,0.)));
#10087=IFCINDEXEDPOLYCURVE(#10086,(IFCLINEINDEX((1,2,3,4,5,6,7,8,1))),$);
#10088=IFCARBITRARYCLOSEDPROFILEDEF(.AREA.,$,#10087);
#10089=IFCCARTESIANPOINT((0.,0.,0.));
#10090=IFCDIRECTION((0.,-1.,0.));
#10091=IFCDIRECTION((1.,0.,0.));
#10092=IFCAXIS2PLACEMENT3D(#10089,#10090,#10091);
#10093=IFCDIRECTION((0.,0.,-1.));
#10094=IFCEXTRUDEDAREASOLID(#10088,#10092,#10093,0.02500000037252903);
#10095=IFCCARTESIANPOINTLIST2D(((0.,0.),(0.79999997466802597,0.),(0.79999997466802597,0.10000000149011612),(0.,0.10000000149011612)));
#10096=IFCINDEXEDPOLYCURVE(#10095,(IFCLINEINDEX((1,2,3,4,1))),$);
#10097=IFCARBITRARYCLOSEDPROFILEDEF(.AREA.,$,#10096);
#10098=IFCCARTESIANPOINT((0.05000000074505806,0.,0.));
#10099=IFCDIRECTION((0.,0.,1.));
#10100=IFCDIRECTION((1.,0.,0.));
#10101=IFCAXIS2PLACEMENT3D(#10098,#10099,#10100);
#10102=IFCDIRECTION((0.,0.,1.));
#10103=IFCEXTRUDEDAREASOLID(#10097,#10101,#10102,0.02500000037252903);
#10104=IFCCARTESIANPOINTLIST2D(((0.,0.),(0.,2.0250000022351742),(0.94999998062849045,2.0250000022351742),(0.94999998062849045,0.),(0.87499997764825821,0.),(0.87499997764825821,1.9499999992549419),(0.075000002980232239,1.9499999992549419),(0.075000002980232239,0.)));
#10105=IFCINDEXEDPOLYCURVE(#10104,(IFCLINEINDEX((1,2,3,4,5,6,7,8,1))),$);
#10106=IFCARBITRARYCLOSEDPROFILEDEF(.AREA.,$,#10105);
#10107=IFCCARTESIANPOINT((-0.025000002235174179,-0.004999999888241291,0.));
#10108=IFCDIRECTION((0.,-1.,0.));
#10109=IFCDIRECTION((1.,0.,0.));
#10110=IFCAXIS2PLACEMENT3D(#10107,#10108,#10109);
#10111=IFCDIRECTION((0.,0.,-1.));
#10112=IFCEXTRUDEDAREASOLID(#10106,#10110,#10111,0.004999999888241291);
#10113=IFCCARTESIANPOINTLIST2D(((0.,0.),(0.,2.0250000022351742),(0.94999998062849045,2.0250000022351742),(0.94999998062849045,0.),(0.89999997802078724,0.),(0.89999997802078724,1.974999999627471),(0.050000002607703209,1.974999999627471),(0.050000002607703209,0.)));
#10114=IFCINDEXEDPOLYCURVE(#10113,(IFCLINEINDEX((1,2,3,4,5,6,7,8,1))),$);
#10115=IFCARBITRARYCLOSEDPROFILEDEF(.AREA.,$,#10114);
#10116=IFCCARTESIANPOINT((-0.025000002235174179,0.05000000074505806,0.));
#10117=IFCDIRECTION((0.,-1.,0.));
#10118=IFCDIRECTION((1.,0.,0.));
#10119=IFCAXIS2PLACEMENT3D(#10116,#10117,#10118);
#10120=IFCDIRECTION((0.,0.,-1.));
#10121=IFCEXTRUDEDAREASOLID(#10115,#10119,#10120,0.004999999888241291);
#10122=IFCCARTESIANPOINTLIST2D(((0.,0.),(0.84999997541308403,0.),(0.84999997541308403,0.035000000149011612),(0.,0.035000000149011612)));
#10123=IFCINDEXEDPOLYCURVE(#10122,(IFCLINEINDEX((1,2,3,4,1))),$);
#10124=IFCARBITRARYCLOSEDPROFILEDEF(.AREA.,$,#10123);
#10125=IFCCARTESIANPOINT((0.02500000037252903,0.02500000037252903,0.02500000037252903));
#10126=IFCDIRECTION((0.,0.,1.));
#10127=IFCDIRECTION((1.,0.,0.));
#10128=IFCAXIS2PLACEMENT3D(#10125,#10126,#10127);
#10129=IFCDIRECTION((0.,0.,1.));
#10130=IFCEXTRUDEDAREASOLID(#10124,#10128,#10129,1.9499999992549419);
#10131=IFCCARTESIANPOINTLIST2D(((0.,0.),(0.,-0.040000000000000001),(0.12,-0.040000000000000001),(0.12,-0.02),(0.02,-0.02),(0.02,0.)));
#10132=IFCINDEXEDPOLYCURVE(#10131,(IFCLINEINDEX((1,2,3,4,5,6,1))),$);
#10133=IFCARBITRARYCLOSEDPROFILEDEF(.AREA.,$,#10132);
#10134=IFCCARTESIANPOINT((0.075000000372529033,0.02500000037252903,1.015000000372529));
#10135=IFCDIRECTION((0.,0.,1.));
#10136=IFCDIRECTION((1.,0.,0.));
#10137=IFCAXIS2PLACEMENT3D(#10134,#10135,#10136);
#10138=IFCDIRECTION((0.,0.,1.));
#10139=IFCEXTRUDEDAREASOLID(#10133,#10137,#10138,0.02);
#10140=IFCEXTRUDEDAREASOLID(#10141,#10144,#10148,0.02);
#10141=IFCARBITRARYCLOSEDPROFILEDEF(.AREA.,$,#10142);
#10142=IFCINDEXEDPOLYCURVE(#10143,(IFCLINEINDEX((1,2,3,4,5,6,1))),$);
#10143=IFCCARTESIANPOINTLIST2D(((0.,0.),(0.,0.040000000000000008),(0.11999999999999998,0.040000000000000008),(0.11999999999999998,0.020000000000000004),(0.020000000000000004,0.020000000000000004),(0.020000000000000004,0.)));
#10144=IFCAXIS2PLACEMENT3D(#10145,#10146,#10147);
#10145=IFCCARTESIANPOINT((0.075000000372529033,0.060000000521540642,1.015000000372529));
#10146=IFCDIRECTION((0.,0.,1.));
#10147=IFCDIRECTION((1.,0.,0.));
#10148=IFCDIRECTION((0.,0.,1.));
#10150=IFCSHAPEREPRESENTATION(#11,'Body','SweptSolid',(#10085,#10452,#10443,#10121,#10112,#10479,#10103,#10470,#10094,#10461));
#10151=IFCSHAPEASPECT((#10150),'Lining',$,.T.,#7282);
#10152=IFCSHAPEREPRESENTATION(#11,'Body','SweptSolid',(#10139,#10140,#10130,#10497,#10498,#10488));
#10153=IFCSHAPEASPECT((#10152),'Framing',$,.T.,#7282);
#10193=IFCCARTESIANPOINTLIST3D(((0.,0.,0.),(0.89999997615814209,0.,0.),(0.89999997615814209,0.,2.),(0.,0.,2.)));
#10194=IFCINDEXEDPOLYCURVE(#10193,(IFCLINEINDEX((1,2,3,4,1))),$);
#10195=IFCSHAPEREPRESENTATION(#18,'Profile','Curve3D',(#10194));
#10196=IFCCARTESIANPOINTLIST2D(((0.,0.),(0.,2.),(0.89999997615814209,2.),(0.89999997615814209,0.),(0.87499997578561306,0.),(0.87499997578561306,1.974999999627471),(0.02500000037252903,1.974999999627471),(0.02500000037252903,0.)));
#10197=IFCINDEXEDPOLYCURVE(#10196,(IFCLINEINDEX((1,2,3,4,5,6,7,8,1))),$);
#10198=IFCARBITRARYCLOSEDPROFILEDEF(.AREA.,$,#10197);
#10199=IFCCARTESIANPOINT((0.,0.02500000037252903,0.));
#10200=IFCDIRECTION((0.,-1.,0.));
#10201=IFCDIRECTION((1.,0.,0.));
#10202=IFCAXIS2PLACEMENT3D(#10199,#10200,#10201);
#10203=IFCDIRECTION((0.,0.,-1.));
#10204=IFCEXTRUDEDAREASOLID(#10198,#10202,#10203,0.02500000037252903);
#10205=IFCCARTESIANPOINTLIST2D(((0.,0.),(0.,2.),(0.89999997615814209,2.),(0.89999997615814209,0.),(0.84999997541308403,0.),(0.84999997541308403,1.9499999992549419),(0.05000000074505806,1.9499999992549419),(0.05000000074505806,0.)));
#10206=IFCINDEXEDPOLYCURVE(#10205,(IFCLINEINDEX((1,2,3,4,5,6,7,8,1))),$);
#10207=IFCARBITRARYCLOSEDPROFILEDEF(.AREA.,$,#10206);
#10208=IFCCARTESIANPOINT((0.,0.,0.));
#10209=IFCDIRECTION((0.,-1.,0.));
#10210=IFCDIRECTION((1.,0.,0.));
#10211=IFCAXIS2PLACEMENT3D(#10208,#10209,#10210);
#10212=IFCDIRECTION((0.,0.,-1.));
#10213=IFCEXTRUDEDAREASOLID(#10207,#10211,#10212,0.02500000037252903);
#10214=IFCCARTESIANPOINTLIST2D(((0.,0.),(0.79999997466802597,0.),(0.79999997466802597,0.10000000149011612),(0.,0.10000000149011612)));
#10215=IFCINDEXEDPOLYCURVE(#10214,(IFCLINEINDEX((1,2,3,4,1))),$);
#10216=IFCARBITRARYCLOSEDPROFILEDEF(.AREA.,$,#10215);
#10217=IFCCARTESIANPOINT((0.05000000074505806,0.,0.));
#10218=IFCDIRECTION((0.,0.,1.));
#10219=IFCDIRECTION((1.,0.,0.));
#10220=IFCAXIS2PLACEMENT3D(#10217,#10218,#10219);
#10221=IFCDIRECTION((0.,0.,1.));
#10222=IFCEXTRUDEDAREASOLID(#10216,#10220,#10221,0.02500000037252903);
#10223=IFCCARTESIANPOINTLIST2D(((0.,0.),(0.,2.0250000022351742),(0.94999998062849045,2.0250000022351742),(0.94999998062849045,0.),(0.87499997764825821,0.),(0.87499997764825821,1.9499999992549419),(0.075000002980232239,1.9499999992549419),(0.075000002980232239,0.)));
#10224=IFCINDEXEDPOLYCURVE(#10223,(IFCLINEINDEX((1,2,3,4,5,6,7,8,1))),$);
#10225=IFCARBITRARYCLOSEDPROFILEDEF(.AREA.,$,#10224);
#10226=IFCCARTESIANPOINT((-0.025000002235174179,-0.004999999888241291,0.));
#10227=IFCDIRECTION((0.,-1.,0.));
#10228=IFCDIRECTION((1.,0.,0.));
#10229=IFCAXIS2PLACEMENT3D(#10226,#10227,#10228);
#10230=IFCDIRECTION((0.,0.,-1.));
#10231=IFCEXTRUDEDAREASOLID(#10225,#10229,#10230,0.004999999888241291);
#10232=IFCCARTESIANPOINTLIST2D(((0.,0.),(0.,2.0250000022351742),(0.94999998062849045,2.0250000022351742),(0.94999998062849045,0.),(0.89999997802078724,0.),(0.89999997802078724,1.974999999627471),(0.050000002607703209,1.974999999627471),(0.050000002607703209,0.)));
#10233=IFCINDEXEDPOLYCURVE(#10232,(IFCLINEINDEX((1,2,3,4,5,6,7,8,1))),$);
#10234=IFCARBITRARYCLOSEDPROFILEDEF(.AREA.,$,#10233);
#10235=IFCCARTESIANPOINT((-0.025000002235174179,0.05000000074505806,0.));
#10236=IFCDIRECTION((0.,-1.,0.));
#10237=IFCDIRECTION((1.,0.,0.));
#10238=IFCAXIS2PLACEMENT3D(#10235,#10236,#10237);
#10239=IFCDIRECTION((0.,0.,-1.));
#10240=IFCEXTRUDEDAREASOLID(#10234,#10238,#10239,0.004999999888241291);
#10241=IFCCARTESIANPOINTLIST2D(((0.,0.),(0.84999997541308403,0.),(0.84999997541308403,0.035000000149011612),(0.,0.035000000149011612)));
#10242=IFCINDEXEDPOLYCURVE(#10241,(IFCLINEINDEX((1,2,3,4,1))),$);
#10243=IFCARBITRARYCLOSEDPROFILEDEF(.AREA.,$,#10242);
#10244=IFCCARTESIANPOINT((0.02500000037252903,0.02500000037252903,0.02500000037252903));
#10245=IFCDIRECTION((0.,0.,1.));
#10246=IFCDIRECTION((1.,0.,0.));
#10247=IFCAXIS2PLACEMENT3D(#10244,#10245,#10246);
#10248=IFCDIRECTION((0.,0.,1.));
#10249=IFCEXTRUDEDAREASOLID(#10243,#10247,#10248,1.9499999992549419);
#10250=IFCCARTESIANPOINTLIST2D(((0.,0.),(0.,-0.040000000000000001),(0.12,-0.040000000000000001),(0.12,-0.02),(0.02,-0.02),(0.02,0.)));
#10251=IFCINDEXEDPOLYCURVE(#10250,(IFCLINEINDEX((1,2,3,4,5,6,1))),$);
#10252=IFCARBITRARYCLOSEDPROFILEDEF(.AREA.,$,#10251);
#10253=IFCCARTESIANPOINT((0.075000000372529033,0.02500000037252903,1.015000000372529));
#10254=IFCDIRECTION((0.,0.,1.));
#10255=IFCDIRECTION((1.,0.,0.));
#10256=IFCAXIS2PLACEMENT3D(#10253,#10254,#10255);
#10257=IFCDIRECTION((0.,0.,1.));
#10258=IFCEXTRUDEDAREASOLID(#10252,#10256,#10257,0.02);
#10259=IFCEXTRUDEDAREASOLID(#10260,#10263,#10267,0.02);
#10260=IFCARBITRARYCLOSEDPROFILEDEF(.AREA.,$,#10261);
#10261=IFCINDEXEDPOLYCURVE(#10262,(IFCLINEINDEX((1,2,3,4,5,6,1))),$);
#10262=IFCCARTESIANPOINTLIST2D(((0.,0.),(0.,0.040000000000000008),(0.11999999999999998,0.040000000000000008),(0.11999999999999998,0.020000000000000004),(0.020000000000000004,0.020000000000000004),(0.020000000000000004,0.)));
#10263=IFCAXIS2PLACEMENT3D(#10264,#10265,#10266);
#10264=IFCCARTESIANPOINT((0.075000000372529033,0.060000000521540642,1.015000000372529));
#10265=IFCDIRECTION((0.,0.,1.));
#10266=IFCDIRECTION((1.,0.,0.));
#10267=IFCDIRECTION((0.,0.,1.));
#10268=IFCSHAPEREPRESENTATION(#11,'Body','SweptSolid',(#10204,#10213,#10249,#10258,#10259,#10222,#10231,#10240));
#10269=IFCSHAPEREPRESENTATION(#11,'Body','SweptSolid',(#10204,#10213,#10222,#10231,#10240));
#10270=IFCSHAPEASPECT((#10269),'Lining',$,.T.,#7919);
#10271=IFCSHAPEREPRESENTATION(#11,'Body','SweptSolid',(#10249,#10258,#10259));
#10272=IFCSHAPEASPECT((#10271),'Framing',$,.T.,#7919);
#10273=IFCCARTESIANPOINTLIST2D(((0.,0.),(0.,0.05000000074505806),(0.02500000037252903,0.05000000074505806),(0.02500000037252903,0.02500000037252903),(0.05000000074505806,0.02500000037252903),(0.05000000074505806,0.)));
#10274=IFCINDEXEDPOLYCURVE(#10273,(IFCLINEINDEX((1,2,3,4,5,6,1))),$);
#10275=IFCINDEXEDPOLYCURVE(#10276,(IFCLINEINDEX((1,2,3,4,5,6,1))),$);
#10276=IFCCARTESIANPOINTLIST2D(((0.89999997615814209,0.),(0.89999997615814209,0.05000000074505806),(0.87499997578561306,0.05000000074505806),(0.87499997578561306,0.02500000037252903),(0.84999997541308403,0.02500000037252903),(0.84999997541308403,0.)));
#10277=IFCDIRECTION((1.,0.));
#10278=IFCCARTESIANPOINT((0.83999997563660145,0.05000000074505806));
#10279=IFCAXIS2PLACEMENT2D(#10278,#10277);
#10280=IFCELLIPSE(#10279,0.81499997526407242,0.84999997541308403);
#10281=IFCCARTESIANPOINT((0.83999997563660145,0.89999997615814209));
#10282=IFCCARTESIANPOINT((0.02500000037252903,0.05000000074505806));
#10283=IFCTRIMMEDCURVE(#10280,(#10281),(#10282),.T.,.CARTESIAN.);
#10284=IFCCARTESIANPOINTLIST2D(((0.87499997578561306,0.05000000074505806),(0.83999997563660145,0.05000000074505806),(0.83999997563660145,0.89999997615814209),(0.87499997578561306,0.89999997615814209)));
#10285=IFCINDEXEDPOLYCURVE(#10284,(IFCLINEINDEX((1,2,3,4,1))),$);
#10286=IFCSHAPEREPRESENTATION(#24,'Body','Curve2D',(#10274,#10275,#10283,#10285));
#10287=IFCCARTESIANPOINTLIST2D(((0.,0.),(0.89999997615814209,0.),(0.89999997615814209,2.),(0.,2.)));
#10288=IFCINDEXEDPOLYCURVE(#10287,(IFCLINEINDEX((1,2,3,4,1))),$);
#10289=IFCARBITRARYCLOSEDPROFILEDEF(.AREA.,$,#10288);
#10290=IFCCARTESIANPOINT((0.,-0.60000002384185791,0.));
#10291=IFCDIRECTION((0.,-1.,0.));
#10292=IFCDIRECTION((1.,0.,0.));
#10293=IFCAXIS2PLACEMENT3D(#10290,#10291,#10292);
#10294=IFCDIRECTION((0.,0.,-1.));
#10295=IFCEXTRUDEDAREASOLID(#10289,#10293,#10294,1.2);
#10296=IFCSHAPEREPRESENTATION(#11,'Body','SweptSolid',(#10295));
#10302=IFCCARTESIANPOINT((5.1125339260899443,0.10000000646016161,0.));
#10303=IFCDIRECTION((0.,0.,1.));
#10304=IFCDIRECTION((-0.99999999999994704,3.2596035340944768E-07,0.));
#10305=IFCAXIS2PLACEMENT3D(#10302,#10303,#10304);
#10306=IFCLOCALPLACEMENT(#9998,#10305);
#10307=IFCCARTESIANPOINT((-4.4408920985006262E-16,2.7755575615628914E-17,0.));
#10308=IFCDIRECTION((0.,0.,1.));
#10309=IFCDIRECTION((1.,-8.6736173798840355E-19,0.));
#10310=IFCAXIS2PLACEMENT3D(#10307,#10308,#10309);
#10311=IFCLOCALPLACEMENT(#10306,#10310);
#10312=IFCCARTESIANPOINTLIST3D(((0.,0.,0.),(0.75890791416168213,0.,0.),(0.75890791416168213,0.,2.),(0.,0.,2.)));
#10313=IFCINDEXEDPOLYCURVE(#10312,(IFCLINEINDEX((1,2,3,4,1))),$);
#10314=IFCSHAPEREPRESENTATION(#18,'Profile','Curve3D',(#10313));
#10315=IFCCARTESIANPOINTLIST2D(((0.,0.),(0.,2.),(0.75890791416168213,2.),(0.75890791416168213,0.),(0.7339079137891531,0.),(0.7339079137891531,1.974999999627471),(0.02500000037252903,1.974999999627471),(0.02500000037252903,0.)));
#10316=IFCINDEXEDPOLYCURVE(#10315,(IFCLINEINDEX((1,2,3,4,5,6,7,8,1))),$);
#10317=IFCARBITRARYCLOSEDPROFILEDEF(.AREA.,$,#10316);
#10318=IFCCARTESIANPOINT((0.,0.02500000037252903,0.));
#10319=IFCDIRECTION((0.,-1.,0.));
#10320=IFCDIRECTION((1.,0.,0.));
#10321=IFCAXIS2PLACEMENT3D(#10318,#10319,#10320);
#10322=IFCDIRECTION((0.,0.,-1.));
#10323=IFCEXTRUDEDAREASOLID(#10317,#10321,#10322,0.02500000037252903);
#10324=IFCCARTESIANPOINTLIST2D(((0.,0.),(0.,2.),(0.75890791416168213,2.),(0.75890791416168213,0.),(0.70890791341662407,0.),(0.70890791341662407,1.9499999992549419),(0.05000000074505806,1.9499999992549419),(0.05000000074505806,0.)));
#10325=IFCINDEXEDPOLYCURVE(#10324,(IFCLINEINDEX((1,2,3,4,5,6,7,8,1))),$);
#10326=IFCARBITRARYCLOSEDPROFILEDEF(.AREA.,$,#10325);
#10327=IFCCARTESIANPOINT((0.,0.,0.));
#10328=IFCDIRECTION((0.,-1.,0.));
#10329=IFCDIRECTION((1.,0.,0.));
#10330=IFCAXIS2PLACEMENT3D(#10327,#10328,#10329);
#10331=IFCDIRECTION((0.,0.,-1.));
#10332=IFCEXTRUDEDAREASOLID(#10326,#10330,#10331,0.02500000037252903);
#10333=IFCCARTESIANPOINTLIST2D(((0.,0.),(0.65890791267156601,0.),(0.65890791267156601,0.10000000149011612),(0.,0.10000000149011612)));
#10334=IFCINDEXEDPOLYCURVE(#10333,(IFCLINEINDEX((1,2,3,4,1))),$);
#10335=IFCARBITRARYCLOSEDPROFILEDEF(.AREA.,$,#10334);
#10336=IFCCARTESIANPOINT((0.05000000074505806,0.,0.));
#10337=IFCDIRECTION((0.,0.,1.));
#10338=IFCDIRECTION((1.,0.,0.));
#10339=IFCAXIS2PLACEMENT3D(#10336,#10337,#10338);
#10340=IFCDIRECTION((0.,0.,1.));
#10341=IFCEXTRUDEDAREASOLID(#10335,#10339,#10340,0.02500000037252903);
#10342=IFCCARTESIANPOINTLIST2D(((0.,0.),(0.,2.0250000022351742),(0.80890791863203049,2.0250000022351742),(0.80890791863203049,0.),(0.73390791565179825,0.),(0.73390791565179825,1.9499999992549419),(0.075000002980232239,1.9499999992549419),(0.075000002980232239,0.)));
#10343=IFCINDEXEDPOLYCURVE(#10342,(IFCLINEINDEX((1,2,3,4,5,6,7,8,1))),$);
#10344=IFCARBITRARYCLOSEDPROFILEDEF(.AREA.,$,#10343);
#10345=IFCCARTESIANPOINT((-0.025000002235174179,-0.004999999888241291,0.));
#10346=IFCDIRECTION((0.,-1.,0.));
#10347=IFCDIRECTION((1.,0.,0.));
#10348=IFCAXIS2PLACEMENT3D(#10345,#10346,#10347);
#10349=IFCDIRECTION((0.,0.,-1.));
#10350=IFCEXTRUDEDAREASOLID(#10344,#10348,#10349,0.004999999888241291);
#10351=IFCCARTESIANPOINTLIST2D(((0.,0.),(0.,2.0250000022351742),(0.80890791863203049,2.0250000022351742),(0.80890791863203049,0.),(0.75890791602432728,0.),(0.75890791602432728,1.974999999627471),(0.050000002607703209,1.974999999627471),(0.050000002607703209,0.)));
#10352=IFCINDEXEDPOLYCURVE(#10351,(IFCLINEINDEX((1,2,3,4,5,6,7,8,1))),$);
#10353=IFCARBITRARYCLOSEDPROFILEDEF(.AREA.,$,#10352);
#10354=IFCCARTESIANPOINT((-0.025000002235174179,0.05000000074505806,0.));
#10355=IFCDIRECTION((0.,-1.,0.));
#10356=IFCDIRECTION((1.,0.,0.));
#10357=IFCAXIS2PLACEMENT3D(#10354,#10355,#10356);
#10358=IFCDIRECTION((0.,0.,-1.));
#10359=IFCEXTRUDEDAREASOLID(#10353,#10357,#10358,0.004999999888241291);
#10360=IFCCARTESIANPOINTLIST2D(((0.,0.),(0.70890791341662407,0.),(0.70890791341662407,0.035000000149011612),(0.,0.035000000149011612)));
#10361=IFCINDEXEDPOLYCURVE(#10360,(IFCLINEINDEX((1,2,3,4,1))),$);
#10362=IFCARBITRARYCLOSEDPROFILEDEF(.AREA.,$,#10361);
#10363=IFCCARTESIANPOINT((0.02500000037252903,0.02500000037252903,0.02500000037252903));
#10364=IFCDIRECTION((0.,0.,1.));
#10365=IFCDIRECTION((1.,0.,0.));
#10366=IFCAXIS2PLACEMENT3D(#10363,#10364,#10365);
#10367=IFCDIRECTION((0.,0.,1.));
#10368=IFCEXTRUDEDAREASOLID(#10362,#10366,#10367,1.9499999992549419);
#10369=IFCCARTESIANPOINTLIST2D(((0.,0.),(0.,-0.040000000000000001),(0.12,-0.040000000000000001),(0.12,-0.02),(0.02,-0.02),(0.02,0.)));
#10370=IFCINDEXEDPOLYCURVE(#10369,(IFCLINEINDEX((1,2,3,4,5,6,1))),$);
#10371=IFCARBITRARYCLOSEDPROFILEDEF(.AREA.,$,#10370);
#10372=IFCCARTESIANPOINT((0.075000000372529033,0.02500000037252903,1.015000000372529));
#10373=IFCDIRECTION((0.,0.,1.));
#10374=IFCDIRECTION((1.,0.,0.));
#10375=IFCAXIS2PLACEMENT3D(#10372,#10373,#10374);
#10376=IFCDIRECTION((0.,0.,1.));
#10377=IFCEXTRUDEDAREASOLID(#10371,#10375,#10376,0.02);
#10378=IFCEXTRUDEDAREASOLID(#10379,#10382,#10386,0.02);
#10379=IFCARBITRARYCLOSEDPROFILEDEF(.AREA.,$,#10380);
#10380=IFCINDEXEDPOLYCURVE(#10381,(IFCLINEINDEX((1,2,3,4,5,6,1))),$);
#10381=IFCCARTESIANPOINTLIST2D(((0.,0.),(0.,0.040000000000000008),(0.11999999999999998,0.040000000000000008),(0.11999999999999998,0.020000000000000004),(0.020000000000000004,0.020000000000000004),(0.020000000000000004,0.)));
#10382=IFCAXIS2PLACEMENT3D(#10383,#10384,#10385);
#10383=IFCCARTESIANPOINT((0.075000000372529033,0.060000000521540642,1.015000000372529));
#10384=IFCDIRECTION((0.,0.,1.));
#10385=IFCDIRECTION((1.,0.,0.));
#10386=IFCDIRECTION((0.,0.,1.));
#10387=IFCSHAPEREPRESENTATION(#11,'Body','SweptSolid',(#10323,#10332,#10368,#10377,#10378,#10341,#10350,#10359));
#10388=IFCCARTESIANPOINTLIST2D(((0.,0.),(0.,0.05000000074505806),(0.02500000037252903,0.05000000074505806),(0.02500000037252903,0.02500000037252903),(0.05000000074505806,0.02500000037252903),(0.05000000074505806,0.)));
#10389=IFCINDEXEDPOLYCURVE(#10388,(IFCLINEINDEX((1,2,3,4,5,6,1))),$);
#10390=IFCINDEXEDPOLYCURVE(#10391,(IFCLINEINDEX((1,2,3,4,5,6,1))),$);
#10391=IFCCARTESIANPOINTLIST2D(((0.75890791416168213,0.),(0.75890791416168213,0.05000000074505806),(0.7339079137891531,0.05000000074505806),(0.7339079137891531,0.02500000037252903),(0.70890791341662407,0.02500000037252903),(0.70890791341662407,0.)));
#10392=IFCDIRECTION((1.,0.));
#10393=IFCCARTESIANPOINT((0.69890791364014149,0.05000000074505806));
#10394=IFCAXIS2PLACEMENT2D(#10393,#10392);
#10395=IFCELLIPSE(#10394,0.67390791326761246,0.70890791341662407);
#10396=IFCCARTESIANPOINT((0.69890791364014149,0.75890791416168213));
#10397=IFCCARTESIANPOINT((0.02500000037252903,0.05000000074505806));
#10398=IFCTRIMMEDCURVE(#10395,(#10396),(#10397),.T.,.CARTESIAN.);
#10399=IFCCARTESIANPOINTLIST2D(((0.7339079137891531,0.05000000074505806),(0.69890791364014149,0.05000000074505806),(0.69890791364014149,0.75890791416168213),(0.7339079137891531,0.75890791416168213)));
#10400=IFCINDEXEDPOLYCURVE(#10399,(IFCLINEINDEX((1,2,3,4,1))),$);
#10401=IFCSHAPEREPRESENTATION(#24,'Body','Curve2D',(#10389,#10390,#10398,#10400));
#10402=IFCCARTESIANPOINTLIST2D(((0.,0.),(0.75890791416168213,0.),(0.75890791416168213,2.),(0.,2.)));
#10403=IFCINDEXEDPOLYCURVE(#10402,(IFCLINEINDEX((1,2,3,4,1))),$);
#10404=IFCARBITRARYCLOSEDPROFILEDEF(.AREA.,$,#10403);
#10405=IFCCARTESIANPOINT((0.,-0.60000002384185791,0.));
#10406=IFCDIRECTION((0.,-1.,0.));
#10407=IFCDIRECTION((1.,0.,0.));
#10408=IFCAXIS2PLACEMENT3D(#10405,#10406,#10407);
#10409=IFCDIRECTION((0.,0.,-1.));
#10410=IFCEXTRUDEDAREASOLID(#10404,#10408,#10409,1.2);
#10411=IFCSHAPEREPRESENTATION(#11,'Body','SweptSolid',(#10410));
#10417=IFCCARTESIANPOINT((2.9191867113114514,5.1288937630289411E-07,0.));
#10418=IFCDIRECTION((0.,0.,1.));
#10419=IFCDIRECTION((1.,0.,0.));
#10420=IFCAXIS2PLACEMENT3D(#10417,#10418,#10419);
#10421=IFCLOCALPLACEMENT(#10008,#10420);
#10422=IFCCARTESIANPOINT((-8.8817841970012523E-16,0.,0.));
#10423=IFCDIRECTION((0.,0.,1.));
#10424=IFCDIRECTION((1.,0.,0.));
#10425=IFCAXIS2PLACEMENT3D(#10422,#10423,#10424);
#10426=IFCLOCALPLACEMENT(#10421,#10425);
#10432=IFCCARTESIANPOINTLIST3D(((0.,0.,0.),(0.89999997615814209,0.,0.),(0.89999997615814209,0.,2.),(0.,0.,2.)));
#10433=IFCINDEXEDPOLYCURVE(#10432,(IFCLINEINDEX((1,2,3,4,1))),$);
#10434=IFCSHAPEREPRESENTATION(#18,'Profile','Curve3D',(#10433));
#10435=IFCCARTESIANPOINTLIST2D(((0.,0.),(0.,2.),(0.89999997615814209,2.),(0.89999997615814209,0.),(0.87499997578561306,0.),(0.87499997578561306,1.974999999627471),(0.02500000037252903,1.974999999627471),(0.02500000037252903,0.)));
#10436=IFCINDEXEDPOLYCURVE(#10435,(IFCLINEINDEX((1,2,3,4,5,6,7,8,1))),$);
#10437=IFCARBITRARYCLOSEDPROFILEDEF(.AREA.,$,#10436);
#10438=IFCCARTESIANPOINT((0.,0.02500000037252903,0.));
#10439=IFCDIRECTION((0.,-1.,0.));
#10440=IFCDIRECTION((1.,0.,0.));
#10441=IFCAXIS2PLACEMENT3D(#10438,#10439,#10440);
#10442=IFCDIRECTION((0.,0.,-1.));
#10443=IFCEXTRUDEDAREASOLID(#10437,#10441,#10442,0.02500000037252903);
#10444=IFCCARTESIANPOINTLIST2D(((0.,0.),(0.,2.),(0.89999997615814209,2.),(0.89999997615814209,0.),(0.84999997541308403,0.),(0.84999997541308403,1.9499999992549419),(0.05000000074505806,1.9499999992549419),(0.05000000074505806,0.)));
#10445=IFCINDEXEDPOLYCURVE(#10444,(IFCLINEINDEX((1,2,3,4,5,6,7,8,1))),$);
#10446=IFCARBITRARYCLOSEDPROFILEDEF(.AREA.,$,#10445);
#10447=IFCCARTESIANPOINT((0.,0.,0.));
#10448=IFCDIRECTION((0.,-1.,0.));
#10449=IFCDIRECTION((1.,0.,0.));
#10450=IFCAXIS2PLACEMENT3D(#10447,#10448,#10449);
#10451=IFCDIRECTION((0.,0.,-1.));
#10452=IFCEXTRUDEDAREASOLID(#10446,#10450,#10451,0.02500000037252903);
#10453=IFCCARTESIANPOINTLIST2D(((0.,0.),(0.79999997466802597,0.),(0.79999997466802597,0.10000000149011612),(0.,0.10000000149011612)));
#10454=IFCINDEXEDPOLYCURVE(#10453,(IFCLINEINDEX((1,2,3,4,1))),$);
#10455=IFCARBITRARYCLOSEDPROFILEDEF(.AREA.,$,#10454);
#10456=IFCCARTESIANPOINT((0.05000000074505806,0.,0.));
#10457=IFCDIRECTION((0.,0.,1.));
#10458=IFCDIRECTION((1.,0.,0.));
#10459=IFCAXIS2PLACEMENT3D(#10456,#10457,#10458);
#10460=IFCDIRECTION((0.,0.,1.));
#10461=IFCEXTRUDEDAREASOLID(#10455,#10459,#10460,0.02500000037252903);
#10462=IFCCARTESIANPOINTLIST2D(((0.,0.),(0.,2.0250000022351742),(0.94999998062849045,2.0250000022351742),(0.94999998062849045,0.),(0.87499997764825821,0.),(0.87499997764825821,1.9499999992549419),(0.075000002980232239,1.9499999992549419),(0.075000002980232239,0.)));
#10463=IFCINDEXEDPOLYCURVE(#10462,(IFCLINEINDEX((1,2,3,4,5,6,7,8,1))),$);
#10464=IFCARBITRARYCLOSEDPROFILEDEF(.AREA.,$,#10463);
#10465=IFCCARTESIANPOINT((-0.025000002235174179,-0.004999999888241291,0.));
#10466=IFCDIRECTION((0.,-1.,0.));
#10467=IFCDIRECTION((1.,0.,0.));
#10468=IFCAXIS2PLACEMENT3D(#10465,#10466,#10467);
#10469=IFCDIRECTION((0.,0.,-1.));
#10470=IFCEXTRUDEDAREASOLID(#10464,#10468,#10469,0.004999999888241291);
#10471=IFCCARTESIANPOINTLIST2D(((0.,0.),(0.,2.0250000022351742),(0.94999998062849045,2.0250000022351742),(0.94999998062849045,0.),(0.89999997802078724,0.),(0.89999997802078724,1.974999999627471),(0.050000002607703209,1.974999999627471),(0.050000002607703209,0.)));
#10472=IFCINDEXEDPOLYCURVE(#10471,(IFCLINEINDEX((1,2,3,4,5,6,7,8,1))),$);
#10473=IFCARBITRARYCLOSEDPROFILEDEF(.AREA.,$,#10472);
#10474=IFCCARTESIANPOINT((-0.025000002235174179,0.05000000074505806,0.));
#10475=IFCDIRECTION((0.,-1.,0.));
#10476=IFCDIRECTION((1.,0.,0.));
#10477=IFCAXIS2PLACEMENT3D(#10474,#10475,#10476);
#10478=IFCDIRECTION((0.,0.,-1.));
#10479=IFCEXTRUDEDAREASOLID(#10473,#10477,#10478,0.004999999888241291);
#10480=IFCCARTESIANPOINTLIST2D(((0.,0.),(0.84999997541308403,0.),(0.84999997541308403,0.035000000149011612),(0.,0.035000000149011612)));
#10481=IFCINDEXEDPOLYCURVE(#10480,(IFCLINEINDEX((1,2,3,4,1))),$);
#10482=IFCARBITRARYCLOSEDPROFILEDEF(.AREA.,$,#10481);
#10483=IFCCARTESIANPOINT((0.02500000037252903,0.02500000037252903,0.02500000037252903));
#10484=IFCDIRECTION((0.,0.,1.));
#10485=IFCDIRECTION((1.,0.,0.));
#10486=IFCAXIS2PLACEMENT3D(#10483,#10484,#10485);
#10487=IFCDIRECTION((0.,0.,1.));
#10488=IFCEXTRUDEDAREASOLID(#10482,#10486,#10487,1.9499999992549419);
#10489=IFCCARTESIANPOINTLIST2D(((0.,0.),(0.,-0.040000000000000001),(-0.11999999999999988,-0.040000000000000001),(-0.11999999999999988,-0.02),(-0.020000000000000018,-0.02),(-0.020000000000000018,0.)));
#10490=IFCINDEXEDPOLYCURVE(#10489,(IFCLINEINDEX((1,2,3,4,5,6,1))),$);
#10491=IFCARBITRARYCLOSEDPROFILEDEF(.AREA.,$,#10490);
#10492=IFCCARTESIANPOINT((0.82499997578561302,0.02500000037252903,1.015000000372529));
#10493=IFCDIRECTION((0.,0.,1.));
#10494=IFCDIRECTION((1.,0.,0.));
#10495=IFCAXIS2PLACEMENT3D(#10492,#10493,#10494);
#10496=IFCDIRECTION((0.,0.,1.));
#10497=IFCEXTRUDEDAREASOLID(#10491,#10495,#10496,0.02);
#10498=IFCEXTRUDEDAREASOLID(#10499,#10502,#10506,0.02);
#10499=IFCARBITRARYCLOSEDPROFILEDEF(.AREA.,$,#10500);
#10500=IFCINDEXEDPOLYCURVE(#10501,(IFCLINEINDEX((1,2,3,4,5,6,1))),$);
#10501=IFCCARTESIANPOINTLIST2D(((0.,0.),(0.,0.040000000000000008),(-0.11999999999999988,0.040000000000000008),(-0.11999999999999988,0.020000000000000004),(-0.020000000000000018,0.020000000000000004),(-0.020000000000000018,0.)));
#10502=IFCAXIS2PLACEMENT3D(#10503,#10504,#10505);
#10503=IFCCARTESIANPOINT((0.82499997578561302,0.060000000521540642,1.015000000372529));
#10504=IFCDIRECTION((0.,0.,1.));
#10505=IFCDIRECTION((1.,0.,0.));
#10506=IFCDIRECTION((0.,0.,1.));
#10507=IFCSHAPEREPRESENTATION(#11,'Body','SweptSolid',(#10443,#10452,#10488,#10497,#10498,#10461,#10470,#10479));
#10508=IFCCARTESIANPOINTLIST2D(((0.,0.),(0.,0.05000000074505806),(0.02500000037252903,0.05000000074505806),(0.02500000037252903,0.02500000037252903),(0.05000000074505806,0.02500000037252903),(0.05000000074505806,0.)));
#10509=IFCINDEXEDPOLYCURVE(#10508,(IFCLINEINDEX((1,2,3,4,5,6,1))),$);
#10510=IFCINDEXEDPOLYCURVE(#10511,(IFCLINEINDEX((1,2,3,4,5,6,1))),$);
#10511=IFCCARTESIANPOINTLIST2D(((0.89999997615814209,0.),(0.89999997615814209,0.05000000074505806),(0.87499997578561306,0.05000000074505806),(0.87499997578561306,0.02500000037252903),(0.84999997541308403,0.02500000037252903),(0.84999997541308403,0.)));
#10512=IFCDIRECTION((1.,0.));
#10513=IFCCARTESIANPOINT((0.060000000521540642,0.05000000074505806));
#10514=IFCAXIS2PLACEMENT2D(#10513,#10512);
#10515=IFCELLIPSE(#10514,0.81499997526407242,0.84999997541308403);
#10516=IFCCARTESIANPOINT((0.87499997578561306,0.05000000074505806));
#10517=IFCCARTESIANPOINT((0.060000000521540642,0.89999997615814209));
#10518=IFCTRIMMEDCURVE(#10515,(#10516),(#10517),.T.,.CARTESIAN.);
#10519=IFCCARTESIANPOINTLIST2D(((0.02500000037252903,0.05000000074505806),(0.060000000521540642,0.05000000074505806),(0.060000000521540642,0.89999997615814209),(0.02500000037252903,0.89999997615814209)));
#10520=IFCINDEXEDPOLYCURVE(#10519,(IFCLINEINDEX((1,2,3,4,1))),$);
#10521=IFCSHAPEREPRESENTATION(#24,'Body','Curve2D',(#10509,#10510,#10518,#10520));
#10522=IFCCARTESIANPOINTLIST2D(((0.,0.),(0.89999997615814209,0.),(0.89999997615814209,2.),(0.,2.)));
#10523=IFCINDEXEDPOLYCURVE(#10522,(IFCLINEINDEX((1,2,3,4,1))),$);
#10524=IFCARBITRARYCLOSEDPROFILEDEF(.AREA.,$,#10523);
#10525=IFCCARTESIANPOINT((0.,-0.60000002384185791,0.));
#10526=IFCDIRECTION((0.,-1.,0.));
#10527=IFCDIRECTION((1.,0.,0.));
#10528=IFCAXIS2PLACEMENT3D(#10525,#10526,#10527);
#10529=IFCDIRECTION((0.,0.,-1.));
#10530=IFCEXTRUDEDAREASOLID(#10524,#10528,#10529,1.2);
#10531=IFCSHAPEREPRESENTATION(#11,'Body','SweptSolid',(#10530));
#10537=IFCCARTESIANPOINT((0.22519722236172696,0.015000343322753906,0.));
#10538=IFCDIRECTION((0.,0.,1.));
#10539=IFCDIRECTION((0.9999999999997442,-7.1525573730450454E-07,0.));
#10540=IFCAXIS2PLACEMENT3D(#10537,#10538,#10539);
#10541=IFCLOCALPLACEMENT(#9983,#10540);
#10542=IFCCARTESIANPOINT((5.5511151231257827E-17,4.4408920985006262E-16,0.));
#10543=IFCDIRECTION((0.,0.,1.));
#10544=IFCDIRECTION((1.,-1.0587911840678754E-22,0.));
#10545=IFCAXIS2PLACEMENT3D(#10542,#10543,#10544);
#10546=IFCLOCALPLACEMENT(#10541,#10545);
ENDSEC;
END-ISO-10303-21;
